"","UnknownServerException","IDownloadAudioWatermarkingLocal","AudioFile","AudioFileInfo","DownloadBean","IDownloadCacheLocal","DbManager","IDownloadReEncoderLocal","IDownloadAudioWatermarking","IFacadeLocal","TagWatermarkingImpl","IDownloadMediaAccessLocal","IPackagingLocal","IDownloadAudioWatermarkingRemote","ICacheMaintenanceLocal","IUserManagementLocal","IDownloadTagWatermarkingLocal","WavFileException","IDownloadCache","IDownloadReEncoder","IMediaAccessLocal","IUserDBAdapterLocal","FileContentLocal","IMediaAccessMaintenanceLocal","IMediaManagementLocal","IDownloadCacheRemote","FailedDownloadException","IDownloadReEncoderRemote","IDownload","IDownloadMediaAccess","FSUtil","IDownloadMediaAccessRemote","IPackaging","IDownloadTagWatermarking","IDownloadTagWatermarkingRemote","AudioWatermarkingImpl","FileContent","FileContentRemote","PackagingImpl","ReEncoderImpl","IMediaManagement","CacheImpl","UploadBean","CacheSingleton","MediaAccessImpl","MediaManagementImpl","Audio","WavFile","EJB","IMediaAccess","SessionUtil","CurrentUser","IPackagingRemote","IFacadeRemote","JNDIUtil","UserAlreadyExistsException","RegisterBean","User","IdAndBitrate","BadLoginDataException","GlobalConstantsContainer","SessionBean","ICacheMaintenanceRemote","UserManagementImpl","ConversionException","IUserDBAdapter","IBusinessInterface","Main","DbException","IMediaAccessMaintenance","BaseEJB","MessageUtil","Config","RequiredInterface","ProvidedInterface","PropertiesException","UserDBAdapterImpl","LoginBean","FailedUploadException","SecurityUtil","MainFilter","IMediaManagementRemote","IFacade","IUserDBAdapterRemote","IMediaAccessRemote","UserRegData","FacadeImpl","LameUtil","PropertiesUtil","IUserManagement","InterfaceDetails","WebBeanManager","IUserManagementRemote","AppException","ICacheMaintenance","IMediaAccessMaintenanceRemote"
"9","0.18042153922211324","0.17289577479583843","0.16485911292985728","0.14745846634084137","0.14327696680325028","0.13709294821118742","0.13696035313257715","0.13372133432340547","0.10419693771540775","0.09738530596589295","0.09556482528503409","0.08991583424642093","0.08889777786903225","0.08598558075596228","0.07115422531084588","0.06798505602390846","0.06789196285688419","0.06651834873863108","0.060976768776759976","0.05887316551400484","0.05868596151348901","0.05494829169013107","0.0546008026520679","0.05152959602011211","0.050906874180682495","0.050127566274736406","0.04937077062963852","0.04893912948262007","0.04098111870928049","0.03588762584465715","0.03483224505119689","0.03323264927066373","0.026513447386777193","0.02627953511509947","0.025181617247386944","0.021629367476677278","0.018517535009137352","0.015464859899654668","0.015269385800897577","0.012079221378176358","0.01145200590221196","0.009773978264004482","0.009018866413243756","0.006352390425132521","0.006337715378482174","0.005629534010289551","0.004149708941895617","0.002514818599188241","0.0","0.0","0.0","0.0","0.0","0.0","0.0","0.0","0.0","0.0","0.0","0.0","0.0","0.0","0.0","0.0","0.0","0.0","0.0","0.0","0.0","0.0","0.0","0.0","0.0","0.0","0.0","0.0","0.0","0.0","0.0","0.0","0.0","0.0","0.0","0.0","0.0","0.0","0.0","0.0","0.0","0.0","0.0","0.0","0.0","0.0","0.0","0.0"
"27","0.0","0.05122388490470036","0.15597854968044214","0.13951523400306487","0.07417519627761329","0.0","0.13186902793764638","0.0","0.06092253570981028","0.0","0.07453316552944023","0.8548852244099464","0.0","0.05027460239226654","0.0","0.0","0.0","0.0461136932211216","0.0","0.0","0.8894203930028598","0.0","0.0098120468977127","0.7809614490673775","0.04846449097393606","0.0","0.0","0.0","0.0239611040663523","0.9155804330266502","0.02610907847195827","0.8478455371097502","0.01838038679872006","0.0","0.0","0.023288789562126634","0.012837238819291717","0.010720978777185695","0.010585466805020267","0.01674778522154582","0.04104655415130751","0.013551576182000364","0.0033818142952068172","0.008807560284948222","0.41173294350563944","0.4412223064647264","0.00575355247784095","0.001743392245730661","0.0","0.4682176763294258","0.0","0.0","0.0","0.0","0.0","0.0","0.0","0.0","0.0","0.09028981462891252","0.0","0.0","0.0","0.02470153190865001","0.0","0.08664714850478518","0.0","0.0","0.0","0.4746063278588941","0.0","0.0","0.0","0.0","0.0","0.0","0.06840791836958944","0.0","0.0","0.0","0.0","0.04813869478227967","0.0","0.0","0.8815006607259637","0.02926275748596163","0.027527866567215304","0.0","0.0","0.04208902612581187","0.0","0.0","0.0","0.0","0.0","0.7755836444304408"
"1","0.16334286218042995","0.0","0.0","0.0","0.01714205668583663","0.0","0.02315769212308924","0.0","0.0","0.14258191388137012","0.0","0.03506513480433837","0.0","0.0","0.0","0.051965744656127154","0.0","0.0","0.0","0.0","0.03648167623893493","0.0","0.0","0.03203297671619042","0.0705575594240594","0.0","0.0","0.0","0.0","0.03755469201196368","0.0","0.034776385417738385","0.0","0.0","0.0","0.0","0.0","0.0","0.0","0.0","0.03664169096784682","0.0","0.023714438492699563","0.0","0.027128976812236867","0.036024369400328535","0.004485726531180573","0.0","0.0","0.022128191238326055","0.09179640913765241","0.010714029892322273","0.0","0.1391653817530354","0.0","0.0","0.0","0.0","0.0","0.0","0.0","0.07306493008555877","0.0","0.037706097555539525","0.0","0.010337859872364533","0.0","0.10666352212509186","0.0","0.028663611107037988","0.0","0.0","0.0","0.0","0.0","0.0","0.021484619377392582","0.02774369762630555","0.0","0.0","0.031946123119434386","0.07008324547396984","0.027809138985370064","0.0","0.03615682973091941","0.0","0.07765156385205763","0.0","0.0","0.024591321136550215","0.0","0.061247205577834446","0.05134757672768783","0.0","0.0","0.03181239336867059"
"25","0.0","0.08197884870465313","0.13183844591997576","0.1179230841087385","0.08903232690806548","0.0","0.14584587561562426","0.0","0.09750059658595077","0.0","0.14530956987525467","0.06258247012296787","0.0","0.08045961431605557","0.0","0.0","0.0","0.03690024181902911","0.0","0.0","0.06511064126798846","0.0","0.007851613652567181","0.05717082850178246","0.0","0.0","0.0","0.0","0.038347417981014896","0.06702570527477895","0.024032038014997884","0.06206712489584263","0.3974164339317087","0.0","0.0","0.0503832935156983","0.010272376459830439","0.008578942213928558","0.22887649292813472","0.06410460093991983","0.34901608736565914","0.05187064270065157","0.002706132529480922","0.014095644119929435","0.31533593094114504","0.24525262262552866","0.014705166373305642","0.0013950649136776493","0.0","0.39394200245873523","0.021890265459527266","0.01312982157148579","0.0","0.0","0.042154092445131845","0.0","0.0","0.0","0.0","0.0","0.0","0.052987087458324846","0.0","0.010834964157779972","0.0","0.012668833008617703","0.0","0.0","0.0","0.04426999960259081","0.0","0.0","0.0","0.0","0.0","0.0","0.010002042874424405","0.0","0.0","0.0","0.0","0.0","0.19122691971909145","0.0","0.06453087173349585","0.0","0.15163206697275133","0.0","0.0","0.0","0.0","0.0","0.0","0.0","0.0","0.05677714255610414"
"35","0.0","0.0","0.011175037549562894","0.009995528115336709","0.013360754246976218","0.0","0.020575790470391056","0.0","0.0","0.0","0.013815538680522462","0.0","0.0","0.0","0.0","0.0","0.0","0.042005851710218665","0.0","0.0","0.0","0.0","0.008937982585403638","0.0","0.0","0.0","0.0","0.0","0.0","0.0","0.02020935434723826","0.0","0.016743048502778687","0.0","0.0","0.006103368218066285","0.011693688198559662","0.009765946148433657","0.009642505681836352","0.0","0.0","0.0","0.0030805598049754306","0.0","0.044427941681617976","0.0","0.006257766396235544","0.0015880895896961955","0.0","0.0","0.02491905742243771","0.014946496573609","0.0","0.0","0.0","0.0","0.0","0.0","0.0","0.16449346384201768","0.0","0.060318513608845055","0.0","0.05733631970812007","0.0","0.172278838795972","0.0","0.0","0.0","0.07986186044360225","0.06674196277126815","0.0","0.0","0.0","0.0","0.0","0.13601413254253436","0.0","0.0","0.0","0.0","0.0","0.0","0.0","0.0","0.05331201930381832","0.036983533592265354","0.0","0.0","0.076679409805267","0.0","0.0","0.0","0.0","0.0","0.0"
"24","0.0","0.05429413272702824","0.2868788018998402","0.256599149431594","0.0987244222058646","0.0","0.2135935686978125","0.0","0.06457409948600043","0.0","0.103115763999091","0.0","0.0","0.053287952293400116","0.0","0.0","0.0","0.048877647311192055","0.0","0.0","0.0","0.0","0.010400159565784018","0.0","0.0","0.0","0.0","0.0","0.025397280328991436","0.0","0.027673999630723447","0.0","0.019482067052908204","0.0","0.0","0.024684668761269735","0.013606674886137492","0.011363570837610566","0.011219936573701466","0.017751610901713","0.01682985570472913","0.014363828070729697","0.028170139652883803","0.009335466218580413","0.04072227099879966","0.008273157199450827","0.047169144563378826","0.0018478873705318395","0.0","0.0","0.02899560062306645","0.017391614699365378","0.0","0.0","0.0","0.0","0.0","0.0","0.0","0.09570158898492918","0.0","0.07018610299458011","0.0","0.04053396005368952","0.0","0.10862158381503827","0.0","0.0","0.0","0.056458410262698704","0.0","0.0","0.0","0.0","0.0","0.0","0.08575673368390527","0.0","0.0","0.0","0.0","0.0","0.0","0.0","0.0","0.031016703279290916","0.02614554057366302","0.0","0.0","0.04461175045738278","0.0","0.0","0.0","0.0","0.0","0.0"
"32","0.0","0.0","0.0","0.0","0.0","0.0","0.0","0.0","0.0","0.0","0.0","0.0","0.0","0.0","0.0","0.0","0.0","0.0","0.0","0.0","0.0","0.0","0.0","0.0","0.0","0.0","0.0","0.0","0.0","0.0","0.0","0.0","0.0","0.0","0.0","0.0","0.0","0.0","0.0","0.0","0.0","0.0","0.0","0.0","0.0","0.0","0.0","0.0","0.0","0.0","0.0","0.999","0.0","0.0","0.0","0.0","0.04382235553846948","0.02718922421955603","0.0","0.0","0.0","0.0","0.0","0.0","0.0","0.0","0.0","0.0","0.0","0.0","0.0","0.0","0.0","0.0","0.0","0.0","0.0","0.03616271648866333","0.0","0.16551331075214248","0.0","0.0","0.0","0.0","0.0","0.028253841778572167","0.0","0.0","0.0","0.0","0.0","0.0","0.0","0.0","0.0","0.0"
"10","0.0","0.0","0.0","0.0","0.0","0.0","0.015055403724832252","0.0","0.0","0.0","0.0","0.0","0.0","0.0","0.0","0.0","0.0","0.0","0.0","0.0","0.0","0.0","0.0","0.0","0.0","0.0","0.0","0.0","0.0","0.0","0.0","0.0","0.0","0.0","0.0","0.0","0.0","0.0","0.0","0.0","0.0","0.0","0.0","0.0","0.011724381500271277","0.0","0.007676704907742823","0.0","0.0","0.0","0.03056941379694679","0.018335590741963306","0.0","0.0","0.0","0.0","0.0","0.0","0.0","0.0","0.0","0.07399563999821507","0.0","0.015130858208487705","0.0","0.017691827414376932","0.0","0.0","0.0","0.021075271185692194","0.0","0.0","0.0","0.0","0.0","0.0","0.01396769664618246","0.0","0.0","0.0","0.0","0.0","0.0","0.0","0.0","0.0","0.009759827726685403","0.0","0.0","0.0","0.0","0.0","0.0","0.0","0.0","0.0"
"11","0.0","0.0","0.0","0.0","0.0","0.0","0.023436921083654697","0.0","0.0","0.0","0.0","0.0","0.0","0.0","0.0","0.08481096333895878","0.0","0.0","0.0","0.0","0.0","0.0","0.0","0.0","0.06350603047705837","0.0","0.0","0.0","0.0","0.0","0.0","0.0","0.0","0.0","0.0","0.0","0.0","0.0","0.0","0.0","0.03297971701869214","0.0","0.0","0.0","0.01825148026573964","0.0324240906251353","0.0","0.0","0.0","0.0","0.0","0.0","0.0","0.0","0.0","0.0","0.0","0.0","0.0","0.0","0.0","0.0","0.0","0.04710876390187887","0.0","0.0","0.0","0.0","0.0","0.0","0.0","0.0","0.0","0.0","0.0","0.0","0.021743674895749368","0.0","0.0","0.0","0.0","0.06307911950655488","0.0","0.0","0.0","0.0","0.07596618343854455","0.0","0.0","0.04013439332332578","0.0","0.01768441118659377","0.08380207916221666","0.0","0.0","0.0"
"17","0.0","0.2025017381695933","0.1320808776955736","0.11813992755273516","0.06281072011286337","0.0","0.1754416403107379","0.0","0.24084310274177675","0.0","0.7252950630077333","0.05057487972881332","0.0","0.19874897011735584","0.0","0.0749508393641393","0.8960898229184876","0.043429275813123634","0.0","0.0","0.05261797504515409","0.0","0.009240858002171191","0.046201560433663816","0.6809855463096022","0.0","0.0","0.0","0.022566255803773635","0.05416559903037073","0.024589190129447304","0.05015841289985203","0.01731040894958911","0.9307456170521407","0.8918605211483884","0.07188921013291508","0.012089944361832172","0.010096878210738939","0.009969254799902327","0.015772846042882586","0.33449501322248787","0.01276269798839452","0.0031849486674389803","0.00829484559004113","0.04740414358234228","0.3001820883336874","0.01188843993055227","0.001641904115708916","0.0","0.03191576523915313","0.02576347279583537","0.015452978471027263","0.0","0.0","0.0","0.0","0.0","0.0","0.0","0.0","0.0","0.0623624865941933","0.0","0.05438397312758586","0.0","0.014910423776082978","0.0","0.0","0.0","0.04134188254004852","0.0","0.0","0.0","0.0","0.0","0.0","0.030987533545615422","0.0","0.0","0.0","0.0","0.6764077101845919","0.0","0.0","0.05214944488934881","0.0","0.39970393345042654","0.0","0.0","0.03546836810391435","0.0","0.015628421254907657","0.07405924807816594","0.0","0.0","0.0458834103300568"
"8","0.0","0.0","0.0","0.0","0.0","0.0","0.023165717484411378","0.0","0.0","0.0","0.0","0.056566010791320225","0.0","0.0","0.0","0.08382956145469592","0.0","0.0","0.0","0.0","0.05885113242347282","0.0","0.0","0.05167462542827448","0.999","0.0","0.0","0.0","0.0","0.060582088888778966","0.0","0.05610020904809176","0.0","0.0","0.0","0.0","0.0","0.0","0.0","0.0","0.4694472798006754","0.0","0.0","0.0","0.03271197119427242","0.44470260287997015","0.0","0.0","0.0","0.03569652623222439","0.0","0.0","0.0","0.0","0.0","0.0","0.0","0.0","0.0","0.0","0.0","0.0","0.0","0.046563638273794415","0.0","0.0","0.0","0.0","0.0","0.026373233891996598","0.0","0.0","0.0","0.0","0.0","0.0","0.021492064930794696","0.0","0.0","0.0","0.0","0.9953515159885683","0.0","0.0","0.05832709989998584","0.0","0.5869112320178251","0.0","0.0","0.03966997259656385","0.0","0.017479773557479258","0.08283235172183555","0.0","0.0","0.05131878706957956"
"2","0.0","0.0","0.0","0.0","0.0","0.0","0.011833672247667808","0.0","0.0","0.0","0.0","0.0","0.0","0.0","0.0","0.0","0.0","0.0","0.0","0.0","0.0","0.0","0.0","0.0","0.0","0.0","0.0","0.0","0.0","0.0","0.0","0.0","0.0","0.0","0.0","0.0","0.0","0.0","0.0","0.0","0.0","0.0","0.0","0.0","0.009215461140506608","0.0","0.006033953753791062","0.0","0.03460910724299178","0.0","0.024027812889516727","0.014411926459991597","0.0","0.0","0.0","0.0","0.0","0.0","0.0","0.0","0.0","0.05816118700629876","0.0","0.011892980097893234","0.0","0.01390592314297925","0.0","0.0","0.0","0.016565338020849224","0.04297672951216594","0.0","0.0","0.05110593431145781","0.0","0.0","0.01097872545876306","0.0","0.0","0.0","0.0","0.0","0.0","0.0","0.0","0.0","0.007671305573878438","0.0","0.0","0.0","0.0","0.07391583891459792","0.0","0.0","0.0","0.0"
"26","0.0","0.049733467971285576","0.1980175087315042","0.17711704028521158","0.07201698495144786","0.0","0.15581114053582823","0.0","0.059149925549190935","0.0","0.07236453868255517","0.6622239510466921","0.0","0.048811805908447845","0.0","0.0","0.0","0.04477196310114104","0.0","0.0","0.6889760987533599","0.0","0.009526554282792565","0.6049600129344936","0.04705436173146906","0.0","0.0","0.0","0.02326392861177197","0.7092405793753651","0.02534940526984058","0.6567707634082148","0.017845588632230115","0.0","0.0","0.022611175859325625","0.0124637248199112","0.010409039760025525","0.010277470662133914","0.016260489446580203","0.039852258180214116","0.01315727772818941","0.03955974163382411","0.008551294345432302","0.3081086820377522","0.3328828148149847","0.012255990548660606","0.0016926662742535825","0.0","0.3626977642323677","0.026559992810744237","0.01593073264414164","0.0","0.0","0.0","0.0","0.0","0.0","0.0","0.0","0.0","0.06429052514495073","0.0","0.013146326190852976","0.0","0.015371403980985441","0.0","0.0","0.0","0.34921575749907774","0.0","0.0","0.0","0.0","0.0","0.0","0.012135722489461521","0.0","0.1845947125848606","0.0","0.0","0.04673804494891626","0.0","0.0","0.6828411975410267","0.0","0.019737074419698856","0.0","0.0","0.0","0.0","0.0","0.0","0.0","0.0","0.60079417764697"
"13","0.0","0.0","0.0","0.0","0.0","0.0","0.020160630487715287","0.0","0.0","0.0","0.0","0.030527015474367807","0.0","0.0","0.0","0.04524035341961299","0.0","0.0","0.0","0.0","0.031760228537294974","0.0","0.0","0.02788727838525871","0.061426021043141654","0.0","0.0","0.0","0.0","0.032694374927727116","0.0","0.030275635947606034","0.0","0.0","0.0","0.0","0.0","0.0","0.0","0.0","0.03189953420752487","0.0","0.0","0.0","0.02361795269209849","0.031362106213893994","0.0039051851360397283","0.0","0.0","0.019264367301635853","0.015550841384677555","0.6091049042350449","0.0","0.0","0.0","0.0","0.04817290588914952","0.029888487814806377","0.0","0.0","0.0","0.03764201918994187","0.0","0.032826185610829735","0.0","0.008999937118635372","0.0","0.0","0.0","0.02495397507234308","0.0","0.0","0.0","0.0","0.0","0.0","0.018704086319765712","0.03975284114006841","0.0","0.12659221379277574","0.0","0.06101309266357354","0.0","0.0","0.03147742356784831","0.031058797371384162","0.05207835139634204","0.0","0.0","0.021408719660126255","0.0","0.0094333206533895","0.04470218860084005","0.0","0.0","0.02769524286904867"
"19","0.0","0.08098586850995869","0.1742068761497602","0.15581958635190607","0.15852238011209688","0.047227474409836","0.16676544519628053","0.04606597915655883","0.09631960706352477","0.0","0.11181882200460837","0.030975318689407005","0.17592401881572253","0.07948503605896835","0.0","0.0","0.023388263074755146","0.09223430198858962","0.05636690038456322","0.054422330379641067","0.0","0.0","0.019625565281665917","0.0","0.0","0.04633790198154205","0.045638320393431374","0.045239311491779954","0.03788292955290825","0.033174506809800684","0.04699046897869065","0.030720247539068837","0.11173331604058037","0.024292791627063198","0.023277876794393824","0.02446133319358974","0.025676402804706847","0.021443565350677297","0.06434844494375734","0.01116602735444145","0.010586229622246493","0.00903506155245802","0.010591748380482368","0.005872147138661877","0.012853712619256228","0.03092172060809238","0.008416150459167254","0.003487045943299879","0.03933846629065137","0.0","0.018238664170155777","0.010939584387368494","0.17239029910951803","0.0","0.0","0.0","0.0","0.0","0.0","0.0","0.0","0.04414810296813687","0.0","0.009027541165948531","0.0","0.010555495140027984","0.0","0.0","0.0","0.012574163050820172","0.0","0.0","0.0","0.0","0.04703930416156084","0.0","0.008333562758268435","0.0","0.0","0.0","0.0","0.0","0.0","0.0","0.0","0.0","0.005823017132352367","0.0","0.0","0.0","0.0","0.0","0.0","0.0","0.0","0.0"
"36","0.0","0.0","0.038735479517904646","0.03464700434920773","0.016298960242882233","0.0","0.02510067804882183","0.0","0.0","0.0","0.016853757768862436","0.0","0.0","0.0","0.0","0.0","0.0","0.051243492271269765","0.0","0.0","0.0","0.0","0.010903562786811802","0.0","0.0","0.0","0.0","0.0","0.0","0.0","0.024653657791400725","0.0","0.020425065594870857","0.0","0.0","0.007445579350914799","0.014265284393216062","0.011913606452530414","0.011763019799992617","0.0","0.0","0.0","0.04527787423765276","0.0","0.032928643583615226","0.0","0.007633931723919769","0.0019373314265137024","0.0","0.0","0.03039908666161806","0.018233428212240527","0.0","0.0","0.0","0.0","0.0","0.0","0.0","0.10033387254248043","0.0","0.07358334994020387","0.0","0.0424959420716549","0.0","0.11387923922116544","0.0","0.0","0.0","0.059191190024449225","0.0","0.0","0.0","0.0","0.0","0.0","0.08990765230089723","0.0","0.2112768141591382","0.0","0.0","0.0","0.0","0.0","0.0","0.03251801758487398","0.02741107397793848","0.0","0.0","0.04677111144928706","0.0","0.0","0.0","0.0","0.0","0.0"
"22","0.0","0.042770739622015906","0.16354024141752319","0.1462787998543902","0.07777113924501429","0.0","0.13826191299123808","0.0","0.05086888502902597","0.0","0.08123046214043025","0.0","0.0","0.04197811104176321","0.0","0.0","0.0","0.038503849706821636","0.0","0.0","0.0","0.0","0.008192828478391525","0.0","0.0","0.0","0.0","0.0","0.02000695856990615","0.0","0.021800466699714107","0.0","0.015347190854082544","0.0","0.0","0.019445591764990063","0.010718792610655323","0.008951765228765212","0.008838615917893214","0.013984006919601142","0.013257885153854412","0.011315247514447393","0.002823735430051879","0.007354105772210997","0.023318873310525717","0.006517261344034097","0.0048040810529925045","0.0014556915380376666","0.0","0.0","0.0","0.0","0.0","0.0","0.0","0.0","0.0","0.0","0.0","0.07538987250182073","0.0","0.0","0.0","0.020625198410767976","0.0","0.0723483319272461","0.0","0.0","0.0","0.02872815565225551","0.0","0.0","0.0","0.0","0.0","0.0","0.05711900356861354","0.0","0.0","0.0","0.0","0.0","0.0","0.0","0.0","0.024433714533421004","0.013303831186844509","0.0","0.0","0.03514334730215159","0.0","0.0","0.0","0.0","0.0","0.0"
"28","0.0","0.07724781443583552","0.23243986427688032","0.20790616480706894","0.1390582397240473","0.0","0.19651175766762505","0.0","0.09187379563708466","0.0","0.11081194587514775","0.0","0.0","0.07581625571075837","0.0","0.0","0.0","0.06954142629992864","0.0","0.0","0.0","0.0","0.014796987370254595","0.0","0.0","0.0","0.0","0.0","0.036134372159372895","0.0","0.03937360964801461","0.0","0.5355280393502568","0.0","0.0","0.03512049306446303","0.01935910647983976","0.016167695610970288","0.3084164846897828","0.02525637810197574","0.48196835463773513","0.020436357846887833","0.005099920937637056","0.013282178495244972","0.27096278050330047","0.22742359171868956","0.008676603794928413","0.0026291102468629607","0.0","0.5957059879792108","0.0","0.0","0.0","0.0","0.0","0.0","0.0","0.0","0.0","0.0","0.0","0.0","0.0","0.0","0.0","0.0","0.0","0.0","0.0","0.0","0.0","0.0","0.0","0.0","0.0","0.0","0.0","0.0","0.0","0.0","0.0","0.0","0.36038226549913327","0.0","0.0","0.0","0.20063118075364425","0.0","0.0","0.0","0.0","0.0","0.0","0.0","0.0","0.0"
"5","0.0","0.0","0.0","0.0","0.0","0.0","0.0","0.0","0.0","0.0","0.0","0.0","0.0","0.0","0.0","0.0","0.0","0.0","0.0","0.0","0.0","0.0","0.0","0.0","0.0","0.0","0.0","0.0","0.0","0.0","0.0","0.0","0.0","0.0","0.0","0.0","0.0","0.0","0.0","0.0","0.0","0.0","0.0","0.0","0.0","0.0","0.0","0.0","0.0","0.0","0.0","0.0","0.0","0.0","0.0","0.0","0.0","0.0","0.0","0.0","0.0","0.0","0.0","0.0","0.0","0.0","0.0","0.2613831967330401","0.0","0.0","0.0","0.0","0.0","0.0","0.0","0.0","0.0","0.0","0.0","0.0","0.07828524333175675","0.0","0.0","0.0","0.0","0.0","0.0","0.0","0.0","0.0","0.0","0.0","0.0","0.0","0.0","0.0"
"29","0.0","0.0","0.0","0.0","0.0","0.0","0.010440749927890196","0.0","0.0","0.0","0.0","0.060607737366309554","0.0","0.0","0.0","0.0","0.0","0.0","0.0","0.0","0.06305613437706058","0.1040128029811494","0.0","0.055366855159951524","0.0","0.0","0.0","0.0","0.0","0.06491077028604865","0.0","0.06010865338772551","0.0","0.0","0.0","0.0","0.0","0.0","0.0","0.0","0.0","0.0","0.0","0.0","0.0544035954524464","0.04189031689223472","0.005323706868102817","0.0","0.03053532550074004","0.0382470967371843","0.021199538101371897","0.01271552202889269","0.0","0.0","0.0","0.0","0.0","0.0","0.0","0.06997025198484333","0.0","0.051315128248688724","0.0","0.13685834613400003","0.0","0.7287794802358831","0.0","0.0","0.0","0.06953604867646165","0.03791800855761703","0.0","0.0","0.04509033787734602","0.0","0.0","0.8234491922088748","0.0","0.0","0.0","0.0","0.0","0.0","0.1031995154667336","0.06249465894135994","0.02267722581422202","0.019115775209408877","0.0","0.0","0.032616965445365666","0.0","0.06521532569652047","0.0","0.0","0.0","0.05498559161516659"
"21","0.0","0.0","0.01362985964371808","0.012191247203657597","0.016295713040142677","0.0","0.010127142248371182","0.0","0.0","0.0","0.01685040003514303","0.0","0.0","0.0","0.0","0.0","0.0","0.051233283153264204","0.0","0.0","0.0","0.0","0.010901390496161073","0.0","0.0","0.0","0.0","0.0","0.0","0.0","0.02464874610231582","0.0","0.020420996358062684","0.0","0.0","0.007444095986006512","0.014262442354836197","0.011911232933303782","0.011760676281783433","0.0","0.0","0.0","0.0037572668171962417","0.0","0.061700460036710446","0.0","0.0","0.0057253936827481935","0.0","0.0","0.0","0.0","0.0","0.0","0.0","0.0","0.0","0.0","0.0","0.0","0.0","0.0","0.0","0.0","0.0","0.0","0.0","0.0","0.0","0.11091023671701138","0.0","0.0","0.0","0.0","0.0","0.0","0.0","0.0","0.0","0.0","0.0","0.0","0.0","0.0","0.0","0.0","0.0","0.0","0.0","0.0","0.0","0.0","0.0","0.0","0.0","0.0"
"20","0.0","0.051692480412614684","0.19765383532900296","0.17679175209683815","0.09399377068570194","0.0","0.16710258677479814","0.22689464430424944","0.061479854363354014","0.0","0.09817468929016192","0.0","0.0","0.05073451387471315","0.0","0.0","0.0","0.04653554075449317","0.0","0.2680532470987082","0.0","0.0","0.0099018073894885","0.0","0.0","0.0","0.0","0.2228229525874541","0.0241802999698073","0.0","0.026347924020485178","0.0","0.018548530365019886","0.0","0.0","0.08544353273427562","0.012954673731851258","0.010819054167304597","0.010682302533181792","0.09232168958391283","0.01602340699938573","0.01367554584450953","0.0034127510933485952","0.008888131744783607","0.008867598726618808","0.007876726176532147","0.005806185909504355","0.02865851014740547","0.0","0.0","0.0","0.0","0.0","0.0","0.0","0.0","0.0","0.0","0.0","0.0","0.0","0.0","0.0","0.0","0.0","0.0","0.0","0.0","0.0","0.0","0.0","0.0","0.0","0.0","0.0","0.0","0.0","0.0","0.0","0.0","0.0","0.0","0.0","0.0","0.0","0.0","0.0","0.0","0.0","0.0","0.0","0.0","0.0","0.0","0.0","0.0"
"12","0.0","0.0","0.0","0.0","0.0","0.0","0.0","0.0","0.0","0.0","0.0","0.0","0.0","0.0","0.0","0.0","0.0","0.0","0.0","0.0","0.0","0.21201516076099608","0.0","0.0","0.0","0.0","0.0","0.0","0.0","0.0","0.0","0.0","0.0","0.0","0.0","0.0","0.0","0.0","0.0","0.0","0.0","0.0","0.0","0.0","0.0","0.0","0.0","0.0","0.0","0.0","0.0","0.0","0.0","0.0","0.0","0.0","0.0","0.0","0.0","0.0","0.0","0.0","0.0","0.21855822449745355","0.0","0.08518341203833282","0.0","0.0","0.0","0.0","0.0","0.0","0.0","0.0","0.0","0.0","0.13450459704024903","0.0","0.0","0.0","0.0","0.0","0.0","0.21035739096562747","0.0","0.0","0.0","0.0","0.0","0.0","0.0","0.0","0.0","0.0","0.0","0.0"
"31","0.0","0.0","0.013204934885883774","0.011811172654019814","0.015787677587223586","0.0","0.009811418273221809","0.0","0.0","0.0","0.016325071650147925","0.0","0.0","0.0","0.0","0.0","0.0","0.04963603336448952","0.0","0.0","0.0","0.0","0.010561528543233814","0.0","0.0","0.0","0.0","0.0","0.0","0.0","0.02388029633524334","0.0","0.01978435099567377","0.0","0.0","0.0072120187110503425","0.013817796186630954","0.011539888113768175","0.011394025219216711","0.0","0.0","0.0","0.0036401301969998757","0.0","0.0","0.0","0.0","0.0018765592090299863","0.0","0.0","0.0","0.0","0.0","0.0","0.0","0.0","0.0","0.0","0.0","0.0","0.0","0.0","0.0","0.0","0.0","0.0","0.0","0.0","0.0","0.0","0.0","0.0","0.0","0.0","0.0","0.0","0.0","0.0","0.0","0.0","0.0","0.0","0.0","0.0","0.0","0.0","0.0","0.0","0.0","0.0","0.0","0.0","0.0","0.0","0.0","0.0"
"3","0.0","0.0","0.0","0.0","0.011581645656971106","0.0","0.013811867092841483","0.0","0.0","0.2238548342424844","0.0","0.0","0.0","0.0","0.0","0.0","0.0","0.0","0.0","0.0","0.0","0.0","0.0","0.0","0.0","0.0","0.0","0.0","0.0","0.0","0.0","0.0","0.0","0.0","0.0","0.0","0.0","0.0","0.0","0.0","0.0","0.0","0.016022127835069504","0.0","0.01075597851689763","0.0","0.007042629333268789","0.0","0.0","0.0","0.028044460858468814","0.016821119315387444","0.0","0.2184908493410836","0.0","0.0","0.0","0.0","0.0","0.0","0.0","0.06788379533252796","0.0","0.013881089235193544","0.0","0.016230529140432343","0.0","0.0","0.0","0.019334509381654964","0.0","0.0","0.0","0.0","0.0","0.0","0.012814001749551182","0.0","0.0","0.0","0.0","0.0","0.04366058799838859","0.0","0.0","0.0","0.036948971449766985","0.0","0.0","0.0","0.0","0.0","0.0","0.0","0.0","0.0"
"15","0.0","0.0","0.01807138367091572","0.016163974641207376","0.021605951215740476","0.0","0.013427245609576366","0.0","0.0","0.0","0.02234139250170696","0.0","0.0","0.0","0.0","0.0","0.0","0.06792852903734937","0.0","0.0","0.0","0.0","0.01445379595624806","0.0","0.0","0.0","0.0","0.0","0.0","0.0","0.03268096366841436","0.0","0.027075529005833137","0.0","0.0","0.00986988260794374","0.0189101043309243","0.015792712908132406","0.015593094784031874","0.0","0.0","0.0","0.004981636787349303","0.0","0.0","0.0","0.0","0.0025681324247818407","0.0","0.0","0.0","0.0","0.0","0.0","0.0","0.0","0.0","0.0","0.0","0.0","0.0","0.0","0.0","0.0","0.0","0.0","0.0","0.0","0.0","0.0","0.0","0.0","0.0","0.0","0.0","0.0","0.0","0.0","0.0","0.0","0.0","0.0","0.0","0.0","0.0","0.0","0.0","0.0","0.0","0.0","0.0","0.0","0.0","0.0","0.0","0.0"
"14","0.0","0.19824732451514832","0.010391669685685055","0.009294843623377355","0.033515511197541474","0.06000254178284674","0.007721129920330671","0.05852686118937365","0.2357831650141046","0.0","0.06370054363318127","0.0393541657080661","0.0","0.19457339937945925","0.0","0.0","0.0990019110842093","0.03906125003182069","0.07161418936240889","0.06914361170759972","0.0","0.0","0.008311431820428462","0.0","0.0","0.058872339343174054","0.05798352040894836","0.05747657929909132","0.027833701543915856","0.04214823587021688","0.01879268270965924","0.039030097619585445","0.015569364201293916","0.10283075698963222","0.09853464882200891","0.05060717144899757","0.010873963029464594","0.00908135530575289","0.008966567990807698","0.0","0.0","0.0","0.007727597913247811","0.0","0.0","0.0","0.0","0.0014767648318142318","0.0","0.0","0.0","0.0","0.0","0.0","0.0","0.0","0.0","0.0","0.0","0.0","0.0","0.0","0.0","0.0","0.0","0.0","0.0","0.0","0.0","0.0","0.0","0.0","0.0","0.0","0.0","0.0","0.0","0.0","0.0","0.0","0.0","0.0","0.0","0.0","0.0","0.0","0.0","0.0","0.0","0.0","0.0","0.0","0.0","0.0","0.0","0.0"
"37","0.0","0.24684703050847465","0.39802500357371706","0.3560140264570027","0.32421230507968996","0.14395056854949245","0.3365024897569333","0.597318923241117","0.29358466385342863","0.0","0.19769907824212818","0.09441357582765864","0.0","0.24227245421962296","0.0","0.0","0.07128803327020417","0.09371084929508632","0.1718077762811848","0.7056723503512277","0.0","0.0","0.01993974422518634","0.0","0.0","0.14123912868489966","0.13910678583545194","0.586599857925566","0.11546815313769498","0.10111675833389969","0.053058077699111555","0.09363611233695575","0.037352064798213","0.0740450597892186","0.07095157302081241","0.047326772081699386","0.026087447530849014","0.021786848033774366","0.021511464712373904","0.18591261214538396","0.032267102824378065","0.027539102262159464","0.018539083180171206","0.017898456984619185","0.01785710866160375","0.01586174110583202","0.011692194910022212","0.003542868865837381","0.0","0.0","0.0","0.0","0.0","0.0","0.0","0.0","0.0","0.0","0.0","0.0","0.0","0.0","0.0","0.0","0.0","0.0","0.0","0.0","0.0","0.0","0.0","0.0","0.0","0.0","0.0","0.0","0.0","0.0","0.0","0.0","0.0","0.0","0.0","0.0","0.0","0.0","0.0","0.0","0.0","0.0","0.0","0.0","0.0","0.0","0.0","0.0"
"30","0.0","0.0","0.0","0.0","0.0","0.0","0.01434324207056342","0.0","0.0","0.0","0.0","0.0","0.0","0.0","0.0","0.0","0.0","0.0","0.0","0.0","0.0","0.14289019676749568","0.0","0.0","0.0","0.0","0.0","0.0","0.0","0.0","0.0","0.0","0.0","0.0","0.0","0.0","0.0","0.0","0.0","0.0","0.0","0.0","0.0","0.0","0.011169786281363914","0.0","0.007313575830213373","0.0","0.0","0.0","0.02912339715750229","0.0174682672962788","0.0","0.0","0.0","0.0","0.0","0.0","0.0","0.0","0.0","0.07049544443036777","0.0","0.1617151015206719","0.0","0.07426535253244843","0.0","0.0","0.0","0.020078353383547104","0.07800265699892299","0.0","0.0","0.0","0.0","0.0","0.10395799593195106","0.0","0.0","0.0","0.0","0.0","0.0","0.1417729226470734","0.0","0.0","0.009298161258867548","0.0","0.0","0.0","0.0","0.0","0.0","0.0","0.0","0.0"
"18","0.0","0.12920450301090763","0.29307707018758117","0.2621431992535061","0.18904936780156312","0.0529974379794311","0.301536048276561","0.05169403834991078","0.15366788292599834","0.0","0.14557142418128816","0.034759693412550224","0.0","0.1268100814346421","0.0","0.0","0.02624569781128931","0.06900194939915937","0.06325346304356895","0.061071317385340405","0.0","0.0","0.014682197764807068","0.0","0.0","0.051999183040206544","0.051214130858383194","0.050766373492935175","0.060438261335418665","0.03722756486814074","0.03906816361339637","0.03447345923129633","0.027503381994165306","0.027260736122158336","0.026121825211275554","0.03484804114968364","0.019208925626194872","0.016042272553307233","0.015839500023215103","0.025060448376227146","0.02375918064016471","0.02027782007191179","0.009355604516427307","0.01317914022192606","0.028848201004057397","0.011679448702046673","0.018888768351855042","0.002608714573043429","0.0","0.0","0.040933904904480345","0.024552231612434756","0.0","0.0","0.0","0.0","0.0","0.0","0.0","0.0","0.0","0.09908369559038196","0.0","0.020260941709365477","0.0","0.023690201774131333","0.0","0.0","0.0","0.028220794558953013","0.0","0.0","0.0","0.0","0.0","0.0","0.018703412831114458","0.0","0.0","0.0","0.0","0.0","0.0","0.0","0.0","0.0","0.013068875402777692","0.0","0.0","0.0","0.0","0.0","0.0","0.0","0.0","0.0"
"6","0.0","0.11930751499914494","0.25154328669546255","0.22499324796336315","0.1862900405684066","0.06957501000103945","0.19792818647816504","0.06786390762106359","0.14189701457643963","0.2144721794395625","0.09555304633036714","0.045632508079916194","0.0","0.11709650469015855","0.0","0.0","0.03445533892437255","0.0452928622832766","0.08303911456181547","0.08017439483604492","0.0","0.0","0.009637390931238523","0.0","0.0","0.068264501417453","0.06723388530686109","0.06664606966205244","0.055808726497628046","0.048872328489171245","0.02564433279943881","0.04525673999031328","0.018053213044460083","0.03578788070983698","0.034292719037196946","0.02287424547245915","0.012608733964370377","0.01053014368136945","0.010397043843462458","0.016449672030214368","0.01559552021455762","0.013310356010512246","0.06100937335702929","0.00865078433698513","0.018935951905338075","0.007666387199385967","0.012398582809773582","0.001712359591607019","0.0","0.0","0.02686900491506919","0.016116078673897076","0.0","0.20933302067992557","0.0","0.0","0.0","0.0","0.0","0.0","0.0","0.06503851294015679","0.0","0.013299277057569118","0.0","0.01555024250418985","0.0","0.0","0.0","0.01852412247209457","0.0","0.0","0.0","0.0","0.0","0.0","0.012276915492437607","0.0","0.1867423788507955","0.0","0.0","0.0","0.04183059747319972","0.0","0.0","0.0","0.03540029171895247","0.0","0.0","0.0","0.0","0.0","0.0","0.0","0.0","0.0"
"16","0.0","0.2786822854154539","0.010436347400494863","0.009334805668473828","0.012477584279753493","0.0","0.007754325975538739","0.1912708601705185","0.3314475564768538","0.0","0.76716038805803","0.0","0.0","0.2735177372644857","0.0","0.0","0.999","0.039229189106273786","0.0","0.225967321975745","0.0","0.0","0.00834716580656986","0.0","0.0","0.0","0.0","0.18783844783038275","0.0","0.0","0.018873479554055664","0.0","0.015636302781386936","0.999","0.999","0.0959495770408486","0.010920714305609567","0.00912039948389838","0.009005118654910108","0.06357920614524513","0.0","0.0","0.0028769292425314327","0.0","0.0","0.0","0.0","0.0014831140018699196","0.0","0.0","0.0","0.0","0.0","0.0","0.0","0.0","0.0","0.0","0.0","0.0","0.0","0.0","0.0","0.0","0.0","0.0","0.0","0.0","0.0","0.0","0.0","0.0","0.0","0.0","0.0","0.0","0.0","0.0","0.0","0.0","0.0","0.0","0.0","0.0","0.0","0.0","0.0","0.0","0.0","0.0","0.0","0.0","0.0","0.0","0.0","0.0"
"23","0.0","0.0","0.0","0.0","0.0","0.0","0.0","0.0","0.0","0.0","0.0","0.0","0.0","0.0","0.0","0.0","0.0","0.0","0.0","0.0","0.0","0.0","0.0","0.0","0.0","0.0","0.0","0.0","0.0","0.0","0.0","0.0","0.0","0.0","0.0","0.0","0.0","0.0","0.0","0.0","0.0","0.0","0.0","0.0","0.0","0.0","0.0","0.0","0.0","0.0","0.0","0.0","0.0","0.0","0.0","0.0","0.0","0.0","0.0","0.0","0.0","0.0","0.0","0.0","0.0","0.0","0.0","0.0","0.0","0.0","0.0","0.0","0.0","0.0","0.0","0.0","0.0","0.0","0.0","0.0","0.0","0.0","0.0","0.0","0.0","0.0","0.0","0.0","0.0","0.0","0.0","0.0","0.0","0.0","0.0","0.0"
"34","0.0","0.07406055356774016","0.012934082708696929","0.011568908541692317","0.04171537461880768","0.07468268927181754","0.023814593424007373","0.07284597049370892","0.08808306374679019","0.0","0.01599022098731727","0.9984489953114917","0.0","0.07268806125299633","0.0","0.0","0.03698479339932012","0.048617927041370676","0.08913522815353203","0.08606020203240937","0.9028870393135646","0.0","0.010344896426144471","0.7927859267830039","0.05109638638071074","0.07327597290433768","0.07216969663151049","0.07153872793815778","0.03464346045892049","0.999","0.023390477164595087","0.9902271094822692","0.019378545545838836","0.038415160482329756","0.03681023517068067","0.0070640898506143515","0.013534373344078813","0.01130318843693387","0.011160317399813092","0.0","0.026535186514646918","0.0","0.009618222438997005","0.0","0.4402224551106582","0.4335221928150359","0.007242791604201875","0.0018380682848582101","0.0","0.4877046192646289","0.028841527224862364","0.01729920119112939","0.0","0.0","0.0","0.0","0.0","0.0","0.0","0.09519306118375966","0.0","0.06981315636948161","0.0","0.04031857548382576","0.0","0.10804440327119468","0.0","0.0","0.0","0.5543707573249017","0.0","0.0","0.0","0.0","0.0","0.0","0.08530104968034473","0.0","0.0","0.0","0.0","0.050752897616964276","0.0","0.0","0.8948473949745126","0.030851890384484854","0.03823095437849863","0.0","0.0","0.04437469780645981","0.0","0.0","0.0","0.0","0.0","0.7873266972163674"
"4","0.0","0.052677286251260655","0.1585067662579361","0.14177660089064095","0.09482741684070062","0.0","0.16308169005484988","0.0","0.06265112180985402","0.0","0.07556553716834259","0.0","0.0","0.05170106926315393","0.0","0.0","0.0","0.04742210049923292","0.0","0.0","0.0","0.0","0.010090449096221853","0.0","0.0","0.0","0.0","0.0","0.024640964662242252","0.0","0.026849884638440784","0.0","0.3651904462340758","0.0","0.0","0.023949574236548084","0.013201476327258682","0.011025170562330367","0.21031719236673202","0.017222978652075015","0.3286667094302042","0.013936081947378703","0.003477768232703257","0.00905746167376069","0.20604443051421978","0.15508604002261134","0.012981445870561341","0.0017928584008698471","0.0","0.4062273486900564","0.02813212915155639","0.016873702919174473","0.0","0.0","0.0","0.0","0.0","0.0","0.0","0.0","0.0","0.06809600324392777","0.0","0.013924482167779669","0.0","0.01628126653177785","0.0","0.0","0.0","0.01939494996005402","0.0","0.0","0.0","0.0","0.0","0.0","0.012854058916871091","0.0","0.0","0.0","0.0","0.0","0.24575400479898804","0.0","0.0","0.0","0.15424316361694065","0.0","0.0","0.0","0.0","0.0","0.0","0.0","0.0","0.0"
"7","0.0","0.0","0.0","0.0","0.0","0.0","0.012223530454770438","0.0","0.0","0.0","0.02904488415292905","0.029847396527988224","0.0","0.0","0.0","0.04423317335804773","0.0","0.0","0.0","0.0","0.03105315473004987","0.0","0.0","0.02726642755988086","0.5287577311612255","0.0","0.0","0.0","0.0","0.031966504341767676","0.0","0.029601613430699315","0.03519948916763402","0.0","0.0","0.012831321813482876","0.0","0.0","0.020271772744391157","0.02590896640892655","0.306796209749503","0.020964403796853163","0.0","0.0","0.04444845673418281","0.2626374589184234","0.0","0.0","0.0","0.018835487216086706","0.0","0.0","0.0","0.0","0.029279571426914484","0.0","0.0","0.0","0.0","0.0","0.0","0.0","0.0","0.02456958438294201","0.0","0.0","0.39985755733529643","0.0","0.0","0.013915995819535293","0.0","0.0","0.0","0.0","0.0","0.0","0.011340417597436996","0.0","0.0","0.0","0.0","0.5252032265814942","0.0","0.0","0.030776645810589736","0.0","0.3369088625116007","0.0","0.0","0.02093210013893632","0.0","0.009223307871475052","0.043706989632134","0.0","0.0","0.027078667305211003"
"33","0.16752250599614393","0.1134926813798657","0.1530726977132786","0.13691609060797838","0.08856805359002087","0.07985436638088762","0.12716852809153972","0.07789045726518991","0.04079851038895825","0.09042285401702234","0.08873252653677839","0.05237448070849004","0.08254213211081814","0.0336678187160772","0.06606713470952473","0.06312454158476383","0.039545941253955955","0.0617626948726039","0.0","0.0","0.05449027528487008","0.05101982592447384","0.05069718022089813","0.047845546022257227","0.047267344974147606","0.0","0.0","0.0","0.016046235465943783","0.0","0.032341953214714066","0.0","0.024617898550138566","0.0","0.0","0.020083000391343357","0.017193644855136064","0.01435921728879639","0.014177718388929386","0.01121563115179479","0.010633257734595598","0.009075198778357331","0.004529456433452597","0.005898233479618165","0.018702499464563194","0.00522705686394366","0.0038530302096866143","0.0023350244969536954","0.0","0.0","0.0","0.0","0.0","0.0","0.0","0.0","0.0","0.0","0.0","0.06046514474875382","0.0","0.0","0.0","0.016542084049137158","0.0","0.058025729678826216","0.0","0.0","0.0","0.023040920911975384","0.0","0.0","0.0","0.0","0.0","0.0","0.04581130998195273","0.0","0.0","0.0","0.0","0.0","0.0","0.0","0.0","0.019596638606562845","0.010670107956557576","0.0","0.0","0.028186114541167363","0.0","0.0","0.0","0.0","0.0","0.0"
