"","Implementation/mediastore.web/src/edu/kit/ipd/sdq/mediastore/web/beans/DownloadBean.java","Implementation/mediastore.basic/src/edu/kit/ipd/sdq/mediastore/basic/data/AudioFile.java","Implementation/mediastore.ejb.mediaaccess/src/edu/kit/ipd/sdq/mediastore/ejb/mediaaccess/DbManager.java","Implementation/mediastore.basic/src/edu/kit/ipd/sdq/mediastore/basic/data/AudioFileInfo.java","Implementation/mediastore.ejb.tagwatermarking/src/edu/kit/ipd/sdq/mediastore/ejb/tagwatermarking/TagWatermarkingImpl.java","Implementation/mediastore.basic/src/edu/kit/ipd/sdq/mediastore/basic/interfaces/IDownloadAudioWatermarkingLocal.java","Implementation/mediastore.basic/src/edu/kit/ipd/sdq/mediastore/basic/interfaces/IDownloadAudioWatermarking.java","Implementation/mediastore.basic/src/edu/kit/ipd/sdq/mediastore/basic/interfaces/IDownloadReEncoderLocal.java","Implementation/mediastore.basic/src/edu/kit/ipd/sdq/mediastore/basic/interfaces/IDownloadCacheLocal.java","Implementation/mediastore.basic/src/edu/kit/ipd/sdq/mediastore/basic/interfaces/IDownloadAudioWatermarkingRemote.java","Implementation/mediastore.basic/src/edu/kit/ipd/sdq/mediastore/basic/interfaces/IDownloadMediaAccessLocal.java","Implementation/mediastore.basic/src/edu/kit/ipd/sdq/mediastore/basic/interfaces/IDownloadTagWatermarkingLocal.java","Implementation/mediastore.ejb.audiowatermarking/src/edu/kit/ipd/sdq/mediastore/ejb/audiowatermarking/WavFileException.java","Implementation/mediastore.basic/src/edu/kit/ipd/sdq/mediastore/basic/data/FileContentLocal.java","Implementation/mediastore.basic/src/edu/kit/ipd/sdq/mediastore/basic/interfaces/IDownload.java","Implementation/mediastore.basic/src/edu/kit/ipd/sdq/mediastore/basic/utils/FSUtil.java","Implementation/mediastore.basic/src/edu/kit/ipd/sdq/mediastore/basic/interfaces/IPackagingLocal.java","Implementation/mediastore.basic/src/edu/kit/ipd/sdq/mediastore/basic/interfaces/IFacadeLocal.java","Implementation/mediastore.basic/src/edu/kit/ipd/sdq/mediastore/basic/interfaces/IDownloadReEncoder.java","Implementation/mediastore.basic/src/edu/kit/ipd/sdq/mediastore/basic/interfaces/IDownloadCache.java","Implementation/mediastore.ejb.cache/ejbModule/edu/kit/ipd/sdq/mediastore/ejb/cache/CacheSingleton.java","Implementation/mediastore.basic/src/edu/kit/ipd/sdq/mediastore/basic/interfaces/IDownloadCacheRemote.java","Implementation/mediastore.basic/src/edu/kit/ipd/sdq/mediastore/basic/interfaces/ICacheMaintenanceLocal.java","Implementation/mediastore.basic/src/edu/kit/ipd/sdq/mediastore/basic/interfaces/IDownloadReEncoderRemote.java","Implementation/mediastore.basic/src/edu/kit/ipd/sdq/mediastore/basic/interfaces/IMediaManagement.java","Implementation/mediastore.basic/src/edu/kit/ipd/sdq/mediastore/basic/exceptions/UnknownServerException.java","Implementation/mediastore.basic/src/edu/kit/ipd/sdq/mediastore/basic/interfaces/IPackaging.java","Implementation/mediastore.basic/src/edu/kit/ipd/sdq/mediastore/basic/exceptions/FailedDownloadException.java","Implementation/mediastore.basic/src/edu/kit/ipd/sdq/mediastore/basic/interfaces/IUserManagementLocal.java","Implementation/mediastore.basic/src/edu/kit/ipd/sdq/mediastore/basic/data/FileContent.java","Implementation/mediastore.ejb.audiowatermarking/src/edu/kit/ipd/sdq/mediastore/ejb/audiowatermarking/AudioWatermarkingImpl.java","Implementation/mediastore.basic/src/edu/kit/ipd/sdq/mediastore/basic/interfaces/IUserDBAdapterLocal.java","Implementation/mediastore.basic/src/edu/kit/ipd/sdq/mediastore/basic/interfaces/IMediaAccessLocal.java","Implementation/mediastore.basic/src/edu/kit/ipd/sdq/mediastore/basic/interfaces/IDownloadTagWatermarking.java","Implementation/mediastore.basic/src/edu/kit/ipd/sdq/mediastore/basic/interfaces/IMediaManagementLocal.java","Implementation/mediastore.basic/src/edu/kit/ipd/sdq/mediastore/basic/interfaces/IDownloadMediaAccess.java","Implementation/mediastore.ejb.packaging/src/edu/kit/ipd/sdq/mediastore/ejb/packaging/PackagingImpl.java","Implementation/mediastore.basic/src/edu/kit/ipd/sdq/mediastore/basic/interfaces/IMediaAccess.java","Implementation/mediastore.basic/src/edu/kit/ipd/sdq/mediastore/basic/interfaces/IDownloadMediaAccessRemote.java","Implementation/mediastore.basic/src/edu/kit/ipd/sdq/mediastore/basic/interfaces/IDownloadTagWatermarkingRemote.java","Implementation/mediastore.basic/src/edu/kit/ipd/sdq/mediastore/basic/interfaces/IMediaAccessMaintenanceLocal.java","Implementation/mediastore.basic/src/edu/kit/ipd/sdq/mediastore/basic/data/FileContentRemote.java","Implementation/mediastore.ejb.mediamanagement/src/edu/kit/ipd/sdq/mediastore/ejb/mediamanagement/MediaManagementImpl.java","Implementation/mediastore.ejb.mediaaccess/src/edu/kit/ipd/sdq/mediastore/ejb/mediaaccess/MediaAccessImpl.java","Implementation/mediastore.ejb.reencoder/src/edu/kit/ipd/sdq/mediastore/ejb/reencoder/ReEncoderImpl.java","Implementation/mediastore.basic/src/edu/kit/ipd/sdq/mediastore/basic/interfaces/IFacade.java","Implementation/mediastore.web/src/edu/kit/ipd/sdq/mediastore/web/beans/UploadBean.java","Implementation/mediastore.ejb.cache/ejbModule/edu/kit/ipd/sdq/mediastore/ejb/cache/CacheImpl.java","Implementation/mediastore.ejb.facade/src/edu/kit/ipd/sdq/mediastore/ejb/facade/FacadeImpl.java","Implementation/mediastore.ejb.mediaaccess/src/edu/kit/ipd/sdq/mediastore/ejb/mediaaccess/Audio.java","Implementation/mediastore.ejb.audiowatermarking/src/edu/kit/ipd/sdq/mediastore/ejb/audiowatermarking/WavFile.java","Implementation/mediastore.basic/src/edu/kit/ipd/sdq/mediastore/basic/interfaces/IUserManagement.java","Implementation/mediastore.basic/src/edu/kit/ipd/sdq/mediastore/basic/interfaces/IMediaAccessMaintenance.java","Implementation/mediastore.basic/src/edu/kit/ipd/sdq/mediastore/basic/interfaces/IUserDBAdapter.java","Implementation/mediastore.web/src/edu/kit/ipd/sdq/mediastore/web/beans/RegisterBean.java","Implementation/mediastore.ejb.cache/ejbModule/edu/kit/ipd/sdq/mediastore/ejb/cache/IdAndBitrate.java","Implementation/mediastore.web/src/edu/kit/ipd/sdq/mediastore/web/beans/WebBeanManager.java","Implementation/mediastore.basic/src/edu/kit/ipd/sdq/mediastore/basic/config/InterfaceDetails.java","Implementation/mediastore.basic/src/edu/kit/ipd/sdq/mediastore/basic/interfaces/IUserDBAdapterRemote.java","Implementation/mediastore.basic/src/edu/kit/ipd/sdq/mediastore/basic/config/RequiredInterface.java","Implementation/mediastore.ejb.userdbadapter/src/edu/kit/ipd/sdq/mediastore/ejb/userdbadapter/DbManager.java","Implementation/mediastore.ejb.userdbadapter/src/edu/kit/ipd/sdq/mediastore/ejb/userdbadapter/UserDBAdapterImpl.java","Implementation/mediastore.web/src/edu/kit/ipd/sdq/mediastore/web/utils/MessageUtil.java","Implementation/mediastore.basic/src/edu/kit/ipd/sdq/mediastore/basic/data/CurrentUser.java","Implementation/mediastore.basic/src/edu/kit/ipd/sdq/mediastore/basic/utils/JNDIUtil.java","Implementation/mediastore.basic/src/edu/kit/ipd/sdq/mediastore/basic/config/GlobalConstantsContainer.java","Implementation/mediastore.basic/src/edu/kit/ipd/sdq/mediastore/basic/interfaces/IMediaAccessRemote.java","Implementation/mediastore.basic/src/edu/kit/ipd/sdq/mediastore/basic/interfaces/IMediaManagementRemote.java","Implementation/mediastore.basic/src/edu/kit/ipd/sdq/mediastore/basic/exceptions/FailedUploadException.java","Implementation/mediastore.basic/src/edu/kit/ipd/sdq/mediastore/basic/utils/LameUtil.java","Implementation/mediastore.basic/src/edu/kit/ipd/sdq/mediastore/basic/interfaces/IFacadeRemote.java","Implementation/mediastore.basic/src/edu/kit/ipd/sdq/mediastore/basic/interfaces/IUserManagementRemote.java","Implementation/mediastore.basic/src/edu/kit/ipd/sdq/mediastore/basic/exceptions/UserAlreadyExistsException.java","Implementation/mediastore.web/src/edu/kit/ipd/sdq/mediastore/web/beans/LoginBean.java","Implementation/mediastore.basic/src/edu/kit/ipd/sdq/mediastore/basic/config/Config.java","Implementation/mediastore.basic/src/edu/kit/ipd/sdq/mediastore/basic/BaseEJB.java","Implementation/mediastore.basic/src/edu/kit/ipd/sdq/mediastore/basic/interfaces/IBusinessInterface.java","Implementation/mediastore.basic/src/edu/kit/ipd/sdq/mediastore/basic/config/ProvidedInterface.java","Implementation/mediastore.basic/src/edu/kit/ipd/sdq/mediastore/basic/interfaces/IMediaAccessMaintenanceRemote.java","Implementation/mediastore.basic/src/edu/kit/ipd/sdq/mediastore/basic/exceptions/BadLoginDataException.java","Implementation/mediastore.web/src/edu/kit/ipd/sdq/mediastore/web/filters/MainFilter.java","Implementation/mediastore.basic/src/edu/kit/ipd/sdq/mediastore/basic/exceptions/DbException.java","Implementation/mediastore.basic/src/edu/kit/ipd/sdq/mediastore/basic/interfaces/IPackagingRemote.java","Implementation/mediastore.basic/src/edu/kit/ipd/sdq/mediastore/basic/exceptions/AppException.java","Implementation/mediastore.basic/src/edu/kit/ipd/sdq/mediastore/basic/config/Main.java","Implementation/mediastore.basic/src/edu/kit/ipd/sdq/mediastore/basic/exceptions/PropertiesException.java","Implementation/mediastore.basic/src/edu/kit/ipd/sdq/mediastore/basic/interfaces/ICacheMaintenance.java","Implementation/mediastore.web/src/edu/kit/ipd/sdq/mediastore/web/utils/SessionUtil.java","Implementation/mediastore.basic/src/edu/kit/ipd/sdq/mediastore/basic/interfaces/ICacheMaintenanceRemote.java","Implementation/mediastore.basic/src/edu/kit/ipd/sdq/mediastore/basic/exceptions/ConversionException.java","Implementation/mediastore.ejb.usermanagement/ejbModule/edu/kit/ipd/sdq/mediastore/ejb/usermanagement/SecurityUtil.java","Implementation/mediastore.ejb.userdbadapter/src/edu/kit/ipd/sdq/mediastore/ejb/userdbadapter/User.java","Implementation/mediastore.basic/src/edu/kit/ipd/sdq/mediastore/basic/utils/PropertiesUtil.java","Implementation/mediastore.web/src/edu/kit/ipd/sdq/mediastore/web/beans/SessionBean.java","Implementation/mediastore.basic/src/edu/kit/ipd/sdq/mediastore/basic/data/UserRegData.java","Implementation/mediastore.basic/src/edu/kit/ipd/sdq/mediastore/basic/config/EJB.java","Implementation/mediastore.ejb.usermanagement/ejbModule/edu/kit/ipd/sdq/mediastore/ejb/usermanagement/UserManagementImpl.java"
"9","0.6489995437443078","0.5388195330199416","0.5211878548624618","0.4350755547921537","0.37362795038248653","0.3316101697885622","0.24490739764898306","0.24490739764898306","0.24490739764898306","0.22107344652570826","0.188848049835149","0.188848049835149","0.1792856399332215","0.16551549335941892","0.1586402219108862","0.14366726304443497","0.13977371396561106","0.13977371396561106","0.13977371396561106","0.13977371396561106","0.1328766457022133","0.12245369882449153","0.12245369882449153","0.12245369882449153","0.12155333537085404","0.11602415810689708","0.11299421809011441","0.11053672326285473","0.11053672326285434","0.10681780434415082","0.1057124660912411","0.1015586573926182","0.10155865739261781","0.10155865739261781","0.10155865739261781","0.10155865739261781","0.10141607785645101","0.09664065156627376","0.09442402491757469","0.09442402491757469","0.09442402491757469","0.08192587714918523","0.07565397484064942","0.07351814265102741","0.058216856241047756","0.056714113460438885","0.05506535222643185","0.054899009111155375","0.037822035675520116","0.03158192093224312","0.031400141971695474","2.7977620220553944E-15","2.3980817331903383E-15","1.9984014443252818E-15","1.5987211554602255E-15","1.5987211554602255E-15","1.5987211554602255E-15","1.5987211554602255E-15","1.5987211554602255E-15","1.5987211554602255E-15","1.5987211554602255E-15","1.5987211554602255E-15","1.5987211554602255E-15","1.5987211554602255E-15","1.1990408665951691E-15","1.1990408665951691E-15","1.1990408665951691E-15","1.1990408665951691E-15","1.1990408665951691E-15","7.993605777301127E-16","7.993605777301127E-16","7.993605777301127E-16","7.993605777301127E-16","7.993605777301127E-16","7.993605777301127E-16","7.993605777301127E-16","7.993605777301127E-16","7.993605777301127E-16","7.993605777301127E-16","7.993605777301127E-16","7.993605777301127E-16","7.993605777301127E-16","7.993605777301127E-16","3.9968028886505636E-16","3.9968028886505636E-16","3.9968028886505636E-16","3.9968028886505636E-16","3.9968028886505636E-16","3.9968028886505636E-16","3.9968028886505636E-16","0.0","0.0","0.0","0.0","0.0","0.0","0.0"
"27","0.34215035977190233","0.4001899384083312","0.4068196519590712","0.3343656507289172","0.26540814420775055","0.12169171866886948","0.13536151779137967","0.0","0.0","0.12169171866886948","0.858776446981531","0.0","0.1293579255788389","0.0646555964272463","0.08620746190299626","0.11743919707277728","0.0","0.0","0.0","0.0","0.12136882430683453","0.0","0.0","0.0","0.16717923242046898","0.0","0.08620746190299626","0.0","0.0","0.08200749244684817","0.1012483183763715","0.0","0.9273227871694633","0.0","0.11143258363623794","0.9273227871694633","0.07830213809879698","0.6838736408511462","0.8587764469815301","0.0","0.8587764469815301","0.0646555964272471","0.47594299742592594","0.5400134454145116","0.06259197915174326","0.09247922410858762","0.02588568406297518","0.05891430169324465","0.09521018012196399","0.033393861138547414","0.026641365601799905","0.07830213809879819","0.728603234472916","0.10330828133113053","7.993605777301127E-16","0.0","0.0","0.0","3.9968028886505636E-16","7.993605777301127E-16","0.08853014089142218","0.09515032078473143","7.993605777301127E-16","0.0","0.0","0.0","0.9273227871694641","0.11143258363623794","0.0","0.0","0.0","0.0","0.0","0.0","0.0","0.0","0.0","0.0","0.858776446981531","0.11623575378558484","0.0","0.0","0.0","0.0","0.0","0.0","0.0","0.0","0.0","0.0","0.0","0.0","0.0","0.0","0.06259197915174207","0.0","0.0"
"1","0.045990995368524336","7.993605777301127E-16","0.10078650068411776","1.5987211554602255E-15","0.0","0.0","0.0","0.0","0.0","0.0","0.09062765969949522","0.0","0.0","0.0","0.0","0.0","0.0","0.13325264050691918","0.0","0.0","1.1990408665951691E-15","0.0","0.0","0.0","0.10078650068411776","0.11096388088119512","0.0","0.0","0.10580447865975233","0.0","0.0","0.0","0.09735337493509526","0.0","0.19470674987019132","0.09735337493509526","1.5987211554602255E-15","0.06689763403908025","0.09062765969949603","0.0","0.09062765969949603","0.0","0.09709505944547035","0.09477026096363846","0.0","0.04213467251091041","0.04808177091738477","0.0","0.15880290829703878","0.0307811379821775","2.3980817331903383E-15","0.06969361617963026","0.12417909006756678","0.05467166163123345","0.0","7.993605777301127E-16","0.09593729109761062","0.0","0.0","7.993605777301127E-16","0.13461505168933102","0.08426934502182203","7.993605777301127E-16","0.05631136370226471","0.0","0.0","0.09735337493509566","0.19470674987019132","0.0","3.9968028886505636E-16","0.13325264050691957","0.10580447865975233","0.0","0.045812832140397754","0.0","0.0","0.0","0.0","0.09062765969949563","0.0","0.0517244771417976","0.0","0.0","0.0","0.11700403589670315","0.0","0.0","0.18125531939899245","0.0","0.0","0.0","0.0","0.0","0.1613571312232538","0.0","0.0","0.12767873155407763"
"25","0.3846037984912632","0.36589123665889134","0.503082019120297","0.31100257188571684","0.358493051016624","0.16078924541387582","0.18125531939899206","0.0","0.0","0.16078924541387624","0.09062765969949563","0.0","0.11209311153317324","0.05808136253974703","0.1093433232624645","0.11198691272690668","0.0","0.0","0.0","0.0","0.12896005072205968","0.0","0.0","0.0","0.5628354609770805","0.0","0.6824801804628705","0.0","0.0","0.07282129458409976","0.14857677818164924","0.0","0.09735337493509566","0.0","0.0","0.09735337493509566","0.48518248769931915","0.5741550790520131","0.09062765969949603","0.0","0.09062765969949603","0.05808136253974703","0.43925511971077214","0.546326914870897","0.13315316398168645","0.32466345891786447","0.024040885458691187","0.12507621246287415","0.3134264175514496","0.06986397416309505","0.024723094374609022","1.5987211554602255E-15","0.12417909006756678","0.05467166163123345","0.0","7.993605777301127E-16","7.993605777301127E-16","0.0","0.0","7.993605777301127E-16","0.0783036879870667","0.04213467251091161","7.993605777301127E-16","0.05631136370226471","0.08039462270693791","0.0","0.09735337493509566","0.0","0.0","3.9968028886505636E-16","0.0","0.0","0.0","0.0","0.0","0.0","0.0","0.0","0.09062765969949563","0.0","0.0","0.0","0.0","0.0","0.0","0.0","0.0","0.09062765969949603","0.0","0.0","0.0","0.0","0.0","0.11096388088119431","0.0","0.0","0.05314698144150692"
"35","0.08316358730588878","0.08685004576133895","0.12589869989009853","0.06015209340294416","0.0723788431450827","0.0","0.0","0.0","0.0","0.0","0.0","0.0","0.15452915767028","0.07364712416058508","0.0","0.10245601103309979","0.0","0.0","0.0","0.0","0.06887218755408782","0.0","0.0","0.0","0.06294934994504846","0.0","0.09999999999999964","0.0","0.0","0.09481008396786868","0.04512050593046015","3.9968028886505636E-16","0.0","0.0","0.0","0.0","0.09025222308979997","0.08620746190299666","0.0","0.0","0.0","0.07364712416058508","0.03900134529890438","0.12264109193190058","7.993605777301127E-16","0.11749349080942424","0.028308281331129195","0.0","0.11287225183041216","0.03684978606405305","0.029162217783034804","0.12246938635905491","0.18508622416143414","0.24128711136008155","7.993605777301127E-16","7.993605777301127E-16","0.0","0.0","3.9968028886505636E-16","7.993605777301127E-16","0.24520548817858964","0.20734763090957006","7.993605777301127E-16","0.07116246869832912","0.0","0.0","0.0","0.0","0.0","0.0","0.0","0.0","0.0","0.0","0.0","0.06675260539264168","0.0","0.0","0.0","0.2000000000000001","0.0","0.0","0.0","0.0","0.0","0.0","0.0","0.12136882430683334","0.0","0.0","0.0","0.0","0.0","0.15275907331430857","0.09360683187264089","0.0","0.06675260539264168"
"24","0.48576311355461815","0.6525967600715169","0.7501558829338048","0.554464577882024","0.38960811688986174","0.14470489153566723","0.1622556248918261","0.0","0.0","0.14470489153566723","0.0","0.0","0.1545291576702796","0.07364712416058468","0.09999999999999964","0.13457720000660123","0.0","0.0","0.0","0.0","0.13774437510817444","0.0","0.0","0.0","0.12589869989009814","0.0","0.09999999999999964","0.0","0.0","0.09481008396786868","0.11399269348454598","0.0","0.0","0.0","0.0","0.0","0.09025222308980037","0.08620746190299666","0.0","0.0","0.0","0.07364712416058548","0.07800269059780555","0.15156116848253803","0.07116246869832912","0.10348438496267463","0.05661656266225919","0.06675260539264127","0.10486149662025523","0.11054935819216115","0.029162217783034405","0.09025222308980237","0.1586402219108862","0.19024101186092077","0.0","7.993605777301127E-16","7.993605777301127E-16","0.0","0.0","1.1990408665951691E-15","0.205761101563862","0.16287177685414247","7.993605777301127E-16","0.07116246869832872","0.0","0.0","0.0","0.0","0.0","0.0","0.0","0.0","0.0","0.0","0.0","0.0","0.0","0.0","0.0","0.13774437510817325","0.0","0.0","0.0","0.0","0.0","0.0","0.0","0.12136882430683334","0.0","0.0","0.0","0.0","0.0","0.15275907331430857","0.07116246869832912","0.0","0.06675260539264087"
"32","0.0","3.9968028886505636E-16","0.0","1.1990408665951691E-15","0.0","0.0","0.0","0.0","0.0","0.0","0.0","3.9968028886505636E-16","7.993605777301127E-16","0.0","3.9968028886505636E-16","0.0","3.9968028886505636E-16","0.0","3.9968028886505636E-16","3.9968028886505636E-16","1.5987211554602255E-15","0.0","0.0","0.0","0.0","0.0","0.0","3.9968028886505636E-16","0.0","7.993605777301127E-16","3.9968028886505636E-16","7.993605777301127E-16","0.0","3.9968028886505636E-16","0.0","0.0","0.0","0.0","0.0","0.0","0.0","7.993605777301127E-16","2.7977620220553944E-15","1.9984014443252818E-15","1.5987211554602255E-15","0.0","0.0","0.0","2.7977620220553944E-15","0.0","5.595524044110789E-15","1.9984014443252818E-15","7.993605777301127E-16","1.1990408665951691E-15","0.07637953665715509","7.993605777301127E-16","0.0","7.993605777301127E-16","7.993605777301127E-16","1.1990408665951691E-15","1.5987211554602255E-15","7.993605777301127E-16","1.1990408665951691E-15","0.6958945779126139","3.9968028886505636E-16","3.9968028886505636E-16","0.0","0.0","3.9968028886505636E-16","0.0","3.9968028886505636E-16","3.9968028886505636E-16","3.9968028886505636E-16","0.06236257063173154","0.0","0.0","3.9968028886505636E-16","0.0","0.0","3.9968028886505636E-16","7.993605777301127E-16","0.0","3.9968028886505636E-16","3.9968028886505636E-16","0.0","0.0","0.0","3.9968028886505636E-16","0.0","0.0","0.1770999108533635","0.04921535704618529","0.0","0.0","0.05111548323358028","0.0","0.0"
"10","0.0","0.0","0.07869911279518958","0.0","0.0","0.0","0.0","0.0","0.0","0.0","3.9968028886505636E-16","0.0","0.0","0.0","0.0","0.0","0.0","0.0","0.0","0.0","7.993605777301127E-16","0.0","0.0","0.0","0.0","0.0","0.0","0.0","0.0","0.0","0.0","0.0","3.9968028886505636E-16","0.0","0.0","3.9968028886505636E-16","0.0","0.0","3.9968028886505636E-16","0.0","3.9968028886505636E-16","0.0","3.197442310920451E-15","0.04547402969371683","3.9968028886505636E-16","0.0","0.0","0.0","0.04172853931321168","0.04414316745442975","3.9968028886505635E-15","1.5987211554602255E-15","0.10155865739261781","0.08686817244456498","3.9968028886505636E-16","3.9968028886505636E-16","0.0","3.9968028886505636E-16","0.0","7.993605777301127E-16","0.13593077633797632","0.06356683635323145","7.993605777301127E-16","0.09005816559350058","0.0","0.0","3.9968028886505636E-16","0.0","0.0","0.0","0.0","0.0","3.9968028886505636E-16","3.9968028886505636E-16","0.0","0.0","0.0","0.0","0.0","0.0","7.993605777301127E-16","0.0","0.0","0.0","0.0","0.0","0.0","0.16401498489369756","0.0","0.0","0.0","0.0","0.0","0.21363560868829964","0.0","0.0","0.08393133215104497"
"11","0.0","0.0","0.07369114884190275","0.0","0.0","0.0","0.0","0.0","0.0","0.0","0.0","0.0","0.0","0.0","0.0","0.0","0.0","0.0","0.0","0.0","1.1990408665951691E-15","0.0","0.0","0.0","0.07369114884190196","0.0","0.0","0.0","0.1820532364602506","3.9968028886505636E-16","0.0","0.0","0.0","0.0","0.16401498489369795","0.0","0.0","0.0","3.9968028886505636E-16","0.0","3.9968028886505636E-16","3.9968028886505636E-16","0.07053631910650529","0.04309202083831121","7.993605777301127E-16","0.0","0.0","0.0","0.1108609964740909","0.0","4.39648317751562E-15","0.10856826471762844","3.9968028886505636E-16","7.993605777301127E-16","7.993605777301127E-16","7.993605777301127E-16","0.06955352890780918","3.9968028886505636E-16","3.9968028886505636E-16","1.1990408665951691E-15","0.08402330154586198","0.059828487232880305","1.1990408665951691E-15","0.0","0.0","0.0","0.0","0.16401498489369795","0.0","3.9968028886505636E-16","0.0","0.1820532364602502","3.9968028886505636E-16","7.993605777301127E-16","0.0","0.0","0.0","3.9968028886505636E-16","0.0","0.0","1.1990408665951691E-15","3.9968028886505636E-16","0.0","3.9968028886505636E-16","0.0","0.0","0.0","0.0","0.0","0.0","0.0","0.0","0.0","0.0","7.993605777301127E-16","0.0","0.1178286033864917"
"17","0.2968742329414317","0.3458533701073852","0.557588849354771","0.2899275209932419","0.7675736750247796","0.23159686093998935","0.2570629883539001","3.9968028886505636E-16","3.9968028886505636E-16","0.23159686093998855","0.09862575816500262","0.6722628190485958","0.12294262309393691","0.06225519055427533","0.08258636254309822","0.11291215867464573","0.0","3.9968028886505636E-16","0.0","0.0","0.11698353561614443","0.0","0.0","0.0","0.5155234315132509","0.0","0.08258636254309822","3.9968028886505636E-16","0.11579843046999487","0.07863551897747337","0.15630831059103453","7.993605777301127E-16","0.10622279918555098","0.7206644510807569","0.7078274709140275","0.10622279918555098","0.07514570730355681","0.14406425999930902","0.09862575816500262","0.6722628190485958","0.09862575816500262","0.06225519055427533","0.4133443110233558","0.1666032693725298","0.06030027128517928","0.04474953568429272","0.025220150544240826","0.05681233768798286","0.4335562561083526","0.06489843844875201","0.025949177520983645","0.075145707303558","0.1333843383648139","0.058491767808072616","7.993605777301127E-16","0.0","0.05112490443829465","0.0","3.9968028886505636E-16","7.993605777301127E-16","0.14506944579047287","0.08949907136858624","7.993605777301127E-16","0.06030027128517928","3.9968028886505636E-16","0.0","0.10622279918555137","0.7078274709140268","0.0","0.0","3.9968028886505636E-16","0.11579843046999448","0.0","0.0","0.0","0.0","0.0","0.0","0.09862575816500262","0.0","0.0","0.0","0.0","0.0","0.0","0.0","0.0","0.09862575816500221","0.0","0.0","0.0","0.0","0.0","0.12165868094220587","0.0","0.0","0.13735930229722346"
"8","0.0","0.0","0.06953812495364016","0.0","0.0","0.0","0.0","0.0","0.0","0.0","0.13869060939754255","0.0","3.9968028886505636E-16","0.0","0.0","0.0","0.0","0.0","0.0","0.0","7.993605777301127E-16","0.0","0.0","0.0","0.5847983891983879","0.0","0.0","0.0","0.16717923242047059","3.9968028886505636E-16","0.0","3.9968028886505636E-16","0.15117975102617684","0.0","0.999","0.15117975102617684","0.0","0.09664065156627215","0.13869060939754294","0.0","0.13869060939754294","0.0","0.5410207149326873","0.08219479686996412","7.993605777301127E-16","0.0","0.0","0.0","0.588897267776477","0.0","3.9968028886505635E-15","0.10141607785645222","0.08854995542668274","1.5987211554602255E-15","7.993605777301127E-16","3.9968028886505636E-16","0.06572042727356182","7.993605777301127E-16","3.9968028886505636E-16","1.1990408665951691E-15","0.0790364392247228","0.05671411346043849","1.1990408665951691E-15","0.0","0.0","0.0","0.15117975102617726","0.999","0.0","0.0","0.0","0.16717923242047059","0.0","3.9968028886505636E-16","0.0","0.0","0.0","0.0","0.13869060939754255","3.9968028886505636E-16","7.993605777301127E-16","0.0","0.0","3.9968028886505636E-16","0.0","0.0","0.0","0.0","0.0","3.9968028886505636E-16","0.0","0.0","0.0","0.0","7.993605777301127E-16","0.0","0.10979801822231235"
"2","0.0","3.9968028886505636E-16","0.06953812495364016","1.1990408665951691E-15","0.0","0.0","0.0","0.0","0.0","0.0","0.0","0.0","7.993605777301127E-16","0.0","3.9968028886505636E-16","0.0","3.9968028886505636E-16","0.0","3.9968028886505636E-16","3.9968028886505636E-16","1.5987211554602255E-15","0.0","0.0","0.0","0.0","0.0","0.0","3.9968028886505636E-16","0.0","7.993605777301127E-16","0.0","7.993605777301127E-16","0.0","0.0","0.0","0.0","0.0","0.0","0.0","0.0","0.0","7.993605777301127E-16","2.7977620220553944E-15","0.04109739843498326","1.5987211554602255E-15","0.0","0.0","0.0","0.03782203567551732","0.0399353468473167","5.595524044110789E-15","1.9984014443252818E-15","0.08854995542668354","0.0763795366571555","1.5987211554602255E-15","7.993605777301127E-16","0.09895774089173318","7.993605777301127E-16","7.993605777301127E-16","0.10141607785645101","0.11643371248209311","0.05671411346043929","1.1990408665951691E-15","0.07903643922472199","3.9968028886505636E-16","3.9968028886505636E-16","0.0","0.0","3.9968028886505636E-16","0.0","3.9968028886505636E-16","3.9968028886505636E-16","3.9968028886505636E-16","7.993605777301127E-16","0.0","0.07392628915659137","3.9968028886505636E-16","0.0","0.0","3.9968028886505636E-16","7.993605777301127E-16","0.0","3.9968028886505636E-16","3.9968028886505636E-16","0.0","0.0","0.0","0.13869060939754294","0.0","0.0","0.0","7.993605777301127E-16","0.0","0.17709991085336627","3.9968028886505636E-16","0.06082934047110094","0.07392628915659137"
"26","0.3421503597718998","0.45568934505259","0.5251717516143515","0.39150606183261394","0.26540814420774983","0.12169171866886948","0.13536151779137967","0.0","0.0","0.12169171866886948","0.7556098300937723","0.0","0.1293579255788389","0.0646555964272467","0.08620746190299587","0.11743919707277728","0.0","0.0","0.0","0.0","0.12136882430683493","0.0","0.0","0.0","0.16717923242046936","0.0","0.08620746190299587","0.0","0.0","0.08200749244684857","0.1012483183763715","0.0","0.8111405475728003","0.0","0.11143258363623794","0.8111405475728003","0.07830213809879738","0.6295876388897258","0.755609830093774","0.0","0.755609830093774","0.0646555964272475","0.4451193908292905","0.5087174061636669","0.06259197915174246","0.04623961205429401","0.0664495902859314","0.058914301693244256","0.09521018012196399","0.06678772227709562","0.026641365601799905","1.5987211554602255E-15","0.6731911229762924","0.060684412153417265","0.0","7.993605777301127E-16","7.993605777301127E-16","0.0","0.0","7.993605777301127E-16","0.08853014089142218","0.046239612054295214","7.993605777301127E-16","0.06259197915174207","0.0","0.0","0.8111405475728012","0.11143258363623794","0.12169171866886908","0.0","0.0","0.0","0.0","0.0","0.0","0.0","0.0","0.0","0.7556098300937731","0.0","0.0","0.0","0.0","0.0","0.0","0.0","0.0","0.10330828133112972","0.0","0.0","0.0","0.0","0.0","0.1279794704479385","0.0","0.0","0.058914301693243055"
"13","0.0","1.5987211554602255E-15","0.09503120503675584","3.197442310920451E-15","0.0","7.993605777301127E-16","7.993605777301127E-16","7.993605777301127E-16","7.993605777301127E-16","7.993605777301127E-16","0.08402330154586238","3.9968028886505636E-16","1.1990408665951691E-15","0.0","0.0","0.0","3.9968028886505636E-16","3.9968028886505636E-16","3.9968028886505636E-16","3.9968028886505636E-16","1.5987211554602255E-15","3.9968028886505636E-16","3.9968028886505636E-16","3.9968028886505636E-16","0.09503120503675584","0.0","0.0","0.0","0.09762218984844462","7.993605777301127E-16","0.0","1.1990408665951691E-15","0.09005816559350177","1.1990408665951691E-15","0.18011633118700274","0.09005816559350177","2.3980817331903383E-15","0.06259197915174367","0.08402330154586278","7.993605777301127E-16","0.08402330154586278","7.993605777301127E-16","0.09163712137487937","0.09030546327204202","1.1990408665951691E-15","1.5987211554602255E-15","0.0","0.0","0.12214662101117293","0.029345813381319898","3.9968028886505635E-15","0.0651304533160781","0.11643371248209392","0.051440275390966496","0.07055237608628188","1.5987211554602255E-15","0.04528580237140183","1.1990408665951691E-15","1.1990408665951691E-15","1.5987211554602255E-15","0.1258646691749171","0.07980523232616914","1.5987211554602255E-15","0.6127492701168605","0.0","0.0","0.09005816559350217","0.18011633118700274","0.0","1.5987211554602255E-15","7.993605777301127E-16","0.09762218984844462","7.993605777301127E-16","0.05796878608660148","7.993605777301127E-16","7.993605777301127E-16","3.9968028886505636E-16","7.993605777301127E-16","0.08402330154586198","3.9968028886505636E-16","0.0","7.993605777301127E-16","3.9968028886505636E-16","0.0","3.9968028886505636E-16","0.0","0.0","0.08402330154586198","0.0","7.993605777301127E-16","0.13959611022081334","0.046043240405078525","0.0","0.10223096646715937","0.047774653338133626","0.0","0.1195568271768329"
"19","0.6737600217422883","0.5692114286162535","0.6685266214455307","0.4495210223386671","0.39466377347494214","0.21160895731950466","0.23400807179340707","0.11700403589670315","0.11700403589670315","0.21160895731950466","0.09062765969949563","0.09062765969949563","0.2164979578822094","0.09353826789703264","0.15270944046799412","0.1623692157510572","0.13325264050691957","0.0","0.13325264050691957","0.13325264050691957","0.14153983407579804","0.11700403589670315","0.0","0.11700403589670315","0.12909236313724706","0.0","0.20799475444788468","0.10580447865975194","0.0","0.12396993759735615","0.10950339078868457","0.0","0.0","0.09735337493509526","0.0","0.09735337493509526","0.166443532237419","0.11143258363623794","0.09062765969949603","0.09062765969949603","0.0","0.09353826789703344","0.11180180931566151","0.10865420366947447","0.056311363702264305","0.06356683635323224","0.05741378927772161","0.05314698144150811","0.07102910356550307","0.06156227596435739","0.0344370274753226","1.5987211554602255E-15","0.06208954503378359","0.05467166163123345","0.0","7.993605777301127E-16","7.993605777301127E-16","0.0","0.0","1.1990408665951691E-15","0.0783036879870667","0.04213467251091161","7.993605777301127E-16","0.05631136370226471","0.0","0.0","0.0","0.0","0.0","0.0","0.0","0.0","0.0","0.0","0.0","0.0","0.0","0.06208954503378279","0.0","0.0","0.0","0.0","0.13325264050691957","0.0","0.0","0.0","0.0","0.09062765969949603","0.0","0.0","0.0","0.0","0.0","0.11096388088119431","0.0","0.044820969904088105","0.05314698144150692"
"36","0.09305851261510689","0.12816279655840632","0.13907624990728032","0.0980513890339895","0.08045006723612813","0.0","3.9968028886505636E-16","0.0","0.0","0.0","0.0","0.0","0.1792856399332215","0.08192587714918442","3.9968028886505636E-16","0.1159262928241378","3.9968028886505636E-16","0.0","3.9968028886505636E-16","3.9968028886505636E-16","0.0763795366571559","0.0","0.0","0.0","0.06953812495363935","0.0","0.1129942180901136","3.9968028886505636E-16","0.0","0.10681780434415043","0.0492153570461849","7.993605777301127E-16","0.0","0.0","0.0","0.0","0.10141607785644942","0.09664065156627295","0.0","3.9968028886505636E-16","0.0","0.08192587714918442","0.04233998793442946","0.12329219530494577","1.5987211554602255E-15","0.11342822692087817","0.0796730307495261","0.0","0.11346610702654795","0.0399353468473167","0.03140014197169627","0.10141607785645222","0.17709991085336627","0.21507014605469885","1.5987211554602255E-15","7.993605777301127E-16","0.0","7.993605777301127E-16","7.993605777301127E-16","1.1990408665951691E-15","0.23286742496418464","0.1830407383815472","1.1990408665951691E-15","0.07903643922472199","3.9968028886505636E-16","3.9968028886505636E-16","0.0","3.9968028886505636E-16","0.16717923242047059","0.0","3.9968028886505636E-16","3.9968028886505636E-16","3.9968028886505636E-16","7.993605777301127E-16","0.0","0.0","3.9968028886505636E-16","0.0","0.0","0.1586402219108862","7.993605777301127E-16","0.0","3.9968028886505636E-16","3.9968028886505636E-16","0.0","0.0","0.0","0.13869060939754294","0.0","0.0","0.0","7.993605777301127E-16","0.0","0.1770999108533655","0.0790364392247224","0.0","0.07392628915659137"
"22","0.46484026316825006","0.5486573718461016","0.555581040015835","0.45497838286912606","0.37354238937235146","0.13594148954924404","0.15197321827195612","0.0","0.0","0.13594148954924404","0.0","0.0","0.1449219652165025","0.0702904267203599","0.09481008396786787","0.1281462474538512","0.0","0.0","0.0","0.0","0.13164003421389","0.0","0.0","0.0","0.12052345197756598","0.0","0.09481008396786787","0.0","0.0","0.08999999999999968","0.1092541033292255","3.9968028886505636E-16","0.0","3.9968028886505636E-16","3.9968028886505636E-16","0.0","0.08576851550919606","0.08200749244684898","0.0","3.9968028886505636E-16","0.0","0.0702904267203607","0.07524422792029838","0.1096940312128779","0.06796538816898816","0.09940331398361604","0.027415864578724757","0.06383260694462667","0.06753323231282256","0.03557376422616878","0.0282333982431064","0.08576851550919687","0.07558987551309003","0.11453208035099678","3.9968028886505636E-16","7.993605777301127E-16","7.993605777301127E-16","3.9968028886505636E-16","3.9968028886505636E-16","1.1990408665951691E-15","0.09747620557747534","0.10509767823646525","7.993605777301127E-16","7.993605777301127E-16","0.0","0.0","3.9968028886505636E-16","0.0","0.0","0.0","0.0","0.0","0.0","0.0","0.0","0.0","0.0","0.0","0.0","0.12956780973985788","0.0","0.0","0.0","0.0","0.0","0.0","0.0","0.0","0.0","0.0","0.0","0.0","0.0","0.0","0.06796538816898696","0.0","0.0"
"28","0.5118994206817002","0.5426366959723602","0.5432333936109306","0.4409157890158323","0.34271073268272434","0.1820532364602502","0.20661656266226025","0.0","0.0","0.1820532364602506","0.0","0.0","0.19575921996766596","0.08717681533918853","0.12136882430683374","0.16087927315586673","0.0","0.0","0.0","0.0","0.1622556248918277","0.0","0.0","0.0","0.6451542842428561","0.0","0.8136217727762671","0.0","0.0","0.11453208035099598","0.1328991805718668","0.0","0.0","0.0","0.0","0.0","0.5623807764420464","0.7028450358935285","0.0","0.0","0.0","0.08717681533918853","0.37951855141904295","0.38999242094743963","0.08402330154586198","0.4740334017400633","0.031788539544877197","0.07845792230768303","0.2768224519084785","0.04185340848655779","0.032786347027363806","1.5987211554602255E-15","3.9968028886505636E-16","7.993605777301127E-16","7.993605777301127E-16","7.993605777301127E-16","7.993605777301127E-16","3.9968028886505636E-16","3.9968028886505636E-16","1.1990408665951691E-15","7.993605777301127E-16","0.0","1.1990408665951691E-15","0.0","0.0","0.0","0.0","0.0","0.0","3.9968028886505636E-16","0.0","0.0","3.9968028886505636E-16","7.993605777301127E-16","0.0","0.0","0.0","3.9968028886505636E-16","0.0","0.0","1.1990408665951691E-15","3.9968028886505636E-16","0.0","3.9968028886505636E-16","0.0","0.0","0.0","0.0","0.0","0.0","0.0","0.0","0.0","0.0","7.993605777301127E-16","0.0","0.0"
"5","0.0","0.0","0.0","0.0","0.0","0.0","0.0","0.0","0.0","0.0","0.0","0.0","3.9968028886505636E-16","0.0","0.0","7.993605777301127E-16","0.0","0.0","0.0","0.0","1.5987211554602255E-15","0.0","0.0","0.0","0.0","0.0","0.0","0.0","0.0","3.9968028886505636E-16","7.993605777301127E-16","1.9984014443252818E-16","0.0","0.0","0.0","0.0","0.0","0.0","0.0","0.0","0.0","0.0","2.3980817331903383E-15","7.993605777301127E-16","7.993605777301127E-16","0.0","1.5987211554602255E-15","7.993605777301127E-16","7.993605777301127E-16","1.1990408665951691E-15","3.597122599785507E-15","1.9984014443252818E-15","7.993605777301127E-16","1.1990408665951691E-15","7.993605777301127E-16","7.993605777301127E-16","3.9968028886505636E-16","3.9968028886505636E-16","1.9984014443252818E-16","9.992007221626409E-16","7.993605777301127E-16","0.0","1.1990408665951691E-15","0.0","0.0","0.0","0.0","0.0","0.0","3.9968028886505636E-16","0.0","0.0","3.9968028886505636E-16","1.1990408665951691E-15","0.0","0.0","0.0","3.9968028886505636E-16","1.9984014443252818E-16","0.0","0.09636356692050595","0.0","0.0","3.9968028886505636E-16","0.30000000000000016","0.0","0.0","3.9968028886505636E-16","0.0","0.0","0.0","3.9968028886505636E-16","0.0","0.0","7.993605777301127E-16","0.0","7.993605777301127E-16"
"29","0.0","0.0","0.05572641080682152","1.5987211554602255E-15","0.0","0.0","0.0","0.0","0.0","0.0","0.10330828133112893","0.0","0.0","0.0","0.0","0.0","0.0","0.0","0.0","0.0","3.9968028886505636E-16","0.0","0.0","0.0","0.0","0.0","0.0","0.0","0.0","0.0","0.0","0.11143258363623754","0.11143258363623713","0.0","0.0","0.11143258363623713","3.9968028886505636E-16","0.07499999999999973","0.10330828133112933","0.0","0.10330828133112933","0.0","0.05359641513796181","0.12088459882050816","0.0","0.04623961205429401","0.0","0.0","0.0634734534146432","0.03339386113854701","2.3980817331903383E-15","0.07830213809879859","0.20803591409631542","0.8290255134425635","0.0","7.993605777301127E-16","0.07660540927537544","0.0","0.11143258363623794","0.07830213809879819","0.6390726958255648","0.7808825593594794","7.993605777301127E-16","0.06259197915174286","0.0","0.0","0.11143258363623754","0.0","0.0","0.0","0.0","0.0","0.0","0.0","0.0","0.058914301693245054","0.0","0.0","0.10330828133112933","0.11623575378558444","0.0","0.0","0.0","0.0","0.0","0.0","0.0","0.10330828133112972","0.0","0.0","0.0","0.0","0.0","0.1279794704479385","0.06259197915174167","0.04931287908249771","0.14295310763953575"
"21","0.11673364690974553","0.12274405556403094","0.08495217249650366","0.08071415797717015","0.09952713494492778","0.0","0.0","0.0","0.0","0.0","0.0","0.0","0.24369051394368615","0.10152113834353545","0.0","0.1488948916611723","0.0","0.0","0.0","0.0","0.09405528490036956","0.0","0.0","0.0","0.08495217249650366","0.0","0.14470489153566723","0.0","0.0","0.13594148954924484","0.058624449198660236","0.0","0.0","0.0","0.0","0.0","0.12834829563869984","0.12169171866886908","0.0","0.0","0.0","0.10152113834353545","0.04996848256702755","0.09683624877940399","7.993605777301127E-16","0.06821207487981039","0.035324829559165764","3.9968028886505636E-16","0.04435248123581879","0.0","0.04879993850381061","1.9984014443252818E-15","0.11053672326285434","7.993605777301127E-16","7.993605777301127E-16","7.993605777301127E-16","0.0","3.9968028886505636E-16","0.0","1.1990408665951691E-15","7.993605777301127E-16","0.0","1.1990408665951691E-15","0.0","0.0","0.0","0.0","0.0","0.0","3.9968028886505636E-16","0.0","0.0","3.9968028886505636E-16","1.1990408665951691E-15","0.0","0.0","0.0","3.9968028886505636E-16","0.0","0.0","1.5987211554602255E-15","0.0","0.0","3.9968028886505636E-16","0.0","0.0","0.0","0.0","0.0","0.0","0.0","3.9968028886505636E-16","0.0","0.0","3.9968028886505636E-16","0.0","7.993605777301127E-16"
"20","0.5096087801713477","0.6081924550402512","0.6128333900757749","0.49980058841197844","0.40786701343080484","0.1549624219966952","0.17435363067837747","0.17435363067837747","0.0","0.1549624219966952","0.0","0.0","0.1658075913219709","0.0774812109983476","0.10598464555171856","0.14196986393585007","0.0","0.0","0.2030422766870705","0.0","0.14470489153566884","0.0","0.0","0.17435363067837747","0.13201490882327938","0.0","0.10598464555171856","0.0","0.0","0.10034645105862038","0.1664077306682022","0.0","0.0","0.0","0.0","0.0","0.09540447417827295","0.0910266182301247","0.0","0.0","0.0","0.0774812109983476","0.08111598689253832","0.07877180157847725","0.1496219323441265","0.054054942031496016","0.029312224599328918","0.07007962441673299","0.03629206857257117","0.03828897143006343","0.07938689237458711","1.5987211554602255E-15","1.1990408665951691E-15","7.993605777301127E-16","7.993605777301127E-16","7.993605777301127E-16","7.993605777301127E-16","0.0","0.0","1.5987211554602255E-15","7.993605777301127E-16","3.9968028886505636E-16","1.5987211554602255E-15","3.9968028886505636E-16","0.0","0.0","0.0","0.0","0.0","3.9968028886505636E-16","0.0","0.0","3.9968028886505636E-16","7.993605777301127E-16","0.0","0.0","0.0","3.9968028886505636E-16","0.0","0.0","3.9968028886505636E-16","0.0","0.0","0.0","0.0","0.0","0.0","0.0","0.0","0.0","0.0","0.0","0.0","0.0","0.0","0.0","0.0"
"12","0.0","0.0","0.0","0.0","0.0","0.0","0.0","0.0","0.0","0.0","0.0","0.0","0.0","0.0","0.0","7.993605777301127E-16","0.0","0.0","0.0","0.0","1.1990408665951691E-15","0.0","0.0","0.0","0.0","0.0","0.0","0.0","0.0","3.9968028886505636E-16","0.0","0.20069290211723995","0.0","0.0","0.0","0.0","0.0","0.0","0.0","0.0","0.0","0.0","3.197442310920451E-15","2.3980817331903383E-15","7.993605777301127E-16","0.0","0.0","3.9968028886505636E-16","7.993605777301127E-16","7.993605777301127E-16","3.597122599785507E-15","1.9984014443252818E-15","3.9968028886505636E-16","0.09405528490036917","7.993605777301127E-16","7.993605777301127E-16","0.0","3.9968028886505636E-16","0.20069290211723995","1.1990408665951691E-15","7.993605777301127E-16","0.10810988406299163","1.1990408665951691E-15","0.0","0.0","0.0","0.0","0.0","0.0","3.9968028886505636E-16","0.0","0.0","3.9968028886505636E-16","1.1990408665951691E-15","0.0","0.0","0.0","3.9968028886505636E-16","0.0","0.0","1.5987211554602255E-15","0.0","0.0","3.9968028886505636E-16","0.0","0.0","0.0","0.0","0.0","0.0","0.0","3.9968028886505636E-16","0.0","0.0","7.993605777301127E-16","0.0","0.14015924883346798"
"31","0.09937047961118588","0.10414185423397875","0.07369114884190275","0.07020512390448018","0.0855655304257995","0.0","0.0","0.0","0.0","0.0","0.0","0.0","0.19575921996766596","0.08717681533918853","0.0","0.1246207717348419","0.0","0.0","0.0","0.0","0.08112781244591445","0.0","0.0","0.0","0.07369114884190196","0.0","0.12136882430683334","0.0","0.0","0.11453208035099598","0.05177136812595356","0.0","0.0","0.0","0.0","0.0","0.10856826471762564","0.10330828133112933","0.0","0.0","0.0","0.08717681533918853","0.044417546835643584","0.04309202083831121","7.993605777301127E-16","0.0598284872328807","0.031788539544877197","0.0","0.039603369079491024","0.0","0.032786347027363806","1.5987211554602255E-15","3.9968028886505636E-16","7.993605777301127E-16","7.993605777301127E-16","7.993605777301127E-16","7.993605777301127E-16","3.9968028886505636E-16","0.0","1.1990408665951691E-15","7.993605777301127E-16","0.0","1.1990408665951691E-15","0.0","0.0","0.0","0.0","0.0","0.0","3.9968028886505636E-16","0.0","0.0","3.9968028886505636E-16","7.993605777301127E-16","0.0","0.0","0.0","3.9968028886505636E-16","0.0","0.0","1.1990408665951691E-15","3.9968028886505636E-16","0.0","3.9968028886505636E-16","0.0","0.0","0.0","0.0","0.0","0.0","0.0","0.0","0.0","0.0","7.993605777301127E-16","0.0","0.0"
"3","0.02902092196934394","3.9968028886505636E-16","0.06953812495364016","1.1990408665951691E-15","0.0","0.0","3.9968028886505636E-16","0.0","0.0","0.0","0.0","0.0","7.993605777301127E-16","0.0","3.9968028886505636E-16","0.0","3.9968028886505636E-16","0.22107344652570746","3.9968028886505636E-16","3.9968028886505636E-16","1.5987211554602255E-15","0.0","0.0","0.0","0.0","0.0","0.0","3.9968028886505636E-16","0.0","7.993605777301127E-16","0.0","7.993605777301127E-16","0.0","0.0","0.0","0.0","0.0","0.0","0.0","3.9968028886505636E-16","0.0","7.993605777301127E-16","3.597122599785507E-15","0.04109739843498326","1.5987211554602255E-15","0.056714113460438885","0.030457673703340005","0.0","0.07564407135103345","0.0399353468473167","5.595524044110789E-15","1.9984014443252818E-15","0.08854995542668354","0.0763795366571555","1.5987211554602255E-15","7.993605777301127E-16","0.0","7.993605777301127E-16","7.993605777301127E-16","1.1990408665951691E-15","0.11643371248209311","0.05671411346043929","1.1990408665951691E-15","0.07903643922472199","3.9968028886505636E-16","3.9968028886505636E-16","0.0","3.9968028886505636E-16","3.9968028886505636E-16","0.0","0.22107344652570826","3.9968028886505636E-16","3.9968028886505636E-16","7.993605777301127E-16","0.0","0.0","3.9968028886505636E-16","0.0","0.0","3.9968028886505636E-16","7.993605777301127E-16","0.0","3.9968028886505636E-16","3.9968028886505636E-16","0.0","0.0","0.0","0.13869060939754294","0.0","0.0","0.0","7.993605777301127E-16","0.0","0.1770999108533655","3.9968028886505636E-16","0.0","0.07392628915659137"
"15","0.12961377103630542","0.13658361939129895","0.0931824759770735","0.08838036488713877","0.10979957087487006","0.0","0.0","0.0","0.0","0.0","0.0","0.0","0.2815568185113219","0.11208501799935648","0.0","0.16718937154697455","0.0","0.0","0.0","0.0","0.10354273625190871","0.0","0.0","0.0","0.0931824759770727","0.0","0.16225562489182652","0.0","0.0","0.15197321827195692","0.06357707908975518","1.9984014443252818E-16","0.0","0.0","0.0","0.0","0.1431045491131712","0.13536151779137967","0.0","0.0","0.0","0.11208501799935609","0.05396641065872485","0.05225184880124747","7.993605777301127E-16","0.07429481192656869","0.03785815454412891","7.993605777301127E-16","0.0477656718147534","1.1990408665951691E-15","0.039112011052154026","1.9984014443252818E-15","7.993605777301127E-16","1.1990408665951691E-15","7.993605777301127E-16","7.993605777301127E-16","3.9968028886505636E-16","3.9968028886505636E-16","1.9984014443252818E-16","9.992007221626409E-16","7.993605777301127E-16","0.0","1.1990408665951691E-15","0.0","0.0","0.0","0.0","0.0","0.0","3.9968028886505636E-16","0.0","0.0","3.9968028886505636E-16","1.1990408665951691E-15","0.0","0.0","0.0","3.9968028886505636E-16","1.9984014443252818E-16","0.0","1.5987211554602255E-15","0.0","0.0","3.9968028886505636E-16","0.0","0.0","0.0","3.9968028886505636E-16","0.0","0.0","0.0","3.9968028886505636E-16","0.0","0.0","7.993605777301127E-16","0.0","7.993605777301127E-16"
"14","0.1861170252302154","0.09739814985939509","0.06953812495364016","0.06632218765269982","0.16090013447225868","0.33435846484094073","0.37769609967029677","0.1888480498351482","0.18884804983514858","0.33435846484094073","0.13869060939754255","0.27738121879508587","0.1792856399332215","0.08192587714918442","0.11299421809011441","0.1159262928241378","0.0","0.0","0.22107344652570826","0.22107344652570826","0.0763795366571559","0.1888480498351482","0.0","0.18884804983514858","0.06953812495363856","0.0","0.1129942180901136","0.16717923242047059","0.0","0.10681780434415043","0.12559489370333998","3.9968028886505636E-16","0.0","0.3023595020523553","0.0","0.15117975102617684","0.10141607785644942","0.09664065156627215","0.13869060939754294","0.2773812187950863","0.0","0.08192587714918442","0.04233998793442866","0.04109739843498326","7.993605777301127E-16","0.056714113460438885","0.06091534740668041","0.0","0.03782203567551732","0.0","0.03140014197169627","1.9984014443252818E-15","7.993605777301127E-16","1.1990408665951691E-15","1.5987211554602255E-15","7.993605777301127E-16","0.0","7.993605777301127E-16","7.993605777301127E-16","1.1990408665951691E-15","7.993605777301127E-16","0.0","1.1990408665951691E-15","0.0","3.9968028886505636E-16","3.9968028886505636E-16","0.0","0.0","3.9968028886505636E-16","0.0","3.9968028886505636E-16","3.9968028886505636E-16","3.9968028886505636E-16","7.993605777301127E-16","0.0","0.0","3.9968028886505636E-16","0.0","0.0","3.9968028886505636E-16","7.993605777301127E-16","0.0","3.9968028886505636E-16","3.9968028886505636E-16","0.0","0.0","0.0","3.9968028886505636E-16","0.0","0.0","0.0","7.993605777301127E-16","0.0","0.0","3.9968028886505636E-16","0.0","7.993605777301127E-16"
"37","0.8944562775035401","0.7433658366822108","0.7411244735145214","0.5998760944638925","0.48345268901665545","0.4013858042344799","0.4581283214039829","0.4581283214039829","0.22906416070199137","0.4013858042344795","0.16401498489369756","0.16401498489369756","0.2164979578822098","0.09353826789703383","0.263280068427776","0.17344315964663548","0.0","0.0","0.5437659581969772","0.2718829790984883","0.17373634488912995","0.22906416070199095","0.0","0.4581283214039829","0.15739822559037916","0.0","0.131640034213888","0.20069290211723953","0.0","0.12396993759735575","0.1416999016020169","0.0","0.0","0.18000000000000016","0.0","0.18000000000000016","0.11729955044088634","0.11143258363623754","0.16401498489369795","0.16401498489369795","3.9968028886505636E-16","0.09353826789703383","0.09379911871785894","0.09094805938743127","0.18011633118700235","0.06356683635323145","0.06674580763806004","0.08393133215104535","0.04172853931321168","0.04414316745442975","0.0344370274753234","1.5987211554602255E-15","7.993605777301127E-16","7.993605777301127E-16","3.9968028886505636E-16","3.9968028886505636E-16","0.0","3.9968028886505636E-16","0.0","7.993605777301127E-16","3.9968028886505636E-16","0.0","7.993605777301127E-16","0.0","0.0","0.0","0.0","0.0","0.0","0.0","0.0","0.0","3.9968028886505636E-16","7.993605777301127E-16","0.0","0.0","0.0","0.0","0.0","0.0","7.993605777301127E-16","0.0","0.0","0.0","0.0","0.0","0.0","0.0","0.0","0.0","0.0","0.0","0.0","0.0","0.0","0.0","3.9968028886505636E-16"
"30","0.0","3.9968028886505636E-16","0.06953812495364016","3.9968028886505636E-16","0.0","0.0","3.9968028886505636E-16","0.0","0.0","0.0","0.0","0.0","7.993605777301127E-16","0.0","3.9968028886505636E-16","0.0","3.9968028886505636E-16","0.0","3.9968028886505636E-16","3.9968028886505636E-16","1.5987211554602255E-15","0.0","0.0","0.0","0.0","0.0","0.0","3.9968028886505636E-16","0.0","7.993605777301127E-16","0.0","0.15117975102617845","0.0","0.0","0.0","0.0","0.0","0.0","0.0","3.9968028886505636E-16","0.0","7.993605777301127E-16","3.597122599785507E-15","0.04109739843498326","1.5987211554602255E-15","0.0","0.0","0.0","0.03782203567551732","0.0399353468473167","5.595524044110789E-15","1.9984014443252818E-15","0.08854995542668354","0.1527590733143098","1.5987211554602255E-15","7.993605777301127E-16","0.0","7.993605777301127E-16","0.15117975102617845","1.1990408665951691E-15","0.11643371248209311","0.14348867015062536","1.1990408665951691E-15","0.07903643922472199","3.9968028886505636E-16","3.9968028886505636E-16","0.0","3.9968028886505636E-16","3.9968028886505636E-16","0.0","3.9968028886505636E-16","3.9968028886505636E-16","3.9968028886505636E-16","7.993605777301127E-16","0.0","0.07392628915659137","3.9968028886505636E-16","0.0","0.0","3.9968028886505636E-16","7.993605777301127E-16","0.0","3.9968028886505636E-16","3.9968028886505636E-16","0.0","0.0","0.0","0.13869060939754294","0.0","0.0","0.0","7.993605777301127E-16","0.0","0.1770999108533655","3.9968028886505636E-16","0.0","0.18372430737890372"
"18","0.7385404536681186","0.6663729947176069","0.8590501856289634","0.54313489688214","0.44075975895150254","0.2900258784341078","0.3257830105069541","0.12853149417695006","0.12853149417695006","0.2900258784341082","0.09862575816500221","0.09862575816500221","0.18708324625490588","0.0844348694689928","0.19956989815924145","0.155501377614757","3.9968028886505636E-16","3.9968028886505636E-16","0.1470745834320046","0.1470745834320042","0.15729909989956914","0.12853149417694967","0.0","0.12853149417695006","0.1430496796197164","0.0","0.11698353561614404","0.11579843046999408","3.9968028886505636E-16","0.1104948266720105","0.12908985103826862","3.9968028886505636E-16","0.0","0.10622279918555058","0.0","0.10622279918555058","0.10482700798075895","0.09982199473595009","0.09862575816500221","0.09862575816500221","3.9968028886505636E-16","0.0844348694689928","0.08667239891441336","0.12616180663564425","0.08141991127025668","0.05820568738519678","0.05631656450215385","0.07609323387544552","0.07735301361785561","0.08171050564389729","0.03206539678940157","1.9984014443252818E-15","0.09135489074809185","0.07864954994978537","7.993605777301127E-16","0.0","7.993605777301127E-16","0.0","7.993605777301127E-16","7.993605777301127E-16","0.12060054257035935","0.058205687385197984","7.993605777301127E-16","0.08141991127025587","0.0","0.0","3.9968028886505636E-16","3.9968028886505636E-16","0.0","0.0","3.9968028886505636E-16","0.0","0.0","7.993605777301127E-16","0.0","0.0","0.0","0.0","3.9968028886505636E-16","3.9968028886505636E-16","0.0","0.0","3.9968028886505636E-16","0.0","0.0","0.0","0.0","0.14406425999930825","0.0","0.0","0.0","0.0","0.0","0.18476071425009685","3.9968028886505636E-16","0.0","0.07609323387544631"
"6","0.7457472276649234","0.6224768486910861","0.716278975985925","0.531027710370347","0.37354238937235146","0.27188297909848846","0.3039464365439126","0.15197321827195612","0.15197321827195612","0.27188297909848846","0.11453208035099559","0.11453208035099559","0.1449219652165025","0.0702904267203599","0.18962016793573655","0.1281462474538512","0.0","0.17550605384505552","0.17550605384505552","0.17550605384505552","0.13164003421389","0.15197321827195612","0.0","0.15197321827195612","0.12052345197756598","0.0","0.09481008396786787","0.13594148954924404","0.0","0.08999999999999968","0.1092541033292255","3.9968028886505636E-16","0.0","0.12396993759735656","3.9968028886505636E-16","0.12396993759735615","0.08576851550919606","0.08200749244684898","0.11453208035099598","0.11453208035099598","3.9968028886505636E-16","0.0702904267203607","0.07524422792029838","0.1096940312128779","0.06796538816898816","0.09940331398361604","0.12568167995846116","0.06383260694462667","0.10129984846923223","0.07114752845233917","0.0282333982431056","1.5987211554602255E-15","0.07558987551309003","0.065820017106945","3.9968028886505636E-16","7.993605777301127E-16","7.993605777301127E-16","3.9968028886505636E-16","3.9968028886505636E-16","1.1990408665951691E-15","0.09747620557747534","0.04970165699180962","7.993605777301127E-16","0.06796538816898856","0.0","0.0","3.9968028886505636E-16","3.9968028886505636E-16","0.13594148954924404","0.0","0.17550605384505552","0.0","0.0","0.0","0.0","0.0","0.0","0.0","0.0","0.0","0.0","0.0","0.0","0.0","0.0","0.0","0.0","0.11453208035099559","0.0","0.0","0.0","0.0","0.0","0.14330517561169118","0.0","0.0","0.06383260694462548"
"16","0.08316358730588878","0.08685004576133895","0.06294934994504926","0.06015209340294416","0.7855340630373667","0.21196929110343674","0.24273764861366706","0.1622556248918261","0.0","0.21196929110343674","0.0","0.999","0.15452915767028","0.07364712416058508","0.0","0.10245601103309979","0.0","0.0","0.18811056980073634","0.0","0.06887218755408782","0.0","0.0","0.1622556248918261","0.06294934994504846","0.0","0.09999999999999964","0.0","0.0","0.09481008396786868","0.13536151779138048","3.9968028886505636E-16","0.0","0.999","0.0","0.0","0.09025222308980077","0.08620746190299666","0.0","0.999","0.0","0.07364712416058508","0.03900134529890438","0.03789029212063651","0.07116246869832991","0.051742192481336914","0.028308281331129195","0.0","0.03495383220675348","0.0","0.029162217783034006","1.9984014443252818E-15","7.993605777301127E-16","3.9968028886505636E-16","7.993605777301127E-16","7.993605777301127E-16","0.0","0.0","3.9968028886505636E-16","7.993605777301127E-16","7.993605777301127E-16","0.0","7.993605777301127E-16","0.0","0.0","0.0","0.0","0.0","0.0","0.0","0.0","0.0","0.0","0.0","0.0","0.0","0.0","0.0","0.0","0.0","0.0","0.0","0.0","0.0","0.0","0.0","0.0","0.0","0.0","0.0","0.0","0.0","0.0","0.0","0.0","0.0","0.0"
"23","0.0","0.0","0.0","0.0","0.0","0.0","1.9984014443252818E-16","1.9984014443252818E-16","1.9984014443252818E-16","0.0","0.0","0.0","3.9968028886505636E-16","3.9968028886505636E-16","0.0","0.0","1.9984014443252818E-16","1.9984014443252818E-16","1.9984014443252818E-16","1.9984014443252818E-16","1.5987211554602255E-15","0.0","0.0","1.9984014443252818E-16","0.0","0.0","0.0","0.0","0.0","0.0","0.0","0.0","3.9968028886505636E-16","0.0","0.0","3.9968028886505636E-16","0.0","0.0","3.9968028886505636E-16","3.9968028886505636E-16","3.9968028886505636E-16","3.9968028886505636E-16","2.3980817331903383E-15","2.3980817331903383E-15","3.9968028886505636E-16","0.0","0.0","7.993605777301127E-16","7.993605777301127E-16","0.0","3.9968028886505635E-15","1.5987211554602255E-15","7.993605777301127E-16","7.993605777301127E-16","7.993605777301127E-16","3.9968028886505636E-16","0.0","3.9968028886505636E-16","3.9968028886505636E-16","1.1990408665951691E-15","3.9968028886505636E-16","0.0","1.1990408665951691E-15","0.0","0.0","0.0","3.9968028886505636E-16","3.9968028886505636E-16","0.0","0.0","1.9984014443252818E-16","0.0","3.9968028886505636E-16","7.993605777301127E-16","3.9968028886505636E-16","3.9968028886505636E-16","1.9984014443252818E-16","7.993605777301127E-16","0.0","0.0","1.5987211554602255E-15","0.0","1.9984014443252818E-16","0.0","0.0","0.0","0.0","0.0","0.0","0.0","0.0","3.9968028886505636E-16","0.0","0.0","0.0","0.0","1.1990408665951691E-15"
"34","0.14501196020601106","0.07552550470279833","0.11145282161364505","0.05337185152374824","0.06360298278551278","0.12169171866886948","0.13536151779137967","0.13536151779137967","0.13536151779137967","0.12169171866886948","0.999","0.10330828133112893","0.1293579255788389","0.0646555964272467","0.08620746190299587","0.0881881880986013","0.0","0.0","0.15531410437786028","0.15531410437786028","0.06068441215341767","0.13536151779137967","0.0","0.13536151779137967","0.11145282161364585","0.0","0.08620746190299587","0.12169171866886908","0.0","0.08200749244684857","0.040563906222955026","0.0","0.9789612800657028","0.11143258363623794","0.11143258363623794","0.999","0.07830213809879738","0.7796703503742312","0.999","0.10330828133112972","0.9119415478763752","0.0646555964272475","0.4766520673577377","0.6299867624538408","0.0","0.09247922410858882","0.05177136812595116","0.0","0.12694690682928397","0.03339386113854621","0.026641365601799905","0.07830213809879859","0.9973916542969601","0.1639926934845474","0.0","7.993605777301127E-16","7.993605777301127E-16","0.0","0.0","1.1990408665951691E-15","0.17706028178284436","0.14138993283902665","7.993605777301127E-16","0.06259197915174286","0.0","0.0","0.9789612800657039","0.11143258363623794","0.0","0.0","0.0","0.0","0.0","0.0","0.0","0.0","0.0","0.0","0.911941547876373","0.11623575378558444","0.0","0.0","0.0","0.0","0.0","0.0","0.0","0.10330828133112972","0.0","0.0","0.0","0.0","0.0","0.1279794704479385","0.06259197915174167","0.0","0.05891430169324385"
"4","0.4389889524649261","0.4536207186016985","0.5903995859353813","0.37455371693519957","0.2943240590738302","0.14470489153566723","0.1622556248918261","0.0","0.0","0.14470489153566723","0.0","0.0","0.1545291576702796","0.07364712416058468","0.09999999999999964","0.13457720000660123","0.0","0.0","0.0","0.0","0.13774437510817444","0.0","0.0","0.0","0.5457835155769252","0.0","0.6703713061595974","0.0","0.0","0.09481008396786868","0.11399269348454598","0.0","0.0","0.0","0.0","0.0","0.4753415439153321","0.5790097000706341","0.0","0.0","0.0","0.07364712416058548","0.33041594153676296","0.41471533527646964","0.07116246869832912","0.40509890938962073","0.028308281331128792","0.06675260539264127","0.3095961435412241","0.07369957212810689","0.029162217783033607","1.5987211554602255E-15","0.07932011095544289","0.06887218755408782","0.0","7.993605777301127E-16","7.993605777301127E-16","0.0","0.0","1.1990408665951691E-15","0.1028805507819314","0.05174219248133771","7.993605777301127E-16","0.07116246869832872","0.0","0.0","0.0","0.0","0.0","0.0","0.0","0.0","0.0","0.0","0.0","0.0","0.0","0.0","0.0","0.0","0.0","0.0","0.0","0.0","0.0","0.0","0.0","0.12136882430683334","0.0","0.0","0.0","0.0","0.0","0.15275907331430857","0.0","0.0","0.06675260539264087"
"7","0.0","7.993605777301127E-16","0.05572641080682233","1.5987211554602255E-15","0.06360298278551357","0.0","0.0","0.0","0.0","0.0","0.10330828133112933","0.0","0.0","0.0","0.0","0.0","0.0","0.0","0.0","0.0","1.1990408665951691E-15","0.0","0.0","0.0","0.5948339596132949","0.0","0.08620746190299666","0.0","0.12169171866886988","0.0","0.040563906222955824","0.0","0.11143258363623794","0.0","0.9789612800657039","0.11143258363623794","0.05428413235881302","0.07499999999999894","0.10330828133113013","0.0","0.10330828133113013","0.0","0.5096811248562348","0.12088459882050735","0.06259197915174246","0.0","0.0","0.058914301693245054","0.5362778668223184","0.0","4.39648317751562E-15","0.07830213809879859","0.06934530469877208","7.993605777301127E-16","7.993605777301127E-16","7.993605777301127E-16","0.05292950640506851","0.0","0.0","1.1990408665951691E-15","0.06259197915174326","0.04623961205429441","1.5987211554602255E-15","3.9968028886505636E-16","0.0910266182301251","0.0","0.11143258363623794","0.9789612800657039","0.0","3.9968028886505636E-16","0.0","0.12169171866886948","3.9968028886505636E-16","7.993605777301127E-16","0.0","0.0","0.24338343733773976","3.9968028886505636E-16","0.10330828133112972","0.0","0.0","0.0","0.0","0.0","0.0","0.0","0.0","0.0","0.0","0.0","0.0","0.0","0.0","0.0","0.0","0.0","0.0840388059462903"
"33","0.44366526965365266","0.5054645379779138","0.48977783151465565","0.4101883447735332","0.3535079440944064","0.2030422766870705","0.11208501799935609","0.11208501799935609","0.11208501799935609","0.10152113834353545","0.08717681533918813","0.08717681533918813","0.1658075913219709","0.1549624219966948","0.07364712416058508","0.13510782347405678","0.12738726599008518","0.12738726599008518","0.0","0.0","0.1253447685436949","0.0","0.11208501799935569","0.0","0.11490626063920639","0.1063896512192045","0.10598464555171816","0.0","0.10152113834353545","0.10034645105862038","0.10001996522604246","0.09353826789703423","0.09353826789703423","0.0","0.09353826789703423","0.0","0.09540447417827336","0.0910266182301255","3.9968028886505636E-16","3.9968028886505636E-16","0.08717681533918853","0.0774812109983476","0.07220898610658422","0.10102508062498705","0.05455941888569145","0.09503203947602472","0.029312224599327318","0.05153430025309267","0.06489912227732457","0.030038146005536604","0.030207371833548","0.06731645817631744","0.060074495677466144","0.08717681533919013","7.993605777301127E-16","1.5987211554602255E-15","1.5987211554602255E-15","7.993605777301127E-16","0.0","1.5987211554602255E-15","0.07549728429108607","0.08074815572943317","1.5987211554602255E-15","3.9968028886505636E-16","0.0","0.0","0.0","0.0","0.0","1.1990408665951691E-15","0.0","0.0","0.0","0.0","0.0","0.0","0.0","3.9968028886505636E-16","0.0","0.09728220992612631","0.0","0.0","0.0","0.0","0.0","0.0","0.0","0.0","0.0","0.0","0.0","0.0","0.0","0.0","0.054559418885689846","0.0","0.0"
