"","IDownloadAudioWatermarkingLocal","IDownloadReEncoderLocal","IDownloadAudioWatermarking","IDownloadCacheLocal","IDownloadMediaAccessLocal","IDownloadTagWatermarkingLocal","IDownloadAudioWatermarkingRemote","DownloadBean","WavFileException","FileContentLocal","IDownload","FSUtil","TagWatermarkingImpl","DbManager","IFacadeLocal","IPackagingLocal","IDownloadReEncoder","IDownloadCache","IPackaging","IMediaManagementLocal","ICacheMaintenanceLocal","IMediaAccessLocal","UnknownServerException","IDownloadTagWatermarking","IDownloadCacheRemote","IDownloadReEncoderRemote","IDownloadMediaAccess","FailedDownloadException","AudioFile","IUserManagementLocal","IMediaAccessMaintenanceLocal","IDownloadMediaAccessRemote","IDownloadTagWatermarkingRemote","AudioWatermarkingImpl","FileContent","AudioFileInfo","IUserDBAdapterLocal","FileContentRemote","PackagingImpl","IMediaManagement","ReEncoderImpl","UploadBean","CacheImpl","CacheSingleton","MediaManagementImpl","MediaAccessImpl","Audio","WavFile","FacadeImpl","AppException","DbException","IMediaAccessMaintenance","EJB","UserAlreadyExistsException","GlobalConstantsContainer","IUserDBAdapter","IFacade","LoginBean","IUserManagementRemote","IMediaAccessMaintenanceRemote","User","BadLoginDataException","BaseEJB","MessageUtil","Config","PropertiesException","SecurityUtil","UserRegData","WebBeanManager","JNDIUtil","ICacheMaintenanceRemote","UserManagementImpl","Main","IMediaManagementRemote","IUserDBAdapterRemote","IMediaAccessRemote","PropertiesUtil","IUserManagement","InterfaceDetails","ICacheMaintenance","IPackagingRemote","IFacadeRemote","RegisterBean","IdAndBitrate","IBusinessInterface","RequiredInterface","ProvidedInterface","FailedUploadException","LameUtil","SessionBean","IMediaAccess","SessionUtil","ConversionException","MainFilter","CurrentUser","UserDBAdapterImpl"
"9","0.35407599728516814","0.25732984548887616","0.25732984548887616","0.25732984548887616","0.23605066485677906","0.23605066485677906","0.2360506648567786","0.2309896347087026","0.20279519628025344","0.18465453975060964","0.17474559772771858","0.16352631576085752","0.1462190394157714","0.14330321474186114","0.1428127713077223","0.1428127713077223","0.1428127713077214","0.1428127713077214","0.12998170624015914","0.1286649227444383","0.1286649227444383","0.1286649227444383","0.1286649227444383","0.12866492274443786","0.12866492274443786","0.12866492274443786","0.12866492274443786","0.1230091790958312","0.11989008891667918","0.11802533242838997","0.11802533242838997","0.11802533242838953","0.11802533242838953","0.11716537430762841","0.11647445331195616","0.11009972402889101","0.1095841757388909","0.09046656807806164","0.08191719992407664","0.06917243394919526","0.06499085312008024","0.06381744313387738","0.056805449375884276","0.05680544937588339","0.043694194416542764","0.04095859996203988","0.035592391812245605","0.035535602422934076","4.440892098500626E-15","1.7763568394002505E-15","1.3322676295501878E-15","1.3322676295501878E-15","8.881784197001252E-16","8.881784197001252E-16","8.881784197001252E-16","8.881784197001252E-16","8.881784197001252E-16","4.440892098500626E-16","4.440892098500626E-16","4.440892098500626E-16","0.0","0.0","0.0","0.0","0.0","0.0","0.0","0.0","0.0","0.0","0.0","0.0","0.0","0.0","0.0","0.0","0.0","0.0","0.0","0.0","0.0","0.0","0.0","0.0","0.0","0.0","0.0","0.0","0.0","0.0","0.0","0.0","0.0","0.0","0.0","0.0"
"27","0.1377443751081735","0.0","0.15104609949916048","0.0","0.33774437510817323","0.0","0.1377443751081735","0.14332163443272794","0.15748892691757055","0.0755170979655424","0.09999999999999964","0.14114050112175658","0.13499775783516466","0.13774437510817306","0.0","0.0","0.0","0.0","0.10534453774207542","0.15104609949916048","0.0","0.3740382129627604","0.0","0.0","0.0","0.0","0.3740382129627604","0.0","0.10897870010337307","4.440892098500626E-16","0.3377443751081737","0.3377443751081737","4.440892098500626E-16","0.11755363668905261","0.09529835056577474","0.10034578813743433","0.0","0.07551709796554285","0.06887218755408675","0.15620094826746733","0.07313335234105045","0.031060825325689656","0.06348652174053271","0.06348652174053182","0.24520742996162692","0.22560252965230188","0.03900134529889776","0.03129237703304","0.08360469768921952","2.220446049250313E-15","1.7763568394002505E-15","0.29277093015610944","8.881784197001252E-16","8.881784197001252E-16","8.881784197001252E-16","0.13050614664511162","8.881784197001252E-16","1.7763568394002505E-15","4.440892098500626E-16","0.3377443751081737","1.3322676295501878E-15","0.13774437510817306","0.0","0.0","4.440892098500626E-16","0.0","0.0","0.07430188107576541","0.0","0.0","0.0","0.057682464853673565","0.0","0.15104609949916048","0.0","0.3740382129627604","0.0","0.09111943605205397","0.0","0.0","0.0","0.0","0.0","0.0","0.0","0.0","0.0","0.0","0.0","0.0","0.28666395041147474","0.0","0.0","0.0","0.0","0.11149605673179863"
"1","0.0","0.0","0.0","0.0","0.10817041659455029","0.0","0.0","0.04940344930160734","0.0","0.0","0.0","0.0","0.0","0.114943282537328","0.13000448432967016","0.0","0.0","0.0","0.0","0.23512106368833896","0.0","0.11756053184416926","0.11756053184416881","0.0","0.0","0.0","0.11756053184416926","0.0","0.0","0.10817041659455073","0.10817041659455029","0.10817041659455029","0.0","0.0","1.7763568394002505E-15","0.0","0.0","0.0","0.0","0.12906969453277117","8.881784197001252E-16","0.05442386614421668","1.7763568394002505E-15","8.881784197001252E-16","0.12149258140273567","0.1162357537855856","0.03377182628265274","0.0","0.19300899463232923","1.7763568394002505E-15","1.7763568394002505E-15","0.14306083357769772","1.7763568394002505E-15","1.3322676295501878E-15","0.0","0.06256818189140523","0.05329849505422901","0.049801077671213","0.10817041659455073","0.10817041659455073","0.0","0.0","0.0","0.0","0.0","0.0","1.7763568394002505E-15","0.0","0.10413396551164356","0.0","0.0","0.11898526005541665","0.11756053184416926","0.23512106368833896","0.0","0.11756053184416926","0.0","0.07433070448786694","0.0","0.0","0.0","0.13000448432967016","0.0","0.0","0.0","0.0","0.0","0.0","0.0","0.1758915105680039","0.09453643914994947","0.18907287829989938","0.0","0.05599250038006476","0.06593628474247915","0.10413396551164311"
"25","0.17474559772771991","4.440892098500626E-16","0.19358605329345924","4.440892098500626E-16","0.11802533242839042","8.881784197001252E-16","0.17474559772771947","0.16910349240149358","0.13379426266876937","0.06700030142797697","0.12277202963556721","0.1320398021925353","0.20631473194423045","0.20468922955964608","4.440892098500626E-16","0.0","0.0","0.0","0.2752878751436607","4.440892098500626E-16","0.0","0.1286649227444392","4.440892098500626E-16","0.0","0.0","0.0","0.1286649227444392","0.0","0.1062236927352389","8.881784197001252E-16","0.11802533242839042","0.11802533242839042","8.881784197001252E-16","0.1690960752787678","0.08349523033728534","0.09778869693327952","0.0","0.06700030142797653","0.18415804445334993","0.23216138953060605","0.15237924195317376","0.02855645345044522","0.1318662747904189","0.07506082541453507","0.2234688678199115","0.25688327331563166","0.08035307445809936","0.02876285146068902","0.11416356935059202","1.7763568394002505E-15","1.3322676295501878E-15","0.15384615384615463","8.881784197001252E-16","8.881784197001252E-16","8.881784197001252E-16","0.06700030142797786","0.05680544937588383","4.440892098500626E-16","8.881784197001252E-16","0.11802533242838997","0.0","0.0","0.0","0.0","0.0","0.0","0.0","0.0","0.0","0.0917626250478869","0.0","0.05183681609864221","0.0","4.440892098500626E-16","0.0","0.1286649227444383","0.0","4.440892098500626E-16","0.0","0.0","0.0","0.0","0.0","0.0","0.0","0.0","0.0","0.0","0.0","0.13289641660174167","0.2052896825001076","0.10264484125005335","0.0","0.0","0.0707221513858296","0.05545666374219271"
"35","0.0","0.0","0.0","0.0","0.0","4.440892098500626E-16","4.440892098500626E-16","0.08990283281987921","0.16782899944351248","0.07906940966481013","0.0","0.11291141139903438","0.08483857803777539","0.14396423304428563","0.0","0.0","0.0","0.0","0.11111111111111072","0.0","0.0","0.0","0.0","0.0","0.0","0.0","0.0","0.0","0.07571971472364725","4.440892098500626E-16","0.0","0.0","4.440892098500626E-16","0.04841389693715126","0.1002802478775573","0.06994372216116451","0.0","0.07906940966481057","0.07198211652214281","0.0","8.881784197001252E-16","0.0320790023070332","1.3322676295501878E-15","4.440892098500626E-16","0.0","0.10523755042390359","0.040393117122921485","0.032320902335005286","0.09705112651141157","1.7763568394002505E-15","2.220446049250313E-15","0.214771804143719","8.881784197001252E-16","8.881784197001252E-16","8.881784197001252E-16","0.27651803198641467","8.881784197001252E-16","4.440892098500626E-16","4.440892098500626E-16","4.440892098500626E-16","8.881784197001252E-16","0.21068907548415217","0.07416956154737964","0.0","0.0","0.0","0.0","0.10209765274281501","0.0","0.0","0.0","0.13679299903542175","0.0","0.0","0.0","0.0","0.0","0.12915083753953782","0.0","0.0","0.0","0.0","0.0","8.881784197001252E-16","0.0","0.0","0.0","0.0","0.0","0.16659361185571786","0.0","0.1255491312112369","0.0","0.0","0.08380601480821648","0.2282356946821804"
"24","0.15620094826746733","0.0","0.17218046888521688","0.0","0.0","0.0","0.15620094826746733","0.1576165854824949","0.1799552913053586","0.08312329574673782","0.11149605673179952","0.15631048042116058","0.14810762448534964","0.22656914924874183","0.0","0.0","0.0","0.0","0.11776071727968729","0.0","0.0","0.0","0.0","0.0","0.0","0.0","0.0","0.0","0.15815056445238973","0.0","0.0","0.0","0.0","0.12829816459496213","0.1060049713091944","0.14489600153741122","0.0","0.08312329574673782","0.07552304974958002","0.086090234442608","0.08039160640870602","0.06644921765197731","0.06939717563228953","0.06939717563228864","0.052252936055758425","0.1462550448708808","0.12588783085748378","0.033478225547563856","0.09012887432504302","2.6645352591003757E-15","1.7763568394002505E-15","0.19358605329346013","1.3322676295501878E-15","1.3322676295501878E-15","8.881784197001252E-16","0.23067353056577433","1.3322676295501878E-15","8.881784197001252E-16","0.0","0.0","1.7763568394002505E-15","0.15620094826746733","4.440892098500626E-16","0.0","4.440892098500626E-16","0.0","0.0","0.08172997651334457","0.0","0.0","0.0","0.12566177330861183","0.0","0.0","0.0","0.0","0.0","0.10114068692236167","0.0","0.0","0.0","0.0","0.0","4.440892098500626E-16","0.0","0.0","0.0","0.0","0.0","0.17859123733383875","0.0","0.1334988792832541","0.0","0.0","0.08821584400844618","0.1926065103715935"
"32","0.0","0.0","0.0","0.0","0.0","0.0","0.0","2.220446049250313E-15","4.440892098500626E-16","8.881784197001252E-16","0.0","0.0","4.440892098500626E-16","8.881784197001252E-16","0.0","0.0","0.0","0.0","0.0","0.0","0.0","0.0","0.0","0.0","0.0","0.0","0.0","0.0","0.0","0.0","0.0","0.0","0.0","0.0","1.7763568394002505E-15","0.0","0.0","8.881784197001252E-16","0.0","0.0","1.7763568394002505E-15","0.0","1.7763568394002505E-15","8.881784197001252E-16","0.0","1.3322676295501878E-15","0.0","0.0","3.1086244689504383E-15","1.7763568394002505E-15","2.220446049250313E-15","8.881784197001252E-16","4.440892098500626E-16","8.881784197001252E-16","8.881784197001252E-16","1.3322676295501878E-15","4.440892098500626E-16","0.07140638565386226","0.0","0.0","0.0564635921612453","0.0","4.440892098500626E-16","0.0","4.440892098500626E-16","0.0","0.2055093869079747","0.058630837123669455","4.440892098500626E-16","0.0","0.0","0.0","0.0","0.0","0.0","0.0","0.0","0.0","0.0","0.0","0.0","0.0","0.08717546923075936","4.440892098500626E-16","0.0","0.0","0.0","0.0","0.0","0.0","0.0","0.0","0.0","0.0","0.1818499339406161","0.0"
"10","0.0","0.0","0.0","0.0","0.0","0.0","0.0","2.6645352591003757E-15","4.440892098500626E-16","4.440892098500626E-16","0.0","0.0","0.0","0.09024101186092093","0.0","0.0","0.0","0.0","0.0","0.0","0.0","0.0","0.0","0.0","0.0","0.0","0.0","0.0","0.0","0.0","0.0","0.0","0.0","0.0","1.3322676295501878E-15","0.0","0.0","0.0","0.0","0.0","8.881784197001252E-16","0.0","8.881784197001252E-16","0.0","0.0","0.05661656266226167","0.048344668561364657","0.0","0.052110621509923405","1.3322676295501878E-15","1.7763568394002505E-15","0.11802533242838997","0.0","8.881784197001252E-16","4.440892098500626E-16","0.10006462843722463","0.0","0.0","0.0","0.0","1.7763568394002505E-15","0.0","0.0","0.0","0.0","0.0","0.0","8.881784197001252E-16","0.0","0.0","0.0","0.07410517395240301","0.0","0.0","0.0","0.0","0.0","0.0","0.0","0.0","0.0","0.0","0.0","4.440892098500626E-16","0.0","0.0","0.0","0.0","0.0","0.23231205393209287","0.0","0.1679775011401965","0.0","0.0","0.10671254060561797","0.08013628486231195"
"11","0.0","0.0","0.0","0.0","0.0","0.0","0.0","2.220446049250313E-15","4.440892098500626E-16","8.881784197001252E-16","0.0","0.0","4.440892098500626E-16","0.0844295657066434","0.0","0.0","0.0","0.0","0.0","0.20228137384472245","0.0","0.0","0.0","0.0","0.0","0.0","0.0","0.0","0.0","0.18223887210410883","0.0","0.0","0.0","0.0","1.7763568394002505E-15","0.0","0.0","8.881784197001252E-16","0.0","0.09686312815465481","1.7763568394002505E-15","0.0","1.7763568394002505E-15","8.881784197001252E-16","0.09014201382879161","0.05353531495583708","0.0","0.0","0.13485424922981837","1.7763568394002505E-15","2.220446049250313E-15","8.881784197001252E-16","4.440892098500626E-16","8.881784197001252E-16","8.881784197001252E-16","1.3322676295501878E-15","4.440892098500626E-16","8.881784197001252E-16","0.18223887210410883","0.0","1.7763568394002505E-15","0.0","4.440892098500626E-16","0.0","4.440892098500626E-16","0.0","0.0","1.3322676295501878E-15","0.07520084321743381","0.0","0.0","0.10718880854493751","0.0","0.2022813738447229","0.0","0.0","0.0","0.11478697925681036","0.0","0.0","0.0","0.0","8.881784197001252E-16","4.440892098500626E-16","0.0","0.0","0.0","0.0","0.0","0.0","0.0","0.0","0.0","0.0","0.0","0.07520084321743337"
"17","0.27548875021634656","0.0","0.30209219899832096","0.0","0.1377443751081735","0.2754887502163461","0.27548875021634656","0.14332163443272794","0.15748892691757055","0.0755170979655424","0.09999999999999964","0.14114050112175658","0.2699955156703293","0.27548875021634656","0.0","0.0","0.0","0.0","0.10534453774207542","0.30209219899832096","0.0","0.15104609949916048","0.0","0.30209219899832096","0.0","0.0","0.15104609949916048","0.0","0.10897870010337307","0.1377443751081735","0.1377443751081735","0.1377443751081735","0.27548875021634656","0.18847875551641557","0.09529835056577474","0.10034578813743522","0.0","0.07551709796554285","0.06887218755408675","0.23430142240120055","0.07313335234105045","0.031060825325690544","0.06348652174053271","0.06348652174053182","0.1945268004846321","0.18048202372184186","0.07800269059779907","0.03129237703304","0.18894923543129494","2.220446049250313E-15","1.7763568394002505E-15","0.17474559772772036","8.881784197001252E-16","8.881784197001252E-16","8.881784197001252E-16","0.07551709796554285","8.881784197001252E-16","8.881784197001252E-16","0.1377443751081735","0.1377443751081735","1.3322676295501878E-15","0.0","0.0","0.0","4.440892098500626E-16","0.0","0.0","8.881784197001252E-16","0.06190699090902019","0.0","0.0","0.14332163443272528","0.0","0.30209219899832096","0.0","0.15104609949916048","0.0","0.09111943605205397","0.0","0.0","0.0","0.0","0.0","0.0","0.0","0.0","0.0","0.0","0.0","0.15635984780034295","0.11868644927127736","0.11868644927127647","0.0","0.0","0.07994774258134019","0.12381398181804126"
"8","4.440892098500626E-16","0.0","0.0","0.0","0.18223887210410883","0.0","0.0","2.6645352591003757E-15","8.881784197001252E-16","8.881784197001252E-16","0.0","0.0","8.881784197001252E-16","0.08442956570664384","2.220446049250313E-16","0.0","0.0","0.0","0.0","0.40456274768944533","0.0","0.20228137384472245","0.0","0.0","0.0","0.0","0.20228137384472245","0.0","0.0","0.18223887210410883","0.18223887210410883","0.18223887210410883","0.0","0.0","1.7763568394002505E-15","0.0","0.0","4.440892098500626E-16","8.881784197001252E-16","0.19372625630930784","8.881784197001252E-16","0.0","8.881784197001252E-16","8.881784197001252E-16","0.180284027657585","0.10707062991167327","0.0","0.0","0.18420707904719613","1.7763568394002505E-15","1.7763568394002505E-15","0.10958417573889179","0.0","1.3322676295501878E-15","4.440892098500626E-16","1.7763568394002505E-15","8.881784197001252E-16","8.881784197001252E-16","0.18223887210410927","0.18223887210410883","1.7763568394002505E-15","4.440892098500626E-16","4.440892098500626E-16","0.0","0.0","0.0","0.0","8.881784197001252E-16","0.07520084321743381","0.0","0.0","0.10718880854493662","0.0","0.4045627476894449","0.0","0.20228137384472245","0.0","0.11478697925681036","0.0","0.0","0.0","0.0","8.881784197001252E-16","4.440892098500626E-16","0.0","0.0","0.0","0.0","0.0","0.0","0.1541006771083806","0.0","0.0","0.0","0.0","0.07520084321743337"
"2","0.0","0.0","0.0","0.0","0.0","0.0","0.0","2.6645352591003757E-15","1.3322676295501878E-15","8.881784197001252E-16","0.0","0.0","0.0","0.07961398645093976","0.0","0.0","0.0","0.0","0.0","0.0","4.440892098500626E-16","0.0","4.440892098500626E-16","0.0","4.440892098500626E-16","4.440892098500626E-16","0.0","0.0","0.0","4.440892098500626E-16","0.0","0.0","0.0","0.0","1.7763568394002505E-15","0.0","0.0","1.3322676295501878E-15","4.440892098500626E-16","0.0","8.881784197001252E-16","0.0","1.3322676295501878E-15","1.3322676295501878E-15","0.0","0.050959049605271645","0.04375776694892819","0.0","0.04704443103825362","1.7763568394002505E-15","2.220446049250313E-15","0.10264484125005557","0.06677253741241973","1.3322676295501878E-15","8.881784197001252E-16","0.08781826580524843","8.881784197001252E-16","1.3322676295501878E-15","8.881784197001252E-16","4.440892098500626E-16","1.7763568394002505E-15","4.440892098500626E-16","0.0821403212851024","0.0","0.0","0.0","0.0","1.7763568394002505E-15","0.10737850174030417","4.440892098500626E-16","4.440892098500626E-16","0.06597960208913856","4.440892098500626E-16","0.0","0.0","0.0","0.0","4.440892098500626E-16","0.0","4.440892098500626E-16","0.0","0.0","0.0","8.881784197001252E-16","0.0","0.10737850174030372","4.440892098500626E-16","0.0","0.0","0.19290640465347852","0.0","0.14285714285714235","0.0","0.0","0.09333145947778343","0.07109970580441027"
"26","0.1377443751081735","0.0","0.15104609949916004","0.0","0.27548875021634656","0.0","0.1377443751081735","0.14332163443272883","0.15748892691757055","0.07551709796554196","0.10000000000000009","0.14114050112175658","0.13499775783516554","0.20661656266226025","0.0","0.0","0.0","0.0","0.10534453774207542","0.15104609949916004","0.0","0.3020921989983205","0.0","0.0","0.0","0.0","0.3020921989983205","0.0","0.1455785570616639","4.440892098500626E-16","0.275488750216347","0.275488750216347","4.440892098500626E-16","0.1175536366890535","0.09529835056577518","0.13373410295400046","0.0","0.07551709796554285","0.06887218755408586","0.15620094826746733","0.07313335234105","0.0801882578869586","0.06348652174053182","0.06348652174053093","0.21251288419563696","0.20423370534546859","0.07800269059779907","0.03129237703303911","0.08360469768921952","1.7763568394002505E-15","1.7763568394002505E-15","0.2621183965915792","1.7763568394002505E-15","1.7763568394002505E-15","4.440892098500626E-16","0.07551709796554373","1.7763568394002505E-15","0.0","4.440892098500626E-16","0.275488750216347","8.881784197001252E-16","0.0","0.0","0.0","0.0","0.0","8.881784197001252E-16","8.881784197001252E-16","0.0","0.0","0.0","0.057682464853673565","0.0","0.15104609949916004","0.0","0.3020921989983205","0.0","0.0","0.0","0.0","0.0","0.0","0.0","0.0","0.0","0.0","0.0","0.14396423304428652","0.0","0.15635984780034207","0.2373728985425556","0.11868644927127736","0.0","0.0","0.07994774258134019","0.0619069909090193"
"13","0.0","0.0","0.0","0.0","0.10393140877448159","0.0","0.0","2.6645352591003757E-15","0.0","8.881784197001252E-16","0.0","0.0","0.0","0.11149605673179952","0.0","0.0","0.0","0.0","0.0","0.22560252965230054","0.0","0.1128012648261505","0.0","0.0","0.0","0.0","0.1128012648261505","0.0","0.0","0.10393140877448248","0.10393140877448204","0.10393140877448204","0.0","0.0","2.6645352591003757E-15","0.0","0.0","8.881784197001252E-16","0.0","0.125","1.7763568394002505E-15","0.0","1.7763568394002505E-15","1.7763568394002505E-15","0.11776071727968418","0.11328457462437047","0.032960751493073204","0.0","0.15216567720134933","2.6645352591003757E-15","1.7763568394002505E-15","0.1383448678983923","8.881784197001252E-16","1.3322676295501878E-15","8.881784197001252E-16","0.06062157653965761","1.3322676295501878E-15","0.0643324613722207","0.10393140877448248","0.10393140877448248","0.05132367365973689","0.0","0.0","0.0","0.0","0.0","0.1566782431949445","0.05322228367699333","0.0505703434611795","0.0","0.0","0.115325693573741","0.0","0.22560252965230054","0.0","0.1128012648261505","0.0","0.07183955158583188","0.0","0.0","0.0","0.0","0.07786624935192599","0.0","0.0","0.0","0.0","0.0","0.0","0.11631815929750733","0.09102875238798225","0.09102875238798136","0.0","0.0","0.18928575075560072","0.10114068692235989"
"19","0.22568590531692756","0.12281858140317192","0.24563716280634296","0.12281858140317192","0.11284295265846422","0.11284295265846422","0.22568590531692756","0.2414813332531356","0.2430686630654728","0.10264127415440605","0.16797750114019827","0.18398279633481085","0.15831484259570683","0.2111563500056075","8.881784197001252E-16","0.1360596653605466","0.1360596653605466","0.1360596653605466","0.23882671345097384","8.881784197001252E-16","8.881784197001252E-16","8.881784197001252E-16","1.3322676295501878E-15","0.12281858140317192","0.12281858140317192","0.12281858140317192","0.12281858140317192","0.11751790356221292","0.1304167126364426","1.3322676295501878E-15","1.3322676295501878E-15","0.11284295265846467","0.11284295265846467","0.12091202821955083","0.13408344539355266","0.11943528241316548","4.440892098500626E-16","0.10264127415440649","0.15181312536996883","0.06674943964162816","0.06277456560562111","0.06640553996973075","0.054976522717632204","0.054976522717631315","0.08486615184128166","0.07961398645094153","0.06929174514636527","0.03885630960851216","0.03701554100691418","2.6645352591003757E-15","3.1086244689504383E-15","0.07410241020267483","0.050769628250805","2.6645352591003757E-15","1.7763568394002505E-15","0.0646853958233864","2.6645352591003757E-15","1.3322676295501878E-15","1.3322676295501878E-15","1.3322676295501878E-15","8.881784197001252E-16","8.881784197001252E-16","8.881784197001252E-16","8.881784197001252E-16","8.881784197001252E-16","8.881784197001252E-16","1.7763568394002505E-15","8.881784197001252E-16","8.881784197001252E-16","4.440892098500626E-16","8.881784197001252E-16","0.05023108561127243","8.881784197001252E-16","8.881784197001252E-16","4.440892098500626E-16","8.881784197001252E-16","8.881784197001252E-16","1.3322676295501878E-15","4.440892098500626E-16","8.881784197001252E-16","0.1360596653605466","8.881784197001252E-16","0.0","8.881784197001252E-16","4.440892098500626E-16","8.881784197001252E-16","0.0689883833708711","8.881784197001252E-16","0.0","0.1267815082147119","0.0","0.0983888393629817","0.0","0.0","0.06822111855958868","0.053689250870151195"
"36","4.440892098500626E-16","0.0","0.0","0.0","0.0","4.440892098500626E-16","8.881784197001252E-16","0.10046217122254575","0.19442947806672395","0.08781826580524754","0.0","0.12769766807345384","0.0945364391499508","0.1592279729018804","0.0","0.0","0.0","0.0","0.12554913121123823","0.0","4.440892098500626E-16","0.0","4.440892098500626E-16","0.0","4.440892098500626E-16","4.440892098500626E-16","0.0","0.0","0.12488693953925756","4.440892098500626E-16","0.0","0.0","8.881784197001252E-16","0.052745600318750974","0.11268453095161268","0.11448645578890693","0.0","0.0878182658052471","0.0796139864509402","0.0","1.7763568394002505E-15","0.09024811368511987","2.220446049250313E-15","1.3322676295501878E-15","0.0","0.1019180992105424","0.04375776694892819","0.03479897861889292","0.09408886207650546","1.7763568394002505E-15","2.220446049250313E-15","0.20528968250010893","8.881784197001252E-16","1.3322676295501878E-15","8.881784197001252E-16","0.24620360753317527","1.7763568394002505E-15","4.440892098500626E-16","8.881784197001252E-16","4.440892098500626E-16","1.7763568394002505E-15","0.16797750114019783","8.881784197001252E-16","0.0","0.0","0.0","0.0","0.08631205685666465","0.0","4.440892098500626E-16","4.440892098500626E-16","0.13195920417827756","4.440892098500626E-16","0.0","0.0","0.0","0.0","0.10737850174030283","0.0","4.440892098500626E-16","0.0","0.0","0.0","8.881784197001252E-16","0.0","0.0","4.440892098500626E-16","0.17626691323431753","0.0","0.19290640465347808","0.0","0.14285714285714235","0.0","0.0","0.09333145947778343","0.2045985850876666"
"22","0.1462667046820978","0.0","0.16078321281740804","0.0","0.0","0.0","0.14626670468209824","0.14999750870574102","0.16782899944351204","0.07906940966481102","0.10534453774207542","0.14819875983421715","0.14112495517553691","0.14396423304428652","0.0","0.0","0.0","0.0","0.11111111111111072","0.0","0.0","0.0","0.0","0.0","0.0","0.0","0.0","0.0","0.11359435183795341","0.0","0.0","0.0","0.0","0.12258345848453134","0.10028024787755818","0.1044557503008221","0.0","0.07906940966481102","0.07198211652214237","0.08183013795620564","0.07652465283787535","0.032079002307032756","0.06625301931813699","0.0662530193181361","0.05013389547828684","0.09365092653658369","0.04039311712292015","0.03232090233500484","0.04333482810989375","1.7763568394002505E-15","1.7763568394002505E-15","0.09176262504788735","4.440892098500626E-16","1.3322676295501878E-15","0.0","0.13838614496853596","4.440892098500626E-16","0.0","0.0","0.0","1.7763568394002505E-15","0.14626670468209824","0.0","0.0","0.0","0.0","0.0","0.0777717912266902","0.0","0.0","0.0","0.06009467588586137","0.0","0.0","0.0","0.0","0.0","0.0957860687811074","0.0","0.0","0.0","0.0","0.0","0.0","0.0","0.0","0.0","0.0","0.0","0.0","0.0","0.0","0.0","0.0","0.0","0.11776071727968596"
"28","0.22299211346359993","0.0","0.25","0.0","0.0","0.0","0.22299211346359993","0.24119379264316354","0.26336134435519076","0.10846909983160513","0.15104609949916048","0.2082751848413369","0.19158977657023657","0.1950067264945079","0.0","0.0","0.0","0.0","0.3215664256348161","0.0","0.0","0.0","0.0","0.0","0.0","0.0","0.0","0.0","0.1512154481287551","0.0","0.0","0.0","0.0","0.1635483247158489","0.1426092173763367","0.13776301027424243","0.0","0.10846909983160513","0.19500672649450745","0.22560252965230054","0.10450587211152174","0.040088817625704376","0.08880455200599258","0.08880455200599213","0.13027655377480052","0.1208616714034183","0.05142778907022816","0.04041388914715016","0.05552053618558572","1.7763568394002505E-15","2.220446049250313E-15","8.881784197001252E-16","0.0","8.881784197001252E-16","8.881784197001252E-16","1.3322676295501878E-15","0.08880455200599169","8.881784197001252E-16","0.0","0.0","1.7763568394002505E-15","0.0","0.0","0.0","0.0","0.0","0.0","1.3322676295501878E-15","0.0","0.0","0.0","0.0","0.0","0.0","0.0","0.0","0.0","0.0","0.0","0.0","0.0","0.0","4.440892098500626E-16","4.440892098500626E-16","0.0","0.0","0.0","0.0","0.0","0.0","0.1857547026894113","0.0","0.0","0.0","0.0","8.881784197001252E-16"
"5","2.220446049250313E-16","0.0","0.0","0.0","0.0","0.0","2.220446049250313E-16","1.7763568394002505E-15","8.881784197001252E-16","8.881784197001252E-16","0.0","0.0","8.881784197001252E-16","1.3322676295501878E-15","0.0","0.0","0.0","0.0","0.0","0.0","0.0","0.0","0.0","0.0","0.0","0.0","0.0","0.0","0.0","2.220446049250313E-16","2.220446049250313E-16","2.220446049250313E-16","2.220446049250313E-16","0.0","1.7763568394002505E-15","0.0","4.440892098500626E-16","8.881784197001252E-16","1.3322676295501878E-15","0.0","1.7763568394002505E-15","0.0","1.7763568394002505E-15","1.3322676295501878E-15","8.881784197001252E-16","2.220446049250313E-15","4.440892098500626E-16","0.0","3.1086244689504383E-15","1.3322676295501878E-15","1.7763568394002505E-15","1.3322676295501878E-15","0.0","4.440892098500626E-16","8.881784197001252E-16","1.3322676295501878E-15","8.881784197001252E-16","8.881784197001252E-16","2.220446049250313E-16","2.220446049250313E-16","1.3322676295501878E-15","4.440892098500626E-16","0.0","0.0","0.0","0.0","0.0","1.3322676295501878E-15","0.0","0.0","0.0","0.0","0.2873582063433231","0.0","0.0","0.0","0.0","0.0","0.0","0.0","0.0","0.0","4.440892098500626E-16","4.440892098500626E-16","0.0","0.0","0.0","0.0","0.0","0.0","0.0","0.0","0.0","0.10353608441896966","0.0","8.881784197001252E-16"
"29","1.7763568394002505E-15","1.3322676295501878E-15","1.3322676295501878E-15","1.3322676295501878E-15","0.13033283382321015","1.3322676295501878E-15","1.3322676295501878E-15","3.9968028886505635E-15","1.7763568394002505E-15","1.7763568394002505E-15","8.881784197001252E-16","0.0","1.3322676295501878E-15","0.06610858163462652","1.3322676295501878E-15","8.881784197001252E-16","8.881784197001252E-16","8.881784197001252E-16","8.881784197001252E-16","1.3322676295501878E-15","8.881784197001252E-16","0.1426092173763367","8.881784197001252E-16","1.3322676295501878E-15","8.881784197001252E-16","8.881784197001252E-16","0.1426092173763367","4.440892098500626E-16","0.0","1.3322676295501878E-15","0.1303328338232097","0.1303328338232097","1.3322676295501878E-15","0.0","3.552713678800501E-15","0.0","0.12063140524180804","8.881784197001252E-16","0.0","8.881784197001252E-16","2.6645352591003757E-15","4.440892098500626E-16","2.6645352591003757E-15","1.7763568394002505E-15","0.08700237566532909","0.153296810816542","0.03775310936144205","0.0","0.08085805756642994","3.552713678800501E-15","2.6645352591003757E-15","0.25048569101185425","0.056152763366486","2.220446049250313E-15","1.7763568394002505E-15","0.26837320500359896","2.220446049250313E-15","1.7763568394002505E-15","1.3322676295501878E-15","0.1303328338232097","1.7763568394002505E-15","0.13033283382320926","0.0680438930809033","8.881784197001252E-16","1.3322676295501878E-15","8.881784197001252E-16","1.3322676295501878E-15","0.07122380468090528","0.08700237566533131","8.881784197001252E-16","8.881784197001252E-16","0.2113426557813689","8.881784197001252E-16","1.3322676295501878E-15","0.12063140524180804","0.1426092173763367","4.440892098500626E-16","0.08700237566533087","8.881784197001252E-16","8.881784197001252E-16","8.881784197001252E-16","8.881784197001252E-16","8.881784197001252E-16","4.440892098500626E-16","4.440892098500626E-16","0.08700237566532998","4.440892098500626E-16","4.440892098500626E-16","8.881784197001252E-16","0.1475051135380241","0.1126845309516118","0.1126845309516118","0.0","0.0","0.07653144583847737","0.2525377594191349"
"21","0.0","0.0","0.0","0.0","0.0","0.0","0.0","0.12566177330861406","0.26336134435519076","0.10846909983160513","0.0","0.16385114743249796","0.11756053184417015","0.09750336324725462","0.0","0.0","0.0","0.0","0.16078321281740804","0.0","0.0","0.0","0.0","0.0","0.0","0.0","0.0","0.0","0.1032582761549099","0.0","0.0","0.0","0.0","0.06268449422977485","0.1426092173763367","0.09439130277389207","0.0","0.10846909983160513","0.09750336324725417","0.0","1.3322676295501878E-15","0.040088817625704376","8.881784197001252E-16","1.3322676295501878E-15","0.0","0.06043083570170937","0.0","0.05407238011576743","3.1086244689504383E-15","1.7763568394002505E-15","2.220446049250313E-15","0.12866492274443964","0.0","8.881784197001252E-16","8.881784197001252E-16","1.3322676295501878E-15","8.881784197001252E-16","8.881784197001252E-16","0.0","0.0","1.7763568394002505E-15","0.0","0.0","0.0","0.0","0.0","0.0","1.7763568394002505E-15","0.0","0.0","0.0","0.0","0.0","0.0","0.0","0.0","0.0","0.0","0.0","0.0","0.0","0.0","4.440892098500626E-16","4.440892098500626E-16","0.0","0.0","0.0","0.0","0.0","0.0","0.0","0.0","0.0","0.0","0.0","8.881784197001252E-16"
"20","0.16797750114019694","0.1857547026894113","0.1857547026894113","0.0","0.0","0.0","0.16797750114019738","0.16644177331168475","0.19442947806672395","0.08781826580524754","0.11868644927127825","0.16577847739345852","0.15618303963950364","0.1592279729018795","0.0","0.0","0.20983116648349842","0.0","0.12554913121123734","0.0","4.440892098500626E-16","0.0","4.440892098500626E-16","0.0","4.440892098500626E-16","0.1857547026894113","0.0","0.0","0.12488693953925756","4.440892098500626E-16","0.0","0.0","0.0","0.18763152192260435","0.11268453095161268","0.11448645578890693","4.440892098500626E-16","0.0878182658052471","0.07961398645093931","0.09102875238798225","0.16973230368256687","0.03453190611526047","0.07302269697062647","0.07302269697062558","0.05468373005131566","0.050959049605271645","0.04375776694892819","0.0913059271613097","2.6645352591003757E-15","1.7763568394002505E-15","2.220446049250313E-15","4.440892098500626E-16","8.881784197001252E-16","1.3322676295501878E-15","8.881784197001252E-16","1.7763568394002505E-15","8.881784197001252E-16","1.3322676295501878E-15","8.881784197001252E-16","4.440892098500626E-16","1.7763568394002505E-15","4.440892098500626E-16","8.881784197001252E-16","0.0","0.0","0.0","0.0","1.7763568394002505E-15","0.0","4.440892098500626E-16","4.440892098500626E-16","0.0","4.440892098500626E-16","0.0","0.0","0.0","0.0","4.440892098500626E-16","0.0","4.440892098500626E-16","0.0","0.0","0.0","8.881784197001252E-16","0.0","0.0","4.440892098500626E-16","0.0","0.0","0.0","0.0","0.0","0.0","0.0","0.0","0.0"
"12","0.0","0.0","0.0","0.0","0.0","0.0","0.0","2.220446049250313E-15","4.440892098500626E-16","8.881784197001252E-16","0.0","0.0","4.440892098500626E-16","1.3322676295501878E-15","0.0","0.0","0.0","0.0","0.0","0.0","0.0","0.0","0.0","0.0","0.0","0.0","0.0","0.0","0.0","0.0","0.0","0.0","0.0","0.0","1.7763568394002505E-15","0.0","0.2022813738447229","8.881784197001252E-16","8.881784197001252E-16","0.0","1.3322676295501878E-15","0.0","8.881784197001252E-16","1.3322676295501878E-15","0.0","1.3322676295501878E-15","0.0","0.0","3.1086244689504383E-15","1.7763568394002505E-15","2.220446049250313E-15","8.881784197001252E-16","0.0","8.881784197001252E-16","8.881784197001252E-16","0.10846909983160558","8.881784197001252E-16","8.881784197001252E-16","0.0","0.0","1.7763568394002505E-15","0.0","0.0","0.0","0.0","0.0","0.0","1.7763568394002505E-15","0.0","0.0","0.0","0.16078321281740626","0.0","0.0","0.2022813738447229","0.0","0.0","0.0","0.0","0.0","0.0","0.0","4.440892098500626E-16","4.440892098500626E-16","0.0","0.0","0.0","0.0","0.0","0.0","0.0","0.0","0.0","0.0","0.0","0.13521302074318964"
"31","0.0","0.0","0.0","0.0","0.0","0.0","0.0","0.1071888085449415","0.21209644509443715","0.09335922393984664","0.0","0.13723667343145562","0.10069739966610713","0.0844295657066434","0.0","0.0","0.0","0.0","0.13485424922981482","0.0","0.0","0.0","0.0","0.0","0.0","0.0","0.0","0.0","0.08912690686124591","0.0","0.0","0.0","0.0","0.055447304177319356","0.12063140524180938","0.0818790542687795","0.0","0.09335922393984664","0.0844295657066434","0.0","1.7763568394002505E-15","0.036051077180043745","1.7763568394002505E-15","8.881784197001252E-16","0.0","1.3322676295501878E-15","0.0","0.036333887693056344","3.1086244689504383E-15","1.7763568394002505E-15","2.220446049250313E-15","8.881784197001252E-16","4.440892098500626E-16","8.881784197001252E-16","8.881784197001252E-16","1.3322676295501878E-15","4.440892098500626E-16","8.881784197001252E-16","0.0","0.0","1.7763568394002505E-15","0.0","4.440892098500626E-16","0.0","4.440892098500626E-16","0.0","0.0","1.3322676295501878E-15","4.440892098500626E-16","0.0","0.0","0.0","0.0","0.0","0.0","0.0","0.0","0.0","0.0","0.0","0.0","0.0","8.881784197001252E-16","4.440892098500626E-16","0.0","0.0","0.0","0.0","0.0","0.0","0.0","0.0","0.0","0.0","0.0","0.0"
"3","4.440892098500626E-16","0.0","0.0","0.0","0.0","4.440892098500626E-16","8.881784197001252E-16","0.03108522729455654","1.3322676295501878E-15","8.881784197001252E-16","0.0","0.0","8.881784197001252E-16","0.07961398645093976","0.20983116648349842","0.0","0.0","0.0","0.0","0.0","4.440892098500626E-16","0.0","4.440892098500626E-16","4.440892098500626E-16","4.440892098500626E-16","4.440892098500626E-16","0.0","0.0","0.0","4.440892098500626E-16","0.0","0.0","8.881784197001252E-16","0.0","1.7763568394002505E-15","0.0","0.0","1.3322676295501878E-15","4.440892098500626E-16","0.0","1.7763568394002505E-15","0.03453190611526136","2.220446049250313E-15","1.3322676295501878E-15","0.0","0.050959049605271645","0.04375776694892819","0.0","0.09408886207650546","1.7763568394002505E-15","2.220446049250313E-15","0.10264484125005557","8.881784197001252E-16","1.3322676295501878E-15","8.881784197001252E-16","0.08781826580524843","0.07302269697062602","4.440892098500626E-16","8.881784197001252E-16","4.440892098500626E-16","1.7763568394002505E-15","4.440892098500626E-16","8.881784197001252E-16","0.0","0.0","0.0","0.0","1.7763568394002505E-15","0.0","4.440892098500626E-16","4.440892098500626E-16","0.06597960208913856","4.440892098500626E-16","0.0","0.0","0.0","0.0","4.440892098500626E-16","0.0","4.440892098500626E-16","0.0","0.20983116648349798","0.0","8.881784197001252E-16","0.0","0.0","4.440892098500626E-16","0.0","0.0","0.19290640465347808","0.0","0.14285714285714235","0.0","0.0","0.09333145947778343","0.07109970580441027"
"15","0.0","0.0","0.0","0.0","0.0","0.0","2.220446049250313E-16","0.13934116281536202","0.3037314535068485","0.11957653033655014","0.0","0.18389513909560629","0.1300044843296715","0.10707062991167282","0.0","0.0","0.0","0.0","0.180284027657585","0.0","0.0","0.0","0.0","0.0","0.0","0.0","0.0","0.0","0.11362391134291672","2.220446049250313E-16","2.220446049250313E-16","2.220446049250313E-16","2.220446049250313E-16","0.06791008410667443","0.1590050545701942","0.10353608441896966","4.440892098500626E-16","0.11957653033654969","0.10707062991167282","0.0","1.7763568394002505E-15","0.0429821288331671","1.7763568394002505E-15","1.3322676295501878E-15","8.881784197001252E-16","2.220446049250313E-15","4.440892098500626E-16","0.043337781130211805","3.1086244689504383E-15","1.3322676295501878E-15","1.7763568394002505E-15","8.881784197001252E-16","0.0","4.440892098500626E-16","8.881784197001252E-16","1.3322676295501878E-15","8.881784197001252E-16","8.881784197001252E-16","2.220446049250313E-16","2.220446049250313E-16","1.3322676295501878E-15","4.440892098500626E-16","0.0","0.0","0.0","0.0","0.0","1.3322676295501878E-15","0.0","0.0","0.0","0.0","0.0","0.0","4.440892098500626E-16","0.0","0.0","0.0","0.0","0.0","0.0","0.0","4.440892098500626E-16","4.440892098500626E-16","0.0","0.0","0.0","0.0","0.0","0.0","0.0","0.0","0.0","0.0","0.0","8.881784197001252E-16"
"14","0.3359550022803952","0.1857547026894113","0.37150940537882304","0.1857547026894113","0.16797750114019694","0.3359550022803952","0.33595500228039565","0.20092434244508883","0.19442947806672395","0.08781826580524754","0.11868644927127825","0.12769766807345384","0.18907287829990072","0.07961398645093976","0.0","0.0","0.20983116648349842","0.20983116648349798","0.12554913121123734","0.0","4.440892098500626E-16","0.0","4.440892098500626E-16","0.37150940537882304","0.18575470268941174","0.1857547026894113","0.1857547026894113","0.17626691323431753","0.08393381935000255","4.440892098500626E-16","0.0","0.16797750114019738","0.33595500228039565","0.1348859216038525","0.11268453095161268","0.07726458328182106","4.440892098500626E-16","0.0878182658052471","0.07961398645093931","0.0","8.881784197001252E-16","0.06906381223052271","1.3322676295501878E-15","1.3322676295501878E-15","0.0","8.881784197001252E-16","0.0","0.03479897861889292","2.6645352591003757E-15","1.7763568394002505E-15","2.220446049250313E-15","4.440892098500626E-16","8.881784197001252E-16","1.3322676295501878E-15","8.881784197001252E-16","1.7763568394002505E-15","8.881784197001252E-16","1.3322676295501878E-15","8.881784197001252E-16","4.440892098500626E-16","1.7763568394002505E-15","4.440892098500626E-16","8.881784197001252E-16","0.0","0.0","0.0","0.0","1.7763568394002505E-15","0.0","4.440892098500626E-16","4.440892098500626E-16","0.0","4.440892098500626E-16","0.0","0.0","0.0","0.0","4.440892098500626E-16","0.0","4.440892098500626E-16","0.0","0.0","0.0","8.881784197001252E-16","0.0","0.0","4.440892098500626E-16","0.0","0.0","0.0","0.0","0.0","0.0","0.0","0.0","0.0"
"37","0.44598422692719986","0.5","0.5","0.25","0.22299211346359948","0.22299211346359948","0.44598422692719986","0.33094448672638954","0.26336134435519076","0.10846909983160513","0.3020921989983205","0.2082751848413369","0.19158977657023657","0.1950067264945079","0.0","0.0","0.5747164126866466","0.2873582063433231","0.16078321281740804","0.0","0.0","0.0","0.0","0.25","0.25","0.5","0.25","0.23552143455937413","0.1512154481287551","0.0","0.0","0.22299211346359993","0.22299211346359993","0.1635483247158489","0.1426092173763367","0.13776301027424243","0.0","0.10846909983160513","0.09750336324725417","0.1128012648261505","0.20901174422304214","0.0801776352514092","0.08880455200599258","0.08880455200599213","0.06513827688740026","0.06043083570171026","0.05142778907022816","0.04041388914715016","3.1086244689504383E-15","1.7763568394002505E-15","2.220446049250313E-15","8.881784197001252E-16","0.0","8.881784197001252E-16","8.881784197001252E-16","1.3322676295501878E-15","8.881784197001252E-16","8.881784197001252E-16","0.0","0.0","1.7763568394002505E-15","0.0","0.0","0.0","0.0","0.0","0.0","1.3322676295501878E-15","0.0","0.0","0.0","0.0","0.0","0.0","0.0","0.0","0.0","0.0","0.0","0.0","0.0","0.0","4.440892098500626E-16","4.440892098500626E-16","0.0","0.0","0.0","0.0","0.0","0.0","0.0","0.0","0.0","0.0","0.0","8.881784197001252E-16"
"30","4.440892098500626E-16","0.0","0.0","0.0","0.0","4.440892098500626E-16","8.881784197001252E-16","2.6645352591003757E-15","1.3322676295501878E-15","8.881784197001252E-16","0.0","0.0","8.881784197001252E-16","0.07961398645093976","0.0","0.0","0.0","0.0","0.0","0.0","4.440892098500626E-16","0.0","4.440892098500626E-16","4.440892098500626E-16","4.440892098500626E-16","4.440892098500626E-16","0.0","0.0","0.0","4.440892098500626E-16","0.0","0.0","8.881784197001252E-16","0.0","1.7763568394002505E-15","0.0","0.1541006771083815","1.3322676295501878E-15","4.440892098500626E-16","0.0","8.881784197001252E-16","0.0","1.3322676295501878E-15","1.3322676295501878E-15","0.0","0.050959049605271645","0.04375776694892819","0.0","0.04704443103825362","1.7763568394002505E-15","2.220446049250313E-15","0.10264484125005557","8.881784197001252E-16","1.3322676295501878E-15","8.881784197001252E-16","0.17563653161049508","8.881784197001252E-16","1.3322676295501878E-15","8.881784197001252E-16","4.440892098500626E-16","1.7763568394002505E-15","4.440892098500626E-16","0.0821403212851024","0.0","0.0","0.0","0.0","1.7763568394002505E-15","0.0","4.440892098500626E-16","4.440892098500626E-16","0.19152873330037545","4.440892098500626E-16","0.0","0.1541006771083815","0.0","0.0","4.440892098500626E-16","0.0","4.440892098500626E-16","0.0","0.0","0.0","8.881784197001252E-16","0.0","0.0","4.440892098500626E-16","0.0","0.0","0.19290640465347852","0.0","0.14285714285714235","0.0","0.0","0.09333145947778343","0.17847820754471533"
"18","0.3209295349547556","0.14260921737633625","0.3546191599947206","0.1426092173763358","0.13033283382320926","0.1303328338232097","0.3209295349547556","0.2647114973284328","0.2225182524300564","0.09653985274682864","0.227515513835026","0.18356530671086357","0.17115635602342838","0.2615646875457385","8.881784197001252E-16","4.440892098500626E-16","0.15900505457019332","0.15900505457019287","0.14024773246327182","4.440892098500626E-16","0.0","8.881784197001252E-16","0.0","0.14260921737633625","0.14260921737633536","0.1426092173763358","0.14260921737633625","0.13607709595450368","0.1360546794630335","1.3322676295501878E-15","1.3322676295501878E-15","0.1303328338232097","0.1303328338232097","0.14704715718142758","0.12522215918925017","0.12437625598123025","4.440892098500626E-16","0.09653985274682819","0.08718822918191327","0.10021487683858021","0.09316825295938358","0.06705846539173876","0.07971765419715071","0.07971765419714982","0.05914131930926425","0.11000299286837123","0.09407417160432407","0.037204602881382165","0.05066548816490268","1.7763568394002505E-15","2.220446049250313E-15","0.11358249668389098","8.881784197001252E-16","1.7763568394002505E-15","8.881784197001252E-16","0.09653985274682952","8.881784197001252E-16","4.440892098500626E-16","8.881784197001252E-16","1.3322676295501878E-15","1.7763568394002505E-15","4.440892098500626E-16","8.881784197001252E-16","0.0","0.0","0.0","0.0","8.881784197001252E-16","0.0","0.0","0.0","0.07177817327443092","4.440892098500626E-16","8.881784197001252E-16","4.440892098500626E-16","8.881784197001252E-16","0.0","4.440892098500626E-16","0.0","0.0","0.0","0.0","0.0","8.881784197001252E-16","0.0","0.0","0.0","4.440892098500626E-16","0.0","0.22067058964878772","0.0","0.16064732487371014","0.0","0.0","0.10285605700265377","0.0775454395316717"
"6","0.29253340936419603","0.16078321281740804","0.3215664256348161","0.16078321281740804","0.1462667046820978","0.14626670468209824","0.2925334093641965","0.26885068680890667","0.16782899944351204","0.07906940966481102","0.21068907548415172","0.14819875983421715","0.14112495517553691","0.21594634956642977","0.18028402765758456","0.0","0.18028402765758456","0.18028402765758456","0.11111111111111072","0.0","0.0","0.0","0.0","0.16078321281740804","0.16078321281740804","0.16078321281740804","0.16078321281740804","0.15304930567574804","0.15146898895226002","0.0","0.0","0.1462667046820978","0.14626670468209824","0.12258345848453134","0.10028024787755818","0.13896777844047925","0.0","0.07906940966481102","0.07198211652214237","0.08183013795620564","0.07652465283787535","0.14728583329250755","0.06625301931813699","0.0662530193181361","0.05013389547828684","0.09365092653658369","0.08078623424584475","0.03232090233500484","0.08666965621978351","1.7763568394002505E-15","1.7763568394002505E-15","0.09176262504788735","4.440892098500626E-16","1.3322676295501878E-15","0.0","0.07906940966481057","0.06625301931813565","0.0","0.0","0.0","1.7763568394002505E-15","0.0","0.0","0.0","0.0","0.0","0.0","1.3322676295501878E-15","0.0","0.0","0.0","0.06009467588586137","0.0","0.0","0.0","0.0","0.0","0.0","0.0","0.0","0.0","0.18028402765758456","0.0","0.0","0.0","0.0","0.0","0.15304930567574804","0.0","0.16659361185571786","0.0","0.12554913121123645","0.0","0.0","0.08380601480821603","0.0645754187697678"
"16","0.22299211346359948","0.17218046888521688","0.25","0.0","0.0","0.3791930617310668","0.22299211346359993","0.09478569882818855","0.1799552913053586","0.08312329574673782","0.0","0.11971907680808824","0.26566815632951934","0.0755230497495809","0.0","0.0","0.1937262563093083","0.0","0.11776071727968684","0.0","0.0","0.0","0.0","0.4221804688852169","0.0","0.17218046888521688","0.0","0.0","0.07952817596002948","0.0","0.0","0.0","0.37919306173106726","0.1512957457291093","0.1060049713091944","0.07334161601293232","0.0","0.08312329574673694","0.07552304974958002","0.0","0.08039160640870513","0.03322460882598799","1.7763568394002505E-15","8.881784197001252E-16","0.0","1.3322676295501878E-15","0.0","0.033478225547563856","3.1086244689504383E-15","2.6645352591003757E-15","1.7763568394002505E-15","8.881784197001252E-16","4.440892098500626E-16","1.3322676295501878E-15","8.881784197001252E-16","1.3322676295501878E-15","1.3322676295501878E-15","8.881784197001252E-16","0.0","0.0","1.7763568394002505E-15","0.0","4.440892098500626E-16","0.0","4.440892098500626E-16","0.0","0.0","1.3322676295501878E-15","0.0","0.0","0.0","0.0","0.0","0.0","0.0","0.0","0.0","0.0","0.0","0.0","0.0","0.0","0.0","4.440892098500626E-16","0.0","0.0","0.0","0.0","0.0","0.0","0.0","0.0","0.0","0.0","0.0","0.0"
"23","0.0","0.0","0.0","0.0","0.0","0.0","0.0","2.6645352591003757E-15","8.881784197001252E-16","8.881784197001252E-16","0.0","0.0","0.0","8.881784197001252E-16","2.220446049250313E-16","2.220446049250313E-16","2.220446049250313E-16","0.0","0.0","0.0","0.0","0.0","0.0","0.0","0.0","0.0","0.0","0.0","0.0","0.0","4.440892098500626E-16","4.440892098500626E-16","0.0","0.0","1.7763568394002505E-15","0.0","0.0","4.440892098500626E-16","0.0","0.0","8.881784197001252E-16","0.0","8.881784197001252E-16","8.881784197001252E-16","0.0","1.7763568394002505E-15","0.0","0.0","2.6645352591003757E-15","1.7763568394002505E-15","1.7763568394002505E-15","4.440892098500626E-16","0.0","1.3322676295501878E-15","4.440892098500626E-16","1.7763568394002505E-15","8.881784197001252E-16","8.881784197001252E-16","4.440892098500626E-16","0.0","1.7763568394002505E-15","4.440892098500626E-16","4.440892098500626E-16","0.0","0.0","0.0","0.0","1.7763568394002505E-15","0.0","0.0","0.0","0.0","0.0","0.0","0.0","0.0","0.0","0.0","0.0","0.0","0.0","0.0","8.881784197001252E-16","4.440892098500626E-16","0.0","0.0","0.0","0.0","0.0","0.0","0.0","0.0","0.0","0.0","0.0","0.0"
"34","0.13033283382321015","0.1426092173763367","0.1426092173763367","0.1426092173763367","0.39099850146962645","0.1303328338232097","0.1303328338232097","0.16374183230037742","0.14854484476874674","0.07236717035119611","0.0952983505657734","0.10183221595420511","0.07743735131069895","0.13221716326925304","8.881784197001252E-16","8.881784197001252E-16","0.15900505457019332","0.15900505457019332","0.1002802478775564","0.1426092173763367","8.881784197001252E-16","0.28521843475267206","8.881784197001252E-16","0.14260921737633625","0.14260921737633625","0.14260921737633625","0.4278276521290074","0.13607709595450457","0.06941338203090552","1.3322676295501878E-15","0.2606656676464181","0.39099850146962645","0.1303328338232097","0.04503084814088343","0.09090909090909349","0.06430213488449166","8.881784197001252E-16","0.07236717035119611","0.06610858163462652","0.07479606464035182","1.7763568394002505E-15","0.06029128732791689","2.6645352591003757E-15","1.7763568394002505E-15","0.15712624189696456","0.19689092540749797","0.03775310936144205","0.03036795112414792","0.1212870863496418","3.552713678800501E-15","2.6645352591003757E-15","0.3339809213491387","2.220446049250313E-15","2.220446049250313E-15","1.7763568394002505E-15","0.19600603465240374","2.220446049250313E-15","2.6645352591003757E-15","1.3322676295501878E-15","0.2606656676464181","1.7763568394002505E-15","0.13033283382320926","1.3322676295501878E-15","8.881784197001252E-16","1.3322676295501878E-15","8.881784197001252E-16","1.3322676295501878E-15","0.07122380468090528","4.440892098500626E-16","8.881784197001252E-16","8.881784197001252E-16","0.11106240790381339","8.881784197001252E-16","0.14260921737633625","8.881784197001252E-16","0.2852184347526716","4.440892098500626E-16","0.08700237566533087","8.881784197001252E-16","8.881784197001252E-16","4.440892098500626E-16","4.440892098500626E-16","8.881784197001252E-16","4.440892098500626E-16","4.440892098500626E-16","0.0","4.440892098500626E-16","4.440892098500626E-16","8.881784197001252E-16","0.1475051135380241","0.22536906190322226","0.1126845309516109","0.0","0.0","0.07653144583847737","0.16553538375380494"
"4","0.16797750114019783","0.0","0.1857547026894113","0.0","0.0","4.440892098500626E-16","0.16797750114019827","0.1975270006062395","0.19442947806672395","0.08781826580524754","0.11868644927127825","0.16577847739345852","0.15618303963950364","0.23884195935282104","0.0","0.0","0.0","0.0","0.251098262422476","0.0","4.440892098500626E-16","0.0","4.440892098500626E-16","0.0","4.440892098500626E-16","4.440892098500626E-16","0.0","0.0","0.12488693953925756","4.440892098500626E-16","0.0","0.0","8.881784197001252E-16","0.1348859216038525","0.11268453095161268","0.11448645578890693","4.440892098500626E-16","0.0878182658052471","0.15922797290187996","0.18205750477596494","0.08486615184128432","0.03453190611526047","0.07302269697062647","0.07302269697062558","0.10936746010263354","0.15287714881581227","0.08751553389785771","0.03479897861889292","0.09408886207650546","1.7763568394002505E-15","2.220446049250313E-15","0.10264484125005557","8.881784197001252E-16","1.3322676295501878E-15","8.881784197001252E-16","0.08781826580524843","0.07302269697062513","1.3322676295501878E-15","8.881784197001252E-16","4.440892098500626E-16","1.7763568394002505E-15","4.440892098500626E-16","8.881784197001252E-16","0.0","0.0","0.0","0.0","1.7763568394002505E-15","0.0","4.440892098500626E-16","4.440892098500626E-16","0.06597960208913856","4.440892098500626E-16","0.0","0.0","0.0","0.0","4.440892098500626E-16","0.0","4.440892098500626E-16","0.0","0.0","0.0","8.881784197001252E-16","0.0","0.0","4.440892098500626E-16","0.0","0.0","0.19290640465347852","0.14285714285714235","0.14285714285714235","0.0","0.0","0.09333145947778343","0.07109970580441116"
"7","4.440892098500626E-16","4.440892098500626E-16","4.440892098500626E-16","0.0","0.13033283382320882","4.440892098500626E-16","4.440892098500626E-16","2.6645352591003757E-15","8.881784197001252E-16","8.881784197001252E-16","0.0","0.0","0.07743735131069851","0.06610858163462652","0.0","0.0","0.0","0.0","0.1002802478775564","0.2852184347526707","0.0","0.14260921737633536","0.0","4.440892098500626E-16","0.0","0.0","0.14260921737633536","0.0","0.0","0.13033283382320926","0.13033283382320882","0.13033283382320882","4.440892098500626E-16","0.04503084814088343","1.7763568394002505E-15","0.0","0.0","1.3322676295501878E-15","0.06610858163462696","0.22438819392105147","0.07012386623163636","0.0","0.061023841518163646","1.3322676295501878E-15","0.1868318589429614","0.15329681081654023","0.0","0.0","0.18113830544398368","1.7763568394002505E-15","2.220446049250313E-15","0.0834952303372849","8.881784197001252E-16","1.7763568394002505E-15","8.881784197001252E-16","1.7763568394002505E-15","8.881784197001252E-16","4.440892098500626E-16","0.13033283382320926","0.13033283382320926","1.7763568394002505E-15","4.440892098500626E-16","0.0","0.0","0.0","0.0","0.0","8.881784197001252E-16","0.05953041244461321","0.1002802478775564","0.0","0.08187091615018671","4.440892098500626E-16","0.2852184347526707","4.440892098500626E-16","0.14260921737633536","0.0","0.08700237566532953","0.0","0.0","0.0","0.0","0.0","8.881784197001252E-16","0.24126281048361475","0.0","0.0","0.0","0.0","0.0","0.11268453095161046","0.0","0.0","0.0","0.0","0.05953041244461188"
"33","0.21634083318910147","0.11756053184416926","0.11756053184416881","0.11756053184416926","0.10817041659455073","0.10817041659455073","0.10817041659455073","0.1462667046821018","0.1868545543069402","0.17238387585165427","0.08091254953788862","0.15330323856484585","0.1377443751081735","0.1349621437923867","0.13000448432967016","0.13000448432967016","0.0","0.0","0.12149258140273833","0.11756053184416926","0.11756053184416926","0.11756053184416926","0.11756053184416881","0.0","0.0","0.0","0.0","0.0","0.11344726848673936","0.10817041659455118","0.10817041659455073","0.0","0.0","0.11059909835802717","0.1092088484367375","0.10437645465941436","0.10069739966610669","0.08537977808824682","0.07749050252372136","0.06453484726638603","0.0607462907013705","0.03385538167194291","0.053298495054229456","0.05329849505422857","0.04127132727267746","0.07749050252372403","0.03377182628265363","0.034115480063715786","0.036056805531521796","1.7763568394002505E-15","1.7763568394002505E-15","0.07153041678884886","1.7763568394002505E-15","1.3322676295501878E-15","0.0","0.10301943844685413","1.3322676295501878E-15","8.881784197001252E-16","0.0","0.0","0.0","0.10817041659455073","0.0","0.0","0.0","0.0","1.7763568394002505E-15","0.06164027084335233","0.0","0.0","0.0","0.04875556822736549","0.0","0.0","0.0","0.0","0.0","0.07433070448786694","0.0","0.0","0.0","0.0","0.0","0.0","0.0","0.0","0.0","0.0","0.0","0.0","0.0","0.0","0.0","0.0","0.0","0.08932735856326257"
