"","Implementation/mediastore.basic/src/edu/kit/ipd/sdq/mediastore/basic/exceptions/UnknownServerException.java","Implementation/mediastore.basic/src/edu/kit/ipd/sdq/mediastore/basic/interfaces/IDownloadAudioWatermarkingLocal.java","Implementation/mediastore.basic/src/edu/kit/ipd/sdq/mediastore/basic/interfaces/IDownloadMediaAccessLocal.java","Implementation/mediastore.basic/src/edu/kit/ipd/sdq/mediastore/basic/interfaces/IDownloadCacheLocal.java","Implementation/mediastore.basic/src/edu/kit/ipd/sdq/mediastore/basic/interfaces/IDownloadReEncoderLocal.java","Implementation/mediastore.basic/src/edu/kit/ipd/sdq/mediastore/basic/interfaces/IDownloadTagWatermarkingLocal.java","Implementation/mediastore.basic/src/edu/kit/ipd/sdq/mediastore/basic/interfaces/IDownloadAudioWatermarking.java","Implementation/mediastore.basic/src/edu/kit/ipd/sdq/mediastore/basic/interfaces/IMediaManagementLocal.java","Implementation/mediastore.basic/src/edu/kit/ipd/sdq/mediastore/basic/interfaces/IFacadeLocal.java","Implementation/mediastore.basic/src/edu/kit/ipd/sdq/mediastore/basic/interfaces/IMediaAccessLocal.java","Implementation/mediastore.basic/src/edu/kit/ipd/sdq/mediastore/basic/interfaces/IPackagingLocal.java","Implementation/mediastore.basic/src/edu/kit/ipd/sdq/mediastore/basic/interfaces/IDownloadAudioWatermarkingRemote.java","Implementation/mediastore.basic/src/edu/kit/ipd/sdq/mediastore/basic/interfaces/IMediaAccessMaintenanceLocal.java","Implementation/mediastore.basic/src/edu/kit/ipd/sdq/mediastore/basic/interfaces/ICacheMaintenanceLocal.java","Implementation/mediastore.basic/src/edu/kit/ipd/sdq/mediastore/basic/interfaces/IUserManagementLocal.java","Implementation/mediastore.basic/src/edu/kit/ipd/sdq/mediastore/basic/interfaces/IDownloadMediaAccess.java","Implementation/mediastore.basic/src/edu/kit/ipd/sdq/mediastore/basic/interfaces/IDownloadCache.java","Implementation/mediastore.basic/src/edu/kit/ipd/sdq/mediastore/basic/interfaces/IDownloadReEncoder.java","Implementation/mediastore.basic/src/edu/kit/ipd/sdq/mediastore/basic/interfaces/IUserDBAdapterLocal.java","Implementation/mediastore.basic/src/edu/kit/ipd/sdq/mediastore/basic/data/FileContentLocal.java","Implementation/mediastore.ejb.audiowatermarking/src/edu/kit/ipd/sdq/mediastore/ejb/audiowatermarking/WavFileException.java","Implementation/mediastore.basic/src/edu/kit/ipd/sdq/mediastore/basic/exceptions/FailedDownloadException.java","Implementation/mediastore.basic/src/edu/kit/ipd/sdq/mediastore/basic/interfaces/IDownloadMediaAccessRemote.java","Implementation/mediastore.web/src/edu/kit/ipd/sdq/mediastore/web/beans/DownloadBean.java","Implementation/mediastore.basic/src/edu/kit/ipd/sdq/mediastore/basic/interfaces/IDownloadCacheRemote.java","Implementation/mediastore.basic/src/edu/kit/ipd/sdq/mediastore/basic/interfaces/IDownloadReEncoderRemote.java","Implementation/mediastore.basic/src/edu/kit/ipd/sdq/mediastore/basic/interfaces/IDownloadTagWatermarking.java","Implementation/mediastore.basic/src/edu/kit/ipd/sdq/mediastore/basic/interfaces/IDownload.java","Implementation/mediastore.basic/src/edu/kit/ipd/sdq/mediastore/basic/interfaces/IDownloadTagWatermarkingRemote.java","Implementation/mediastore.basic/src/edu/kit/ipd/sdq/mediastore/basic/interfaces/IMediaManagement.java","Implementation/mediastore.ejb.tagwatermarking/src/edu/kit/ipd/sdq/mediastore/ejb/tagwatermarking/TagWatermarkingImpl.java","Implementation/mediastore.basic/src/edu/kit/ipd/sdq/mediastore/basic/data/AudioFile.java","Implementation/mediastore.basic/src/edu/kit/ipd/sdq/mediastore/basic/utils/FSUtil.java","Implementation/mediastore.basic/src/edu/kit/ipd/sdq/mediastore/basic/interfaces/IMediaAccess.java","Implementation/mediastore.ejb.packaging/src/edu/kit/ipd/sdq/mediastore/ejb/packaging/PackagingImpl.java","Implementation/mediastore.basic/src/edu/kit/ipd/sdq/mediastore/basic/interfaces/IPackaging.java","Implementation/mediastore.ejb.audiowatermarking/src/edu/kit/ipd/sdq/mediastore/ejb/audiowatermarking/AudioWatermarkingImpl.java","Implementation/mediastore.ejb.mediaaccess/src/edu/kit/ipd/sdq/mediastore/ejb/mediaaccess/DbManager.java","Implementation/mediastore.ejb.cache/ejbModule/edu/kit/ipd/sdq/mediastore/ejb/cache/CacheSingleton.java","Implementation/mediastore.ejb.mediamanagement/src/edu/kit/ipd/sdq/mediastore/ejb/mediamanagement/MediaManagementImpl.java","Implementation/mediastore.basic/src/edu/kit/ipd/sdq/mediastore/basic/data/AudioFileInfo.java","Implementation/mediastore.ejb.mediaaccess/src/edu/kit/ipd/sdq/mediastore/ejb/mediaaccess/MediaAccessImpl.java","Implementation/mediastore.basic/src/edu/kit/ipd/sdq/mediastore/basic/data/FileContent.java","Implementation/mediastore.ejb.reencoder/src/edu/kit/ipd/sdq/mediastore/ejb/reencoder/ReEncoderImpl.java","Implementation/mediastore.basic/src/edu/kit/ipd/sdq/mediastore/basic/data/FileContentRemote.java","Implementation/mediastore.ejb.cache/ejbModule/edu/kit/ipd/sdq/mediastore/ejb/cache/CacheImpl.java","Implementation/mediastore.basic/src/edu/kit/ipd/sdq/mediastore/basic/interfaces/IFacade.java","Implementation/mediastore.ejb.facade/src/edu/kit/ipd/sdq/mediastore/ejb/facade/FacadeImpl.java","Implementation/mediastore.web/src/edu/kit/ipd/sdq/mediastore/web/beans/UploadBean.java","Implementation/mediastore.ejb.mediaaccess/src/edu/kit/ipd/sdq/mediastore/ejb/mediaaccess/Audio.java","Implementation/mediastore.ejb.audiowatermarking/src/edu/kit/ipd/sdq/mediastore/ejb/audiowatermarking/WavFile.java","Implementation/mediastore.basic/src/edu/kit/ipd/sdq/mediastore/basic/utils/LameUtil.java","Implementation/mediastore.web/src/edu/kit/ipd/sdq/mediastore/web/beans/RegisterBean.java","Implementation/mediastore.basic/src/edu/kit/ipd/sdq/mediastore/basic/interfaces/IMediaAccessMaintenance.java","Implementation/mediastore.basic/src/edu/kit/ipd/sdq/mediastore/basic/interfaces/IUserDBAdapter.java","Implementation/mediastore.basic/src/edu/kit/ipd/sdq/mediastore/basic/interfaces/IFacadeRemote.java","Implementation/mediastore.basic/src/edu/kit/ipd/sdq/mediastore/basic/utils/JNDIUtil.java","Implementation/mediastore.ejb.cache/ejbModule/edu/kit/ipd/sdq/mediastore/ejb/cache/IdAndBitrate.java","Implementation/mediastore.basic/src/edu/kit/ipd/sdq/mediastore/basic/config/GlobalConstantsContainer.java","Implementation/mediastore.basic/src/edu/kit/ipd/sdq/mediastore/basic/interfaces/IMediaAccessRemote.java","Implementation/mediastore.basic/src/edu/kit/ipd/sdq/mediastore/basic/config/EJB.java","Implementation/mediastore.basic/src/edu/kit/ipd/sdq/mediastore/basic/exceptions/AppException.java","Implementation/mediastore.basic/src/edu/kit/ipd/sdq/mediastore/basic/interfaces/IUserManagementRemote.java","Implementation/mediastore.basic/src/edu/kit/ipd/sdq/mediastore/basic/exceptions/UserAlreadyExistsException.java","Implementation/mediastore.ejb.usermanagement/ejbModule/edu/kit/ipd/sdq/mediastore/ejb/usermanagement/SecurityUtil.java","Implementation/mediastore.web/src/edu/kit/ipd/sdq/mediastore/web/beans/WebBeanManager.java","Implementation/mediastore.basic/src/edu/kit/ipd/sdq/mediastore/basic/config/Main.java","Implementation/mediastore.web/src/edu/kit/ipd/sdq/mediastore/web/beans/LoginBean.java","Implementation/mediastore.basic/src/edu/kit/ipd/sdq/mediastore/basic/config/InterfaceDetails.java","Implementation/mediastore.basic/src/edu/kit/ipd/sdq/mediastore/basic/interfaces/IUserDBAdapterRemote.java","Implementation/mediastore.basic/src/edu/kit/ipd/sdq/mediastore/basic/config/RequiredInterface.java","Implementation/mediastore.basic/src/edu/kit/ipd/sdq/mediastore/basic/config/Config.java","Implementation/mediastore.ejb.userdbadapter/src/edu/kit/ipd/sdq/mediastore/ejb/userdbadapter/User.java","Implementation/mediastore.ejb.usermanagement/ejbModule/edu/kit/ipd/sdq/mediastore/ejb/usermanagement/UserManagementImpl.java","Implementation/mediastore.basic/src/edu/kit/ipd/sdq/mediastore/basic/BaseEJB.java","Implementation/mediastore.basic/src/edu/kit/ipd/sdq/mediastore/basic/interfaces/IUserManagement.java","Implementation/mediastore.ejb.userdbadapter/src/edu/kit/ipd/sdq/mediastore/ejb/userdbadapter/DbManager.java","Implementation/mediastore.basic/src/edu/kit/ipd/sdq/mediastore/basic/utils/PropertiesUtil.java","Implementation/mediastore.web/src/edu/kit/ipd/sdq/mediastore/web/beans/SessionBean.java","Implementation/mediastore.basic/src/edu/kit/ipd/sdq/mediastore/basic/exceptions/PropertiesException.java","Implementation/mediastore.basic/src/edu/kit/ipd/sdq/mediastore/basic/interfaces/IMediaManagementRemote.java","Implementation/mediastore.basic/src/edu/kit/ipd/sdq/mediastore/basic/interfaces/IBusinessInterface.java","Implementation/mediastore.basic/src/edu/kit/ipd/sdq/mediastore/basic/config/ProvidedInterface.java","Implementation/mediastore.basic/src/edu/kit/ipd/sdq/mediastore/basic/data/UserRegData.java","Implementation/mediastore.basic/src/edu/kit/ipd/sdq/mediastore/basic/interfaces/IMediaAccessMaintenanceRemote.java","Implementation/mediastore.basic/src/edu/kit/ipd/sdq/mediastore/basic/exceptions/FailedUploadException.java","Implementation/mediastore.basic/src/edu/kit/ipd/sdq/mediastore/basic/exceptions/BadLoginDataException.java","Implementation/mediastore.web/src/edu/kit/ipd/sdq/mediastore/web/filters/MainFilter.java","Implementation/mediastore.basic/src/edu/kit/ipd/sdq/mediastore/basic/interfaces/ICacheMaintenance.java","Implementation/mediastore.ejb.userdbadapter/src/edu/kit/ipd/sdq/mediastore/ejb/userdbadapter/UserDBAdapterImpl.java","Implementation/mediastore.basic/src/edu/kit/ipd/sdq/mediastore/basic/exceptions/DbException.java","Implementation/mediastore.web/src/edu/kit/ipd/sdq/mediastore/web/utils/MessageUtil.java","Implementation/mediastore.web/src/edu/kit/ipd/sdq/mediastore/web/utils/SessionUtil.java","Implementation/mediastore.basic/src/edu/kit/ipd/sdq/mediastore/basic/data/CurrentUser.java","Implementation/mediastore.basic/src/edu/kit/ipd/sdq/mediastore/basic/interfaces/IPackagingRemote.java","Implementation/mediastore.basic/src/edu/kit/ipd/sdq/mediastore/basic/interfaces/ICacheMaintenanceRemote.java","Implementation/mediastore.basic/src/edu/kit/ipd/sdq/mediastore/basic/exceptions/ConversionException.java"
"9","0.20359958937017553","0.18422097333441742","0.1472792215752039","0.14589920839821316","0.14273704361704193","0.12064569423480878","0.10855523771162076","0.10403667007455554","0.10187719356699174","0.10068841185562681","0.094191152310618","0.09194681144827313","0.07768536918661972","0.07716783555699525","0.07426664124881717","0.06421788569526295","0.06340049571781355","0.06155817473465237","0.060640239426220925","0.05796226580441564","0.05770904984280625","0.0558721114661479","0.05402919394621573","0.05394561210606606","0.05353967771500817","0.05241628025549899","0.04970267357945028","0.0475307352097485","0.04450477965074775","0.034602031877035574","0.03417146406910198","0.03285865545834451","0.030666568978547675","0.028022439217479413","0.026244084296837472","0.025069266361170416","0.022838555139825415","0.02253098725453859","0.01913592344056792","0.01911015697629438","0.017838315157713176","0.017792760060526557","0.015822666493598335","0.014197712147579578","0.013208449752514808","0.012630745810588628","0.011395603873985497","0.008607112274358229","0.008145046348668467","0.004711905270142594","0.0021503859052201374","0.0","0.0","0.0","0.0","0.0","0.0","0.0","0.0","0.0","0.0","0.0","0.0","0.0","0.0","0.0","0.0","0.0","0.0","0.0","0.0","0.0","0.0","0.0","0.0","0.0","0.0","0.0","0.0","0.0","0.0","0.0","0.0","0.0","0.0","0.0","0.0","0.0","0.0","0.0","0.0","0.0","0.0","0.0","0.0","0.0","0.0"
"27","0.0","0.05729206398070564","0.3603096179861691","0.0","0.0","0.0","0.06653517900440849","0.10388476737681529","0.0","0.3929655611385422","0.0","0.05635561846262305","0.30318955411122467","0.0","0.0","0.421017146424167","0.0","0.0","0.0","0.008779595538568375","0.04190035451947824","0.0","0.3542193395587233","0.028120978503102113","0.0","0.0","0.0","0.02913232048547408","0.0","0.07239378922210309","0.03205390836764037","0.026740166446355552","0.024612419774660936","0.2277804302555414","0.019054835230728342","0.018201844440992997","0.02690525563230324","0.02375221874561441","0.020173134640078492","0.17520361327318726","0.01574426363237028","0.16862042204140792","0.011488238626889882","0.02061684169015108","0.009590154902750916","0.018341411918950525","0.036277766337008334","0.04370195591991221","0.002777614609821689","0.006842271769122999","0.001561313728571891","0.0","0.0","0.16578973036044636","0.11603228078129049","0.0","0.0","0.0","0.0","0.3851022689962219","0.0","0.0","0.0","0.0","0.0","0.0","0.0","0.0","0.0","0.0","0.0","0.0","0.0","0.0","0.0","0.05091123104695807","0.07421594367501064","0.0","0.0","0.0","0.10166993286542578","0.0","0.0","0.03315959830167145","0.29953391673536267","0.0","0.10161453701984602","0.0","0.0","0.11429457985456784","0.0","0.0","0.0","0.0","0.0","0.0","0.0"
"1","0.18120152089369115","0.0","0.05649987080600391","0.0","0.0","0.0","0.0","0.13783849573125623","0.14640868708944824","0.06162062383910255","0.0","0.0","0.047542918040205315","0.0","0.052945415616501755","0.06601937109819526","0.0","0.0","0.0","0.0","0.0","0.0","0.05554485898520792","0.02239929234613272","0.0","0.0","0.0","0.0","0.0","0.047655124394138784","0.0","0.0","0.0","0.03252762666721444","0.0","0.0","0.0","0.02703425297084924","0.0","0.05263834858791819","0.0","0.03266814768153705","0.0","0.0","0.0","0.0","0.031061831430823642","0.098849129270507","0.02422161099194747","0.004783385301994729","0.0","0.0","0.0","0.03359415357490233","0.013175817331982968","0.14341156589965204","0.0","0.0","0.0","0.060387587117423876","0.0","0.0","0.052361082682503335","0.0","0.0","0.06756942980801445","0.11815938697567596","0.031151301850614467","0.0","0.0","0.0","0.0","0.0","0.0558084455484065","0.0","0.02801351578216441","0.04570071425362082","0.0","0.07913789586198484","0.0","0.13489976404756054","0.0","0.0","0.0","0.046969680388087666","0.0","0.0","0.03552991748959014","0.0","0.02545630185207689","0.0","0.0","0.10109950069546579","0.01343688108108229","0.0","0.0","0.0"
"25","0.0","0.08994284053117958","0.10523174191860622","0.0","0.0","0.0","0.10445361153199798","0.0","0.0","0.1147692108352731","0.0","0.08847271423362804","0.08854930126198964","0.0","0.0","0.12296193463677305","0.0","0.0","0.0","0.0068915457620766386","0.03288969398985603","0.0","0.10345302002028033","0.041908893006237215","0.0","0.0","0.0","0.045734844822672746","0.0","0.14870922450639656","0.09956168922570192","0.025515318184507262","0.023003431726769392","0.15464848674951068","0.08570985872536042","0.1494585615412019","0.05978268687304154","0.043490410502336416","0.025692729595993665","0.12741577360004575","0.016742471981736524","0.15449001188480174","0.009017695846587718","0.07721724592423287","0.007527794542171875","0.06869496967713683","0.03825261521591455","0.06054232994964728","0.00218028929794187","0.016867958701018496","0.001225553610316566","0.0","0.0","0.0543803628682039","0.016874795907457232","0.0","0.0496019672880095","0.0","0.0","0.1124726639543541","0.0","0.0","0.0","0.0","0.0","0.0","0.0","0.0","0.0","0.0","0.0","0.0","0.0","0.016895597685046396","0.0","0.0","0.03238009873189749","0.0","0.059000870822912097","0.0","0.0","0.0","0.0","0.0","0.0874816387026752","0.0","0.0","0.0","0.0","0.012466559060468344","0.0","0.0","0.024397717825734175","0.017209150685903726","0.0","0.0","0.0"
"35","0.0","0.0","0.0","0.0","0.0","0.0","0.0","0.0","0.0","0.0","0.0","0.0","0.0","0.0","0.0","0.0","0.0","0.0","0.0","0.0075571394679970335","0.036066219847053486","0.0","0.0","0.013265921999565933","0.0","0.0","0.0","0.0","0.0","0.011851747398015502","0.015121260739182425","0.018054203533827442","0.017145725350590047","0.01751308427744441","0.01640167212096863","0.015667450329699413","0.005387648095861348","0.02223521089601842","0.0065543587628416645","0.006545533338167321","0.008744637966883234","0.05881267821313282","0.009888635662502782","0.0","0.008254837913820574","0.0","0.055331152648339085","0.051911194192415536","0.002390864237715384","0.0067179554792039416","0.0013439190391269702","0.0","0.0","0.09090363915262926","0.21825686734566557","0.0","0.0","0.0","0.0","0.0","0.0","0.0","0.0","0.0","0.0","0.0","0.0","0.0","0.0","0.0","0.0","0.0","0.0","0.01852739465268946","0.0737089404722395","0.0876448742585288","0.16327188904913517","0.0","0.06469924526883888","0.0","0.0","0.0","0.0","0.057085023556643445","0.0","0.0","0.17493180064195582","0.0","0.0","0.2104313849656322","0.0","0.0","0.026754078500721146","0.01887123097619286","0.0","0.0","0.0"
"24","0.0","0.05884148920606885","0.0","0.0","0.0","0.0","0.06833457804086501","0.0","0.0","0.0","0.0","0.0578797181506067","0.0","0.0","0.0","0.0","0.0","0.0","0.0","0.009017033777842237","0.04303352134457299","0.0","0.0","0.02888149139838333","0.0","0.0","0.0","0.02992018444249194","0.0","0.0374640523500019","0.03292078469824401","0.060070458123703936","0.025278046065746042","0.02089627605162732","0.019570160396558862","0.018694101046279717","0.027632890122580564","0.04171716693078984","0.0207187034591127","0.02069080578622896","0.04775688079159347","0.057555557937698475","0.011798930291436818","0.0211744102670625","0.00984951417328561","0.018837443032536694","0.0372588740572909","0.040216077798130474","0.02876111577733354","0.053740030637458074","0.0016035384052141895","0.0","0.0","0.06602634619010274","0.1412496098189042","0.0","0.0","0.0","0.0","0.0","0.0","0.0","0.0","0.0","0.0","0.0","0.0","0.0","0.0","0.0","0.0","0.0","0.0","0.02210653172489261","0.0","0.05228809094966672","0.11858982071520774","0.0","0.07719789775755516","0.0","0.0","0.0","0.0","0.03405637727072419","0.0","0.0","0.10436263363188596","0.0","0.0","0.13369709030457425","0.0","0.0","0.0319224530072071","0.022516790627246965","0.0","0.0","0.0"
"32","0.0","0.0","0.0","0.0","0.0","0.0","0.0","0.0","0.0","0.0","0.0","0.0","0.0","0.0","0.0","0.0","0.0","0.0","0.0","0.0","0.0","0.0","0.0","0.0","0.0","0.0","0.0","0.0","0.0","0.0","0.0","0.0","0.0","0.0","0.0","0.0","0.0","0.0","0.0","0.0","0.0","0.0","0.0","0.0","0.0","0.0","0.0","0.0","0.0","0.0","0.0","0.0","0.054559513909150106","0.0","0.0","0.0","0.0","0.0","0.0","0.0","0.0","0.0","0.0","0.0","0.20590839916960285","0.0","0.0","0.045428245435238275","0.0","0.0","0.0","0.0","0.033949089379389896","0.0","0.0","0.0","0.0","0.0","0.0","0.0","0.0","0.0","0.0","0.035476297275195474","0.0","0.0","0.0","0.0","0.0","0.0","0.0","0.0","0.0","0.24649554131634044","0.0","0.0","0.0"
"10","0.0","0.0","0.0","0.0","0.0","0.0","0.0","0.0","0.0","0.0","0.0","0.0","0.0","0.0","0.0","0.0","0.0","0.0","0.0","0.0","0.0","0.0","0.0","0.0","0.0","0.0","0.0","0.0","0.0","0.0","0.0","0.0","0.0","0.0","0.0","0.0","0.0","0.01769213841361891","0.0","0.0","0.0","0.013971512663642167","0.0","0.0","0.0","0.0","0.0","0.012331999308308453","0.0","0.008186739976199543","0.0","0.0","0.0","0.02409143609024903","0.022550345343467514","0.0","0.0","0.0","0.0","0.0","0.0","0.0","0.0","0.0","0.0","0.0","0.0","0.0","0.0","0.0","0.0","0.0","0.0","0.022578143443721062","0.0","0.0","0.043270591992000576","0.0","0.07884480617830882","0.0","0.0","0.0","0.0","0.0","0.0","0.0","0.0","0.0","0.0","0.016659473311559373","0.0","0.0","0.03260347358154699","0.022997154641935833","0.0","0.0","0.0"
"11","0.0","0.0","0.0","0.0","0.0","0.0","0.0","0.12112658258219017","0.0","0.0","0.0","0.0","0.0","0.0","0.08646628585747898","0.0","0.0","0.0","0.0","0.0","0.0","0.0","0.0","0.0","0.0","0.0","0.0","0.0","0.0","0.04187728783434678","0.0","0.0","0.0","0.0","0.0","0.0","0.0","0.027268243720580787","0.0","0.04625633240844189","0.0","0.02153377978119982","0.0","0.0","0.0","0.0","0.0","0.0950342900443668","0.0","0.0","0.0","0.0","0.0","0.0","0.0","0.0","0.0","0.0","0.0","0.0","0.0","0.0","0.08551199929803416","0.0","0.0","0.018746109729528084","0.0","0.0","0.0","0.0","0.0","0.0","0.0","0.06959772796121656","0.0","0.045749469246562674","0.03334568780739979","0.0","0.0","0.0","0.11854415069998162","0.0","0.0","0.0","0.0","0.0","0.0","0.0","0.0","0.025676634892615596","0.0","0.0","0.0","0.0","0.0","0.0","0.0"
"17","0.0","0.24481859549566304","0.0941830127331131","0.0","0.0","0.39490119963101733","0.2843159757762874","0.22977122979882164","0.0","0.1027191021301212","0.0","0.24081700678396298","0.0792521326380482","0.0","0.08825787885941605","0.11005163693423353","0.0","0.0","0.0","0.00896975961680596","0.04280790683894692","0.0","0.09259104642955926","0.02873007261600169","0.0","0.0","0.43597921227866765","0.02976332003980497","0.39038460866199715","0.11670681336231581","0.19966849069482254","0.02731935247854263","0.025145519289221045","0.07500896754688807","0.019467558705483237","0.01859609232577765","0.09461894912019131","0.06933169913365546","0.02061008023024161","0.1083283392883676","0.01608528086579826","0.07361993336568526","0.011737071309381786","0.021063397875906432","0.00979787551575932","0.01873868280413208","0.008453127374993917","0.13205357689150213","0.0028377771218253025","0.014964184802318228","0.0015951314351768553","0.0","0.0","0.056000103164252954","0.021963557683311673","0.0","0.0","0.0","0.0","0.10066367949637743","0.0","0.0","0.08728381935488878","0.0","0.0","0.019134531629137898","0.0","0.0","0.0","0.0","0.0","0.0","0.0","0.09303043463140578","0.0","0.046697404365223585","0.07618125300215282","0.0","0.07679316756133246","0.0","0.22487248225061837","0.0","0.0","0.0","0.0782965685222669","0.0","0.0","0.0","0.0","0.04243463157118147","0.0","0.0","0.03175509118719883","0.022398740455498875","0.0","0.0","0.0"
"8","0.0","0.0","0.09693983100995507","0.0","0.0","0.0","0.0","0.23649683251018128","0.0","0.10572577912967267","0.0","0.0","0.08157191113520028","0.0","0.09084126334090863","0.11327294357215553","0.0","0.0","0.0","0.0","0.0","0.0","0.09530126647520863","0.0","0.0","0.0","0.0","0.0","0.0","0.08176442953981576","0.0","0.0","0.0","0.05580937774356115","0.0","0.0","0.0","0.02864794855128035","0.0","0.09031441212098587","0.0","0.04204420368889646","0.0","0.0","0.0","0.0","0.0","0.11698467742119184","0.0","0.0","0.0","0.0","0.0","0.033487899677296346","0.0","0.0","0.0","0.0","0.0","0.10361019249693476","0.0","0.0","0.08983869227185516","0.0","0.0","0.019694615926541904","0.0","0.0","0.0","0.0","0.0","0.0","0.0","0.07311919866749934","0.0","0.04806427779705919","0.035032896086095965","0.0","0.0","0.0","0.23145469438248156","0.0","0.0","0.0","0.08058837683092494","0.0","0.0","0.0","0.0","0.02697580830328571","0.0","0.0","0.0","0.0","0.0","0.0","0.0"
"2","0.0","0.0","0.0","0.0","0.0","0.0","0.0","0.0","0.0","0.0","0.0","0.0","0.0","0.0","0.0","0.0","0.0","0.0","0.0","0.0","0.0","0.0","0.0","0.0","0.0","0.0","0.0","0.0","0.0","0.0","0.0","0.0","0.0","0.0","0.0","0.0","0.0","0.013903819715800418","0.0","0.0","0.0","0.01097987075902421","0.0","0.0","0.0","0.0","0.0","0.00969141723343684","0.0","0.006433759109729432","0.0","0.0","0.0","0.01893287155359949","0.017721765953586526","0.0","0.0","0.0","0.0","0.0","0.039214211802236484","0.0","0.0","0.0","0.0","0.08233933937880242","0.0","0.0","0.0","0.0","0.05832222712772669","0.0","0.0","0.01774361180202673","0.047182680206611136","0.0","0.03400530201536397","0.0","0.061962208581104884","0.0","0.0","0.0","0.0","0.0","0.0","0.0","0.0","0.0","0.0","0.013092273419351482","0.0","0.0","0.02562227403996251","0.018072902474679117","0.0","0.0","0.0"
"26","0.0","0.055379831810031456","0.21869649042796374","0.0","0.0","0.0","0.06431444019812908","0.10041741465082778","0.0","0.2385176103829499","0.0","0.054474641951482515","0.1840264264638345","0.0","0.0","0.25554403140161486","0.0","0.0","0.0","0.008486559751971266","0.04050185007911137","0.0","0.21499988492168867","0.02718238708173914","0.0","0.0","0.0","0.028159973591889046","0.0","0.06997750809887225","0.030984047892774483","0.05057758008449532","0.023790933208788664","0.14557303322612758","0.018418843674421943","0.01759432308310658","0.02600724128606447","0.039262937077055936","0.01949981770293531","0.11358862330519864","0.03917487157107397","0.10078094031117701","0.011104796698630516","0.0199287151818989","0.009270065147685273","0.017729232229651573","0.00799775842649115","0.033162015579630694","0.0419838160534494","0.014158065978320542","0.001509201897842666","0.0","0.0","0.09774929673394865","0.020780383489436862","0.0","0.0","0.0","0.0","0.2337448418836054","0.0","0.0","0.0","0.0","0.0","0.0","0.0","0.0","0.0","0.0","0.0","0.0","0.0","0.02080599973498646","0.0","0.0","0.03987431153329126","0.0","0.07265632892004487","0.0","0.0982765044757447","0.0","0.0","0.0","0.1818075707229117","0.21723269652959135","0.0","0.0","0.0","0.0153518821496243","0.0","0.0","0.030044448268661875","0.021192123018361975","0.0","0.0","0.0"
"13","0.0","0.0","0.05075230215797687","0.0","0.0","0.0","0.0","0.12381658372943281","0.0","0.05535213577714652","0.0","0.0","0.042706514323427855","0.0","0.04755943142728074","0.059303411184068726","0.0","0.0","0.0","0.0","0.0","0.0","0.049894440931003446","0.0","0.0","0.0","0.0","0.0","0.0","0.04280730624910197","0.0","0.0","0.0","0.029218685167699654","0.0","0.0","0.0","0.02428413650896215","0.0","0.04728360144050191","0.0","0.029344911385153032","0.0","0.0","0.0","0.0","0.0","0.06771908048289943","0.0","0.004296785332809369","0.0","0.0","0.05533990056728037","0.030176717373904916","0.01183547949529203","0.0","0.0","0.0","0.0","0.05424453231933706","0.0","0.0","0.04703454099471724","0.0","0.14534064717626613","0.0103110051665606","0.0","0.04607802388999061","0.0","0.0","0.0","0.0","0.03443467685092534","0.050131213594540494","0.0","0.025163781743242155","0.04105171260654728","0.0","0.041381454368900485","0.0","0.12117680073091498","0.0","0.0","0.0359837290151396","0.042191590481769924","0.0","0.0","0.0","0.0","0.022866705799334013","0.0","0.0","0.01711183297516451","0.15134832448664412","0.0","0.0","0.0"
"19","0.0","0.08672437442979551","0.050989332790133984","0.050511560363149625","0.04941679172817249","0.0417685766345136","0.10071589982645833","0.0","0.0","0.0","0.18666471914962507","0.08530685433886896","0.0","0.0","0.0","0.059580378423865626","0.05882201642472709","0.0571127390144453","0.0","0.016828261383290407","0.08031236915286083","0.05183729592547221","0.0501274650574399","0.05989678438377772","0.049673299337341735","0.04863102824676761","0.04611338521162116","0.04409829379932803","0.04129085821736891","0.04090040849745655","0.04292778834604092","0.04388681314292781","0.041178694617171316","0.038998189870186446","0.08584673867672052","0.12911928248712584","0.025188341489772746","0.03740838621328464","0.022619107700860685","0.06195637535446014","0.02304097994262191","0.029541468051312605","0.022020044271702365","0.013172421566789511","0.01838189842581887","0.011718614012638504","0.015859002141609166","0.019489709557175623","0.009331511497863324","0.009358155402123028","0.0029926430449223004","0.0","0.0","0.01467402892397233","0.013735354695170711","0.0","0.0","0.0","0.0","0.0","0.04547174370882278","0.0","0.0","0.0","0.0","0.0","0.0","0.0","0.0","0.0","0.0","0.0","0.0","0.013752286443266756","0.0","0.0","0.026356001197662876","0.0","0.04802415937478207","0.0","0.0","0.0","0.05364999568915655","0.0","0.0","0.0","0.0","0.0","0.0","0.010147240385180391","0.0","0.0","0.019858688065143192","0.01400750503708734","0.18338380963379566","0.0","0.0"
"36","0.0","0.0","0.0","0.0","0.0","0.0","0.0","0.0","0.0","0.0","0.0","0.0","0.0","0.0","0.0","0.0","0.0","0.0","0.0","0.009202663283748124","0.04391943255455573","0.0","0.0","0.016154500499489768","0.0","0.0","0.0","0.0","0.0","0.0144323974818586","0.01841382861832222","0.04880205338741141","0.02087910879841478","0.021326458026576605","0.019973042241566378","0.01907894786243593","0.006560777596801417","0.027076800657937154","0.007981532826110789","0.007970785715784455","0.03662627308195687","0.04650069937463983","0.012041829414826987","0.0","0.010052281568245681","0.0","0.038025905273128234","0.04104398760029671","0.04552644814843485","0.008180751790030204","0.0016365497090636305","0.0","0.0","0.06738560005584271","0.14415745023805776","0.0","0.0","0.0","0.0","0.0","0.0","0.0","0.0","0.0","0.0","0.0","0.0","0.0","0.0","0.0","0.0","0.0","0.0","0.02256162867389912","0.0","0.0533645217058207","0.12103117453146234","0.0","0.0787871351909251","0.0","0.0","0.0","0.0","0.03475748016569659","0.0","0.2355629865114791","0.10651109892473308","0.0","0.0","0.13644945049593551","0.0","0.0","0.032579625789856896","0.022980333386617924","0.0","0.0","0.0"
"22","0.0","0.04576306335119415","0.0","0.0","0.0","0.0","0.05314616720541278","0.0","0.0","0.0","0.0","0.0450150607031592","0.0","0.0","0.0","0.0","0.0","0.0","0.0","0.007012859354563919","0.03346865944571545","0.0","0.0","0.02246213578844748","0.0","0.0","0.0","0.023269963330227038","0.0","0.029137090583845424","0.025603634035172906","0.02135918740016344","0.019659611595653312","0.016251757351104443","0.015220391293706139","0.01453904960628169","0.02149105534748796","0.01897251060029947","0.016113652998031","0.01609195601196291","0.012576012870974755","0.034123792410201345","0.009176436587326487","0.016468071959943098","0.007660308180032684","0.014650531631744896","0.02897751632197146","0.021886750291893645","0.0022186694722200998","0.005465387257507676","0.001247127335049181","0.0","0.0","0.0330056041028587","0.09268286473264434","0.0","0.0","0.0","0.0","0.0","0.0","0.0","0.0","0.0","0.0","0.0","0.0","0.0","0.0","0.0","0.0","0.0","0.0","0.0","0.0","0.040666258637040105","0.05928131570215316","0.0","0.0","0.0","0.0","0.0","0.0","0.026486823694998784","0.0","0.0","0.08116643339307048","0.0","0.0","0.09129484496045005","0.0","0.0","0.0","0.0","0.0","0.0","0.0"
"28","0.0","0.09710241413251425","0.0","0.0","0.0","0.0","0.1127682624288563","0.0","0.0","0.0","0.0","0.09551526376313645","0.0","0.0","0.0","0.0","0.0","0.0","0.0","0.014880244534201904","0.07101551758058046","0.0","0.0","0.06894950180735354","0.0","0.0","0.0","0.04937540126629579","0.0","0.17593752569362422","0.05432710341747308","0.0453210189306641","0.04171477184985461","0.20310618437580186","0.11125605170051509","0.1817016354715448","0.04560082310228707","0.04025684572961882","0.03419077509289174","0.09716752316667798","0.026684428893271515","0.09046908549861646","0.019471033635253376","0.0349427994176599","0.01625403464737267","0.031086249162340464","0.08259515181888899","0.06238420998870758","0.00470768663936177","0.011596738898363726","0.0026462187208620164","0.0","0.0","0.0","0.0","0.0","0.0","0.0","0.0","0.0","0.0","0.0","0.0","0.0","0.0","0.0","0.0","0.0","0.0","0.0","0.0","0.0","0.0","0.0","0.0","0.0","0.0","0.0","0.0","0.0","0.0","0.0","0.0","0.0","0.0","0.0","0.0","0.0","0.0","0.0","0.0","0.0","0.0","0.0","0.0","0.0","0.0"
"5","0.0","0.0","0.0","0.0","0.0","0.0","0.0","0.0","0.0","0.0","0.0","0.0","0.0","0.0","0.0","0.0","0.0","0.0","0.0","0.0","0.0","0.0","0.0","0.0","0.0","0.0","0.0","0.0","0.0","0.0","0.0","0.0","0.0","0.0","0.0","0.0","0.0","0.0","0.0","0.0","0.0","0.0","0.0","0.0","0.0","0.0","0.0","0.0","0.0","0.0","0.0","0.0","0.0","0.0","0.0","0.0","0.0","0.0","0.0","0.0","0.0","0.0","0.0","0.0","0.0","0.0","0.28927177152239486","0.0","0.0","0.0","0.0","0.0","0.0","0.0","0.0","0.0","0.0","0.0","0.0","0.0","0.0","0.0","0.0","0.0","0.0","0.0","0.0","0.08698252789999686","0.0","0.0","0.0","0.0","0.0","0.0","0.0","0.0","0.0"
"29","0.0","0.0","0.10362357487731494","0.0","0.0","0.0","0.0","0.0","0.0","0.11301529078363075","0.0","0.0","0.08719607774575204","0.0","0.0","0.12108281216848567","0.0","0.0","0.11970239965146912","0.0","0.0","0.0","0.10187203567007026","0.0","0.0","0.0","0.0","0.0","0.0","0.0","0.0","0.0","0.0","0.059657286104329715","0.0","0.0","0.0","0.013036994176850666","0.0","0.04459394460442329","0.0","0.07033770055586387","0.0","0.0","0.0","0.0","0.021645702814298742","0.025436234871713485","0.0","0.006032650146742347","0.0","0.0","0.0","0.08548829193865104","0.16523221835960417","0.0","0.0","0.0","0.0","0.11075384007175103","0.0367694246160696","0.0","0.0","0.0","0.0","0.07720594124126133","0.0","0.0","0.0","0.11881674459902472","0.05468616185961263","0.0","0.0","0.13463793546143196","0.0442411035006998","0.039352066651354274","0.08925081111584844","0.0","0.058099210790159984","0.0","0.0","0.0","0.0","0.025630861710963796","0.08614473136355115","0.0","0.07854341667486373","0.0","0.0","0.18768824793214617","0.0","0.0","0.02402486829407463","0.01694615790029449","0.0","0.0","0.0"
"21","0.0","0.0","0.0","0.0","0.0","0.0","0.0","0.0","0.0","0.0","0.0","0.0","0.0","0.0","0.0","0.0","0.0","0.0","0.0","0.009180850743070316","0.04381533286302032","0.0","0.0","0.016116210421019","0.0","0.0","0.0","0.0","0.0","0.014398189204597463","0.01837018338504712","0.021933292171067213","0.02082962025407283","0.021275909156225153","0.019925701294394804","0.01903372613547412","0.006545226965011921","0.009375328553249488","0.007962614660350207","0.007951893023278072","0.010623492700660632","0.08407902117458256","0.01201328736283102","0.0","0.010028455226473582","0.0","0.00865206026219195","0.006534910734410649","0.0029045603573103393","0.0","0.005859790297032439","0.0","0.0","0.13221319139122642","0.0","0.0","0.0","0.0","0.0","0.0","0.0","0.0","0.0","0.0","0.0","0.0","0.0","0.0","0.0","0.0","0.0","0.0","0.0","0.0","0.0","0.0","0.0","0.0","0.0","0.0","0.0","0.0","0.0","0.0","0.0","0.0","0.0","0.0","0.0","0.0","0.0","0.0","0.0","0.0","0.0","0.0","0.0"
"20","0.0","0.05572816558147512","0.0","0.0","0.24382129706864714","0.0","0.06471897178987082","0.0","0.0","0.0","0.0","0.054817282166499656","0.0","0.0","0.0","0.0","0.0","0.281792921366572","0.0","0.008539939389799106","0.04075660278830879","0.0","0.0","0.02735336166038184","0.0","0.23994435839000586","0.0","0.02833709709487592","0.0","0.03548181633204864","0.031178934549240027","0.02601024155632722","0.02394057587146791","0.019790646830216422","0.018534696414906078","0.017704989669031942","0.09997764903967483","0.02310385570379854","0.019622469665227783","0.019596048067902834","0.015314493311998871","0.01824515527733513","0.011174644792940697","0.10904221840526276","0.00932837295846914","0.01784074738102544","0.008048063551384836","0.006078711347283153","0.0027017942127167366","0.006655498643434329","0.03223929165735344","0.0","0.0","0.0","0.0","0.0","0.0","0.0","0.0","0.0","0.0","0.0","0.0","0.0","0.0","0.0","0.0","0.0","0.0","0.0","0.0","0.0","0.0","0.0","0.0","0.0","0.0","0.0","0.0","0.0","0.0","0.0","0.0","0.0","0.0","0.0","0.0","0.0","0.0","0.0","0.0","0.0","0.0","0.0","0.0","0.0","0.0"
"12","0.0","0.0","0.0","0.0","0.0","0.0","0.0","0.0","0.0","0.0","0.0","0.0","0.0","0.0","0.0","0.0","0.0","0.0","0.22930349509564307","0.0","0.0","0.0","0.0","0.0","0.0","0.0","0.0","0.0","0.0","0.0","0.0","0.0","0.0","0.0","0.0","0.0","0.0","0.0","0.0","0.0","0.0","0.0","0.0","0.0","0.0","0.0","0.0","0.0","0.0","0.0","0.0","0.0","0.0","0.0","0.11288254224390937","0.0","0.0","0.0","0.0","0.0","0.0","0.0","0.0","0.0","0.0","0.0","0.0","0.0","0.0","0.2276069225994699","0.0","0.0","0.0","0.22604338800631277","0.0","0.0","0.0","0.0","0.0","0.0","0.0","0.0","0.0","0.0","0.0","0.0","0.0","0.0","0.0","0.16678801776294316","0.0","0.0","0.0","0.0","0.0","0.0","0.0"
"31","0.0","0.0","0.0","0.0","0.0","0.0","0.0","0.0","0.0","0.0","0.0","0.0","0.0","0.0","0.0","0.0","0.0","0.0","0.0","0.008890009160865096","0.04242730019683764","0.0","0.0","0.015605662513294942","0.0","0.0","0.0","0.0","0.0","0.013942066755126643","0.01778823152125717","0.021238464036232595","0.020169755511581393","0.02060190635898747","0.019294471939600575","0.01843075379887661","0.0063378797136873985","0.009078326078595494","0.007710365766307925","0.007699983781625006","0.01028694944208104","0.007169169989882829","0.011632716585473706","0.0","0.009710762251523163","0.0","0.00837797031492969","0.006327890292541419","0.002812546343187702","0.0","0.001580949064112796","0.0","0.0","0.0","0.0","0.0","0.0","0.0","0.0","0.0","0.0","0.0","0.0","0.0","0.0","0.0","0.0","0.0","0.0","0.0","0.0","0.0","0.0","0.0","0.0","0.0","0.0","0.0","0.0","0.0","0.0","0.0","0.0","0.0","0.0","0.0","0.0","0.0","0.0","0.0","0.0","0.0","0.0","0.0","0.0","0.0","0.0"
"3","0.0","0.0","0.0","0.0","0.0","0.0","0.0","0.0","0.229816773702092","0.0","0.0","0.0","0.0","0.0","0.0","0.0","0.0","0.0","0.0","0.0","0.0","0.0","0.0","0.015136800216062889","0.0","0.0","0.0","0.0","0.0","0.0","0.0","0.0","0.0","0.0","0.0","0.0","0.0","0.01622630271116323","0.0","0.0","0.0","0.012813939644435324","0.0","0.0","0.0","0.0","0.04875755685418345","0.04813690076099726","0.016368270962792367","0.007508449118233113","0.0","0.0","0.0","0.022095403371144122","0.020681995654222782","0.225112211862723","0.0","0.0","0.0","0.0","0.0","0.0","0.0","0.0","0.0","0.0","0.0","0.0","0.0","0.0","0.0","0.0","0.0","0.0207074906158246","0.0","0.0","0.03968552063853195","0.0","0.07231232665845623","0.0","0.0","0.0","0.0","0.0","0.0","0.0","0.0","0.0","0.0","0.015279196366326266","0.0","0.0","0.02990219833247289","0.02109178574073536","0.0","0.0","0.0"
"15","0.0","0.0","0.0","0.0","0.0","0.0","0.0","0.0","0.0","0.0","0.0","0.0","0.0","0.0","0.0","0.0","0.0","0.0","0.0","0.012199961457282847","0.05822394755413489","0.0","0.0","0.021416005060565665","0.0","0.0","0.0","0.0","0.0","0.019133014822546895","0.024411194074792527","0.02914602650743629","0.027679413529441844","0.02827246395117765","0.026478242006540992","0.02529294198759669","0.008697616259864104","0.012458393040028435","0.010581110038063913","0.010566862604716004","0.014117014328722402","0.009838414783902","0.015963841141021264","0.0","0.013326299562315777","0.0","0.011497278920965229","0.00868390755037278","0.003859721217697007","0.0","0.0021695723029183703","0.0","0.0","0.0","0.0","0.0","0.0","0.0","0.0","0.0","0.0","0.0","0.0","0.0","0.0","0.0","0.0","0.0","0.0","0.0","0.0","0.0","0.0","0.0","0.0","0.0","0.0","0.0","0.0","0.0","0.0","0.0","0.0","0.0","0.0","0.0","0.0","0.0","0.0","0.0","0.0","0.0","0.0","0.0","0.0","0.0","0.0"
"14","0.0","0.20763160776421669","0.06354090076469249","0.06294551956023411","0.06158126195204592","0.173035696755918","0.2411294903639312","0.0","0.0","0.0","0.0","0.20423784473678297","0.0","0.0","0.0","0.07424672388900509","0.07330168299723058","0.07117164872608081","0.0","0.006990239121837525","0.03336070506827454","0.064597599067775","0.062466875099347806","0.03998055701995907","0.061900911644398135","0.06060207441095835","0.19103504076012984","0.03175865382816076","0.1710566410680241","0.010962686169096458","0.08740326914075279","0.016699863802993584","0.015859535294475924","0.016199336717107896","0.015171297368412122","0.014492153373363422","0.0572994168481044","0.007138313242100274","0.00606268221416294","0.006054518830506112","0.008088657180573942","0.0056371384581909495","0.009146837657601877","0.0","0.007635599577588593","0.0","0.006587621542036301","0.004975637874068796","0.007205536410216233","0.0","0.0012431046805038704","0.0","0.0","0.0","0.0","0.0","0.0","0.0","0.0","0.0","0.0","0.0","0.0","0.0","0.0","0.0","0.0","0.0","0.0","0.0","0.0","0.0","0.0","0.0","0.0","0.0","0.0","0.0","0.0","0.0","0.0","0.0","0.0","0.0","0.0","0.0","0.0","0.0","0.0","0.0","0.0","0.0","0.0","0.0","0.0","0.0","0.0"
"37","0.0","0.29174573697678124","0.17153102078417692","0.1699237671172096","0.7050044285889903","0.14051187169498583","0.338814025622474","0.0","0.0","0.0","0.0","0.2869771186232232","0.0","0.0","0.0","0.20043178779798987","0.1978806148228194","0.8147986246358487","0.0","0.018870410045564643","0.09005846196031167","0.17438361708683064","0.1686316486237598","0.13524536370908424","0.16710380926382418","0.6937943375482535","0.1551280553075572","0.14834917298040998","0.13890479972019648","0.0784029479350814","0.06889501820478637","0.05747393525279179","0.052900666246084194","0.043730710922753185","0.04095548053152662","0.03912210610138509","0.05782876943840272","0.051051794499268915","0.043359095631498666","0.04330071273756664","0.03383990860434833","0.040315691448532726","0.024692227863842633","0.24094683576363518","0.020612584557044563","0.03942208524353511","0.01778352894035793","0.013431919178358266","0.019451613069179724","0.014706426208284771","0.003355807239467121","0.0","0.0","0.0","0.0","0.0","0.0","0.0","0.0","0.0","0.0","0.0","0.0","0.0","0.0","0.0","0.0","0.0","0.0","0.0","0.0","0.0","0.0","0.0","0.0","0.0","0.0","0.0","0.0","0.0","0.0","0.0","0.0","0.0","0.0","0.0","0.0","0.0","0.0","0.0","0.0","0.0","0.0","0.0","0.0","0.0","0.0"
"30","0.0","0.0","0.0","0.0","0.0","0.0","0.0","0.0","0.0","0.0","0.0","0.0","0.0","0.0","0.0","0.0","0.0","0.0","0.15471138627743916","0.0","0.0","0.0","0.0","0.0","0.0","0.0","0.0","0.0","0.0","0.0","0.0","0.0","0.0","0.0","0.0","0.0","0.0","0.016849883108978378","0.0","0.0","0.0","0.01330638217575572","0.0","0.0","0.0","0.0","0.0","0.011744919804891797","0.0","0.007797000476571905","0.0","0.0","0.0","0.022944534603891616","0.09763881718173567","0.0","0.0","0.0","0.0","0.0","0.0","0.0","0.0","0.0","0.0","0.0","0.0","0.0","0.0","0.15356670646044096","0.0","0.0","0.0","0.17401507155596005","0.08554814716601292","0.0","0.04121064396377668","0.0","0.07509130534678037","0.0","0.0","0.0","0.0","0.0","0.0","0.0","0.0","0.0","0.0","0.12839848624497147","0.0","0.0","0.03105134642021826","0.021902347726232587","0.0","0.0","0.0"
"18","0.0","0.14436928177908342","0.059688178522332894","0.05912889750502161","0.05784735993334721","0.04889434951121743","0.16766084756772098","0.0","0.0","0.0","0.0","0.14200954890375264","0.0","0.0","0.0","0.06974486758689158","0.06885712805565587","0.06685624572152125","0.0","0.013132789607851355","0.0626758417265791","0.060680805258806265","0.0586792750463173","0.06809385966811926","0.058147628070438676","0.0569275441917398","0.053980388017803624","0.07341003086330372","0.04833513171789389","0.05456423137497003","0.04794722408934677","0.03999876514541317","0.03681601609331642","0.030434220801962463","0.028502809838804297","0.02722687992496958","0.040245710638068054","0.060758647448338574","0.030175596563097384","0.030134965211639973","0.02355075480483697","0.04798121020785032","0.017184461424100822","0.03083930724436116","0.014345249287539382","0.027435649260192686","0.012376378864843485","0.02693357270149416","0.008846058585184488","0.02190933749145791","0.0023354611973990867","0.0","0.0","0.03435487425030241","0.032157247732080334","0.0","0.0","0.0","0.0","0.0","0.0","0.0","0.0","0.0","0.0","0.0","0.0","0.0","0.0","0.0","0.0","0.0","0.0","0.0321968883842619","0.0","0.0","0.06170473777704781","0.0","0.11243428541985546","0.0","0.0","0.0","0.0","0.0","0.0","0.0","0.0","0.0","0.0","0.023756745282882602","0.0","0.0","0.04649321156369161","0.032794406812395926","0.0","0.0","0.0"
"6","0.0","0.12838307981857705","0.07548244221456984","0.07477516820963251","0.07315451922863672","0.06183242650332435","0.14909553965001138","0.0","0.2259413783994843","0.0","0.0","0.12628464329280908","0.0","0.0","0.0","0.08820026121957468","0.08707761433158134","0.08454727266421147","0.0","0.00830394776010664","0.03963033986374631","0.07673773081829989","0.07420656983558727","0.07439644169657528","0.07353424219670156","0.07199130835032261","0.06826429655160914","0.06528124082676696","0.061125232452259266","0.03450131620453593","0.030317339725143395","0.0494892624489803","0.023279004956522954","0.019243754541529972","0.01802251090478015","0.017215732172582494","0.02544762298690043","0.03841808552876734","0.019080224763534517","0.01905453329736474","0.03833191499765527","0.030338829367561302","0.010865846039746909","0.01949989331755934","0.009070593852978318","0.017347738372740333","0.05576102358145268","0.05323590222991615","0.06310524408993526","0.013853415718991213","0.0014767272116629213","0.0","0.0","0.02172280906023124","0.020333235607182764","0.2213161494850338","0.0","0.0","0.0","0.0","0.0","0.0","0.0","0.0","0.0","0.0","0.0","0.0","0.0","0.0","0.0","0.0","0.0","0.020358300647796486","0.0","0.0","0.03901630455918924","0.0","0.07109292545227587","0.0","0.0","0.0","0.0","0.0","0.0","0.2125583294632217","0.0","0.0","0.0","0.015021543607252915","0.0","0.0","0.02939795820635605","0.020736115412297064","0.0","0.0","0.0"
"16","0.0","0.30580083342161113","0.0","0.0","0.2101972556555528","0.4515528685600974","0.3551366764907673","0.0","0.0","0.0","0.0","0.3008024828650658","0.0","0.0","0.0","0.0","0.0","0.24293242406030602","0.0","0.007362243761237688","0.03513608597338389","0.0","0.0","0.012923798997222428","0.0","0.20685496406579953","0.49852384373851155","0.0","0.4463883372543446","0.011546095412201127","0.2290603452425597","0.017588592600933674","0.016703543719001","0.0170614286010813","0.01597867933466526","0.015263392839685534","0.11544882044432511","0.007518198049653878","0.00638532438298829","0.006376726562606104","0.008519117132693573","0.005937134155453572","0.009633611569790099","0.07671629133436954","0.00804194883373796","0.0","0.006938199788865396","0.005240430013631854","0.002329204772867809","0.0","0.0013092598864056014","0.0","0.0","0.0","0.0","0.0","0.0","0.0","0.0","0.0","0.0","0.0","0.0","0.0","0.0","0.0","0.0","0.0","0.0","0.0","0.0","0.0","0.0","0.0","0.0","0.0","0.0","0.0","0.0","0.0","0.0","0.0","0.0","0.0","0.0","0.0","0.0","0.0","0.0","0.0","0.0","0.0","0.0","0.0","0.0","0.0","0.0"
"23","0.0","0.0","0.0","0.0","0.0","0.0","0.0","0.0","0.0","0.0","0.0","0.0","0.0","0.0","0.0","0.0","0.0","0.0","0.0","0.0","0.0","0.0","0.0","0.0","0.0","0.0","0.0","0.0","0.0","0.0","0.0","0.0","0.0","0.0","0.0","0.0","0.0","0.0","0.0","0.0","0.0","0.0","0.0","0.0","0.0","0.0","0.0","0.0","0.0","0.0","0.0","0.0","0.0","0.0","0.0","0.0","0.0","0.0","0.0","0.0","0.0","0.0","0.0","0.0","0.0","0.0","0.0","0.0","0.0","0.0","0.0","0.0","0.0","0.0","0.0","0.0","0.0","0.0","0.0","0.0","0.0","0.0","0.0","0.0","0.0","0.0","0.0","0.0","0.0","0.0","0.0","0.0","0.0","0.0","0.0","0.0","0.0"
"34","0.0","0.08100430693162251","0.3160401242045282","0.08163783116038247","0.07986844339371295","0.06750723958204197","0.09407299523435969","0.10727438432105724","0.0","0.25480470586233955","0.0","0.0796802820161115","0.19659260962211417","0.0","0.0","0.3692888133039995","0.09506936255523904","0.09230679296476084","0.0","0.009066061654367408","0.04326750540439869","0.08378051246387203","0.3106981287246184","0.05185318965506561","0.08028301631005447","0.07859847616312775","0.07452940928917415","0.04118970877066788","0.06673514117128854","0.05130631230822408","0.018140499157616837","0.02165905804058951","0.020569185443192434","0.155513439251375","0.01967656827204648","0.01879574556713072","0.006463391342182029","0.026674880586078933","0.007863057298387436","0.10839414738874623","0.010490666116275596","0.1203499446945505","0.011863084037747404","0.0","0.00990306845472874","0.0","0.037461459909995214","0.057267950972930824","0.00934529366008832","0.008059319114551263","0.0016122572461181018","0.0","0.0","0.14709295307666298","0.14201761941053367","0.0","0.0","0.0","0.0","0.24970603045773535","0.0","0.0","0.0","0.0","0.0","0.0","0.0","0.0","0.0","0.0","0.0","0.0","0.0","0.022226730488090228","0.0","0.052572394427947644","0.1192346233443666","0.0","0.07761764210946838","0.0","0.10498728280866203","0.0","0.0","0.0342415503443603","0.19422224005691077","0.0","0.10493007947290289","0.0","0.0","0.1344240349514197","0.0","0.0","0.03209602339886559","0.022639220071098944","0.0","0.0","0.0"
"4","0.0","0.05968228333644127","0.0","0.0","0.0","0.0","0.06931102022296243","0.0","0.0","0.0","0.0","0.058706769402117526","0.0","0.0","0.0","0.0","0.0","0.0","0.0","0.009145879413397595","0.04364843324846888","0.0","0.0","0.042378593153793026","0.0","0.0","0.0","0.030347718072220548","0.0","0.1081368918761342","0.033391194317630095","0.02785576359847066","0.02563924754188358","0.12483562794594982","0.06838156661504181","0.11167970011650127","0.028027740289253356","0.04231326926545946","0.021014755861803288","0.05972230145400754","0.016401112784960935","0.0694803718969294","0.011967526828804712","0.021476974326994677","0.009990255235683202","0.01910661384630577","0.05076565085543747","0.050590294216761963","0.002893496422098617","0.015258004179440217","0.0016264515859837848","0.0","0.0","0.023925269995025134","0.02239480862836107","0.0","0.0","0.0","0.0","0.0","0.0","0.0","0.0","0.0","0.0","0.0","0.0","0.0","0.0","0.0","0.0","0.0","0.0","0.022422414996508797","0.0","0.0","0.042972141319222","0.0","0.07830098913385139","0.0","0.0","0.0","0.0","0.0","0.0","0.0","0.0","0.0","0.0","0.016544567765111318","0.0","0.0","0.03237859732778254","0.02283853614473229","0.0","0.0","0.0"
"7","0.0","0.0","0.048875636360449635","0.0","0.0","0.0","0.0","0.11923822298574836","0.0","0.05330538212034265","0.0","0.0","0.04112735729301545","0.0","0.04580082827994762","0.05711055137843047","0.0","0.0","0.0","0.0","0.0","0.0","0.04804949623291865","0.0","0.0","0.0","0.0","0.0","0.0","0.07459191957117962","0.042572509387645244","0.0","0.0","0.0281382670433699","0.023088694533706253","0.044110255602778356","0.015168424319544373","0.014443874115289706","0.0","0.06396354064677216","0.0","0.055513965423999646","0.0","0.030293868709511618","0.0","0.026950409425959325","0.0","0.07412646964276617","0.0","0.0","0.0","0.0","0.0","0.016884106254885803","0.0","0.0","0.033502939110886976","0.0","0.0","0.052238734470213086","0.0","0.0","0.045295346699403785","0.0","0.0","0.009929735550968011","0.0","0.0","0.0","0.0","0.0","0.0","0.0","0.0368656240454264","0.0","0.024233301616705463","0.017663070710135745","0.0","0.0","0.0","0.11669605113501239","0.43975309010063973","0.0","0.0","0.0406314737691536","0.0","0.0","0.0","0.0","0.01360080560719353","0.0","0.0","0.0","0.0","0.0","0.0","0.0"
"33","0.1887005370392845","0.12067245405766684","0.08556518491815523","0.08476343514370786","0.08292630420732228","0.07009183662414625","0.042466238908301715","0.0964234533850355","0.09442200349035954","0.09332021468984684","0.08729841293072023","0.03596910977424859","0.07200049337505002","0.07152083192706708","0.06883194180846691","0.0","0.0","0.0","0.05620269560128542","0.05372069128008358","0.05348600520782566","0.0","0.0","0.02778492713398824","0.0","0.0","0.0","0.018593774003484442","0.0","0.03206991732176608","0.031670857692813824","0.030454118058681628","0.02842244453098044","0.025971807437562874","0.024323589336486758","0.023234742467642178","0.02116727068761795","0.020882210067853443","0.017735590927015658","0.01771171000632686","0.016532939288086655","0.03178539360201158","0.014664792173558618","0.0131587490685278","0.012241879119040388","0.011706450514157599","0.028435219121997524","0.02147715261388895","0.0035456384842088317","0.004367096503999084","0.0019930245262871284","0.0","0.0","0.026373000027028668","0.07405788382123304","0.0","0.0","0.0","0.0","0.0","0.0","0.0","0.0","0.0","0.0","0.0","0.0","0.0","0.0","0.0","0.0","0.0","0.0","0.0","0.0","0.03249421633948891","0.047368505534481874","0.0","0.0","0.0","0.0","0.0","0.0","0.021164193809244784","0.0","0.0","0.06485572399760635","0.0","0.0","0.07294879200229479","0.0","0.0","0.0","0.0","0.0","0.0","0.0"
