"","Implementation/mediastore.ejb.mediaaccess/src/edu/kit/ipd/sdq/mediastore/ejb/mediaaccess/DbManager.java","Implementation/mediastore.web/src/edu/kit/ipd/sdq/mediastore/web/beans/DownloadBean.java","Implementation/mediastore.basic/src/edu/kit/ipd/sdq/mediastore/basic/data/AudioFile.java","Implementation/mediastore.basic/src/edu/kit/ipd/sdq/mediastore/basic/interfaces/IDownloadAudioWatermarkingLocal.java","Implementation/mediastore.basic/src/edu/kit/ipd/sdq/mediastore/basic/exceptions/UnknownServerException.java","Implementation/mediastore.basic/src/edu/kit/ipd/sdq/mediastore/basic/data/AudioFileInfo.java","Implementation/mediastore.basic/src/edu/kit/ipd/sdq/mediastore/basic/interfaces/IDownloadCacheLocal.java","Implementation/mediastore.basic/src/edu/kit/ipd/sdq/mediastore/basic/interfaces/IDownloadReEncoderLocal.java","Implementation/mediastore.basic/src/edu/kit/ipd/sdq/mediastore/basic/interfaces/IDownloadAudioWatermarking.java","Implementation/mediastore.ejb.tagwatermarking/src/edu/kit/ipd/sdq/mediastore/ejb/tagwatermarking/TagWatermarkingImpl.java","Implementation/mediastore.basic/src/edu/kit/ipd/sdq/mediastore/basic/interfaces/IFacadeLocal.java","Implementation/mediastore.basic/src/edu/kit/ipd/sdq/mediastore/basic/interfaces/IDownloadAudioWatermarkingRemote.java","Implementation/mediastore.basic/src/edu/kit/ipd/sdq/mediastore/basic/interfaces/IPackagingLocal.java","Implementation/mediastore.basic/src/edu/kit/ipd/sdq/mediastore/basic/interfaces/IDownloadMediaAccessLocal.java","Implementation/mediastore.basic/src/edu/kit/ipd/sdq/mediastore/basic/interfaces/IUserManagementLocal.java","Implementation/mediastore.basic/src/edu/kit/ipd/sdq/mediastore/basic/interfaces/IDownloadTagWatermarkingLocal.java","Implementation/mediastore.basic/src/edu/kit/ipd/sdq/mediastore/basic/interfaces/ICacheMaintenanceLocal.java","Implementation/mediastore.basic/src/edu/kit/ipd/sdq/mediastore/basic/interfaces/IMediaAccessLocal.java","Implementation/mediastore.ejb.packaging/src/edu/kit/ipd/sdq/mediastore/ejb/packaging/PackagingImpl.java","Implementation/mediastore.basic/src/edu/kit/ipd/sdq/mediastore/basic/data/FileContentLocal.java","Implementation/mediastore.basic/src/edu/kit/ipd/sdq/mediastore/basic/interfaces/IDownloadCache.java","Implementation/mediastore.basic/src/edu/kit/ipd/sdq/mediastore/basic/interfaces/IDownloadReEncoder.java","Implementation/mediastore.basic/src/edu/kit/ipd/sdq/mediastore/basic/interfaces/IMediaManagement.java","Implementation/mediastore.basic/src/edu/kit/ipd/sdq/mediastore/basic/interfaces/IMediaAccess.java","Implementation/mediastore.basic/src/edu/kit/ipd/sdq/mediastore/basic/exceptions/FailedDownloadException.java","Implementation/mediastore.basic/src/edu/kit/ipd/sdq/mediastore/basic/interfaces/IMediaAccessMaintenanceLocal.java","Implementation/mediastore.basic/src/edu/kit/ipd/sdq/mediastore/basic/interfaces/IPackaging.java","Implementation/mediastore.basic/src/edu/kit/ipd/sdq/mediastore/basic/interfaces/IUserDBAdapterLocal.java","Implementation/mediastore.basic/src/edu/kit/ipd/sdq/mediastore/basic/interfaces/IMediaManagementLocal.java","Implementation/mediastore.basic/src/edu/kit/ipd/sdq/mediastore/basic/interfaces/IDownload.java","Implementation/mediastore.ejb.mediaaccess/src/edu/kit/ipd/sdq/mediastore/ejb/mediaaccess/MediaAccessImpl.java","Implementation/mediastore.ejb.mediamanagement/src/edu/kit/ipd/sdq/mediastore/ejb/mediamanagement/MediaManagementImpl.java","Implementation/mediastore.ejb.audiowatermarking/src/edu/kit/ipd/sdq/mediastore/ejb/audiowatermarking/WavFileException.java","Implementation/mediastore.basic/src/edu/kit/ipd/sdq/mediastore/basic/interfaces/IDownloadCacheRemote.java","Implementation/mediastore.basic/src/edu/kit/ipd/sdq/mediastore/basic/interfaces/IDownloadReEncoderRemote.java","Implementation/mediastore.ejb.audiowatermarking/src/edu/kit/ipd/sdq/mediastore/ejb/audiowatermarking/AudioWatermarkingImpl.java","Implementation/mediastore.basic/src/edu/kit/ipd/sdq/mediastore/basic/interfaces/IDownloadMediaAccess.java","Implementation/mediastore.basic/src/edu/kit/ipd/sdq/mediastore/basic/interfaces/IDownloadTagWatermarking.java","Implementation/mediastore.basic/src/edu/kit/ipd/sdq/mediastore/basic/interfaces/IFacade.java","Implementation/mediastore.basic/src/edu/kit/ipd/sdq/mediastore/basic/utils/FSUtil.java","Implementation/mediastore.basic/src/edu/kit/ipd/sdq/mediastore/basic/interfaces/IDownloadTagWatermarkingRemote.java","Implementation/mediastore.ejb.facade/src/edu/kit/ipd/sdq/mediastore/ejb/facade/FacadeImpl.java","Implementation/mediastore.basic/src/edu/kit/ipd/sdq/mediastore/basic/interfaces/IDownloadMediaAccessRemote.java","Implementation/mediastore.ejb.cache/ejbModule/edu/kit/ipd/sdq/mediastore/ejb/cache/CacheImpl.java","Implementation/mediastore.ejb.reencoder/src/edu/kit/ipd/sdq/mediastore/ejb/reencoder/ReEncoderImpl.java","Implementation/mediastore.ejb.mediaaccess/src/edu/kit/ipd/sdq/mediastore/ejb/mediaaccess/Audio.java","Implementation/mediastore.basic/src/edu/kit/ipd/sdq/mediastore/basic/interfaces/IMediaAccessMaintenance.java","Implementation/mediastore.ejb.userdbadapter/src/edu/kit/ipd/sdq/mediastore/ejb/userdbadapter/DbManager.java","Implementation/mediastore.ejb.cache/ejbModule/edu/kit/ipd/sdq/mediastore/ejb/cache/CacheSingleton.java","Implementation/mediastore.basic/src/edu/kit/ipd/sdq/mediastore/basic/data/FileContentRemote.java","Implementation/mediastore.web/src/edu/kit/ipd/sdq/mediastore/web/beans/SessionBean.java","Implementation/mediastore.web/src/edu/kit/ipd/sdq/mediastore/web/beans/UploadBean.java","Implementation/mediastore.basic/src/edu/kit/ipd/sdq/mediastore/basic/interfaces/IMediaAccessRemote.java","Implementation/mediastore.ejb.usermanagement/ejbModule/edu/kit/ipd/sdq/mediastore/ejb/usermanagement/UserManagementImpl.java","Implementation/mediastore.ejb.cache/ejbModule/edu/kit/ipd/sdq/mediastore/ejb/cache/IdAndBitrate.java","Implementation/mediastore.basic/src/edu/kit/ipd/sdq/mediastore/basic/interfaces/IUserManagement.java","Implementation/mediastore.basic/src/edu/kit/ipd/sdq/mediastore/basic/interfaces/IBusinessInterface.java","Implementation/mediastore.basic/src/edu/kit/ipd/sdq/mediastore/basic/data/FileContent.java","Implementation/mediastore.basic/src/edu/kit/ipd/sdq/mediastore/basic/exceptions/PropertiesException.java","Implementation/mediastore.basic/src/edu/kit/ipd/sdq/mediastore/basic/interfaces/IMediaAccessMaintenanceRemote.java","Implementation/mediastore.basic/src/edu/kit/ipd/sdq/mediastore/basic/interfaces/IMediaManagementRemote.java","Implementation/mediastore.basic/src/edu/kit/ipd/sdq/mediastore/basic/interfaces/IUserManagementRemote.java","Implementation/mediastore.web/src/edu/kit/ipd/sdq/mediastore/web/beans/WebBeanManager.java","Implementation/mediastore.basic/src/edu/kit/ipd/sdq/mediastore/basic/BaseEJB.java","Implementation/mediastore.basic/src/edu/kit/ipd/sdq/mediastore/basic/exceptions/FailedUploadException.java","Implementation/mediastore.basic/src/edu/kit/ipd/sdq/mediastore/basic/config/EJB.java","Implementation/mediastore.basic/src/edu/kit/ipd/sdq/mediastore/basic/config/RequiredInterface.java","Implementation/mediastore.ejb.userdbadapter/src/edu/kit/ipd/sdq/mediastore/ejb/userdbadapter/UserDBAdapterImpl.java","Implementation/mediastore.web/src/edu/kit/ipd/sdq/mediastore/web/beans/LoginBean.java","Implementation/mediastore.basic/src/edu/kit/ipd/sdq/mediastore/basic/exceptions/DbException.java","Implementation/mediastore.web/src/edu/kit/ipd/sdq/mediastore/web/utils/SessionUtil.java","Implementation/mediastore.basic/src/edu/kit/ipd/sdq/mediastore/basic/interfaces/IUserDBAdapter.java","Implementation/mediastore.basic/src/edu/kit/ipd/sdq/mediastore/basic/exceptions/BadLoginDataException.java","Implementation/mediastore.basic/src/edu/kit/ipd/sdq/mediastore/basic/interfaces/IUserDBAdapterRemote.java","Implementation/mediastore.web/src/edu/kit/ipd/sdq/mediastore/web/beans/RegisterBean.java","Implementation/mediastore.ejb.usermanagement/ejbModule/edu/kit/ipd/sdq/mediastore/ejb/usermanagement/SecurityUtil.java","Implementation/mediastore.basic/src/edu/kit/ipd/sdq/mediastore/basic/interfaces/IFacadeRemote.java","Implementation/mediastore.basic/src/edu/kit/ipd/sdq/mediastore/basic/interfaces/ICacheMaintenanceRemote.java","Implementation/mediastore.basic/src/edu/kit/ipd/sdq/mediastore/basic/config/GlobalConstantsContainer.java","Implementation/mediastore.web/src/edu/kit/ipd/sdq/mediastore/web/filters/MainFilter.java","Implementation/mediastore.ejb.audiowatermarking/src/edu/kit/ipd/sdq/mediastore/ejb/audiowatermarking/WavFile.java","Implementation/mediastore.basic/src/edu/kit/ipd/sdq/mediastore/basic/data/UserRegData.java","Implementation/mediastore.basic/src/edu/kit/ipd/sdq/mediastore/basic/interfaces/IPackagingRemote.java","Implementation/mediastore.ejb.userdbadapter/src/edu/kit/ipd/sdq/mediastore/ejb/userdbadapter/User.java","Implementation/mediastore.basic/src/edu/kit/ipd/sdq/mediastore/basic/config/Main.java","Implementation/mediastore.basic/src/edu/kit/ipd/sdq/mediastore/basic/config/ProvidedInterface.java","Implementation/mediastore.basic/src/edu/kit/ipd/sdq/mediastore/basic/config/InterfaceDetails.java","Implementation/mediastore.basic/src/edu/kit/ipd/sdq/mediastore/basic/data/CurrentUser.java","Implementation/mediastore.basic/src/edu/kit/ipd/sdq/mediastore/basic/exceptions/AppException.java","Implementation/mediastore.basic/src/edu/kit/ipd/sdq/mediastore/basic/interfaces/ICacheMaintenance.java","Implementation/mediastore.basic/src/edu/kit/ipd/sdq/mediastore/basic/exceptions/ConversionException.java","Implementation/mediastore.basic/src/edu/kit/ipd/sdq/mediastore/basic/utils/JNDIUtil.java","Implementation/mediastore.web/src/edu/kit/ipd/sdq/mediastore/web/utils/MessageUtil.java","Implementation/mediastore.basic/src/edu/kit/ipd/sdq/mediastore/basic/utils/PropertiesUtil.java","Implementation/mediastore.basic/src/edu/kit/ipd/sdq/mediastore/basic/config/Config.java","Implementation/mediastore.basic/src/edu/kit/ipd/sdq/mediastore/basic/utils/LameUtil.java","Implementation/mediastore.basic/src/edu/kit/ipd/sdq/mediastore/basic/exceptions/UserAlreadyExistsException.java"
"9","0.37974281944981014","0.3596127449583295","0.30786987423065504","0.23003889249191306","0.20426074782726608","0.20283408682090293","0.17003150137096365","0.16685214286716984","0.16069022438067382","0.16003483857790174","0.13231247987987185","0.12139575246378792","0.12012209630422974","0.11895458366426621","0.10609543266073058","0.10150709039258579","0.09755803914126875","0.09351507702712017","0.09328952625663285","0.09001848186750433","0.08512932097501","0.08470421982900937","0.08470388123942761","0.08447965839179851","0.08414827458616315","0.08307509518572691","0.08263439761540241","0.08152203671892676","0.081074146194391","0.07716524467593482","0.06600048724924241","0.06587388432897966","0.06467789931217163","0.06433222708264309","0.06421464886483279","0.06344401836740744","0.05811724471622756","0.05656630032763847","0.05492484387060003","0.04888366098079549","0.048712668394257835","0.04775141009751274","0.04714259402477763","0.044365574624952504","0.04425457738192447","0.03179217532587409","0.030208870565813783","0.02513720637119438","0.02455046906367761","0.02218447584585174","0.021327031695813705","0.02118135748113222","0.020522202207342063","0.020474679765950268","0.019888710933486015","0.019147079296472597","0.01801756623642658","0.01751239613827658","0.01588392187374702","0.01472865031844275","0.01342965716277011","0.013285922017523065","0.01324221658453531","0.011784317358370393","0.010638310494168935","0.010184084412746127","0.01007948737713883","0.009102740279052604","0.008916836256563015","0.008724012024098877","0.008409134706774802","0.008393464536384313","0.007787820995796694","0.006536123412714204","0.006239730049690781","0.003851142787667188","0.0037531776483330035","0.0037403580270139584","0.0034134883160941644","0.003251761149721139","0.003067506827559645","0.002878233925864994","0.002820810721887164","0.00269953061820934","0.00249950723676621","0.0024929520017978597","0.0024849006203502325","0.0022458072500197252","0.0020854611899401017","0.0016654352964848933","0.001588034447099353","0.0014798425253589606","0.0012051251980752574","0.0011150803564757685","4.4790723300767847E-4","3.307560027939825E-4","2.1219754708667524E-4"
"27","0.3483325053722625","0.24990491142678725","0.25236910839942645","0.08829598812350987","0.0034124543586232232","0.17272267893455662","0.035326733320446106","0.03771120254657687","0.0976970762274032","0.08529938555586726","0.001973584737649663","0.08531150492739631","0.0028155719976739064","0.999","0.012649794901158933","0.020194181215036695","0.0028941834657622988","0.999","0.07577055578041413","0.021812124860252892","0.03262561602448626","0.03586219147812124","0.09829717233164044","0.8277318071825578","0.04138497804465201","0.999","0.05394073459200217","0.049594058601921905","0.06107590509352105","0.05877811620160937","0.7615439639594161","0.5406999453296774","0.07241096678997955","0.033265988941961276","0.03575220246605473","0.06341394230392919","0.999","0.017075281142220528","0.09905591135032031","0.04566153598672608","0.019419037478567262","0.09026749901764085","0.999","0.03438944377499136","0.03489011982844071","0.042051786352298615","0.999","0.15893918351541714","0.024771653729419016","0.023189078423742102","0.045497707434676425","0.02133844891068361","0.999","0.10758709574875072","0.02025945601485228","0.09795739446441153","0.0014010271011721254","0.016027425873802934","0.01199396704133053","0.999","0.06007127736659551","0.011380780771319966","0.019199071276127314","0.014734815905374487","0.00893973337743804","0.023091149764476928","0.026609928701099624","0.17471156699485174","0.025289297220068972","0.025093377084280777","0.012869743014213298","0.1773843678170515","0.12051272457111269","0.04827139655813319","0.009289792416833358","0.011334850748385776","6.109905830054828E-4","0.0016401832144975993","0.005188131471507259","0.004032357718018189","0.004965107040060277","0.0345143297017554","0.0015579756866194454","0.012645492134631705","8.208912982423007E-4","0.005240720622055227","0.004899800251865646","0.01834829058305528","0.0017174490307870517","0.002078307957636292","0.002160677208521405","0.002275995408154873","0.0017575575659916538","0.0016211111383009171","7.174580449650224E-4","5.437445082587981E-4","8.751367101670106E-4"
"1","0.06318405537010886","0.0640607036310532","0.014359955849899977","0.013483255870149138","0.2092118466322894","0.009228214039623778","0.016909822532668754","0.019634489734917805","0.0022128500293606625","0.016906567429835834","0.23355204687994005","0.01248887386628825","0.005940967676294826","0.06838796849634787","0.05835579668237787","0.01272578761744405","9.450259998392372E-4","0.07317771521857849","0.0266595817835522","0.006524891354868842","0.0016933489965224693","0.003456557945372253","0.07113045599368484","0.05876297758426355","0.01934769743989283","0.05850324969080969","0.01097914082482473","0.013273066294171914","0.10404394779581194","0.008719657365532006","0.06485482007108516","0.10070637411027197","0.018933155771279412","0.015870499378109526","0.018502509622130923","0.010257715009267185","0.0692142180955848","0.007367163844068948","0.09590306495802042","0.011113155891056764","0.012285523174671329","0.12521497287558522","0.06743674308581811","0.020547334658974063","0.019354004914434852","0.012473197636106088","0.08328058277574077","0.06574838394819242","0.004424931725107324","0.008547970171562546","0.09625599471340719","0.03501502423878318","0.07208179718940183","0.06747563602371068","0.011798558628101714","0.05812329040629462","8.589626265104996E-4","0.003310708885015569","0.004052265609862105","0.05816078003664059","0.10335196744782767","0.05762905454345028","0.03167245117705218","0.01205523922075969","0.03520513043901088","0.008574994338604229","0.010194798461008047","0.03210825873030687","0.034620245066187556","0.015433890228617296","0.07048345178900431","0.0342389053746283","0.00196744038606575","0.013115598769041666","0.00788541390022157","0.01828637778637941","0.22744212550623416","8.49598232185129E-4","0.0018357160256806642","0.036082268182386634","8.839661761375465E-4","0.014477938029037732","0.005739289995067424","0.013856419328402333","0.1129145012196491","0.001768388878494656","0.002142586597854817","0.042275131024420466","0.0023935358664235783","0.003548928081100023","0.001713926324934889","0.0024217971862481257","8.412806665053751E-4","8.023339684171803E-4","1.98814694864265E-4","3.3235096598123996E-4","0.0013855753670690184"
"25","0.38971185608724285","0.3365676577693579","0.3087542216779513","0.14707185004725182","0.0039054280096219645","0.17678743326077265","0.0232938762168425","0.025604453728761682","0.17338184981229937","0.19199311387997936","0.025477047699241383","0.14416517486531236","0.027106915146952064","0.11247782326877089","0.014939131183691216","0.03444327558852283","0.002582436711498466","0.10848094629154525","0.602776241492562","0.021468995706131602","0.023981542214395163","0.023996439777800117","0.47887508906374937","0.628095707504613","0.036783977013372625","0.09406008247170625","0.631663210075508","0.09473426441990478","0.022721331633517573","0.08189833486226325","0.46888951007614194","0.36897994612271867","0.06954975941533963","0.022731733360413644","0.025113994603107134","0.14464452615752268","0.12007627204577773","0.035316302166444005","0.36297246600952765","0.08561560530724362","0.03418898622792474","0.23960315500687548","0.1114771898583389","0.06987747131219527","0.07753868499146484","0.04753246658431898","0.1379617161890423","0.06993702750461564","0.03152073957553953","0.02095288647901154","0.10405265139982371","0.024437083015825534","0.10744934840375411","0.12366427401418319","0.02402436921350667","0.024399129279300394","9.516022794821778E-4","0.018059676368767985","0.015242560845920301","0.09352508637414832","0.022767291173813355","0.014963533357410345","0.01578885427463313","0.034725437293716375","0.014134347060322159","0.011376440675464257","0.011617142511820533","0.09456294650167187","0.014326943711516257","0.022545549754336213","0.03450130932522062","0.0832367869471381","0.00810955785992393","0.09415460913984242","0.010242368031387112","0.005305221886916659","0.02502597911778052","0.002699410052764805","0.004856362963809069","0.004616691240126759","0.004193450324073994","0.009343807974023129","0.026590384334314994","0.005642642533678317","5.92574337142656E-4","0.0039697063869535126","0.0042567850958637665","0.01708138762816015","0.004474717708533243","0.0024322731371709204","0.0026936710696040676","0.024068252964767015","0.001094330730891259","0.0025421589381903345","8.057818159979062E-4","3.598859610927582E-4","0.0010635578903809796"
"35","0.07336654777980811","0.029525532889200134","0.027783310859605705","0.009774316863824436","0.0017467735779548791","0.01717785011629807","0.00905369214241686","0.010306418537884967","0.007538425242783271","0.017152896956047704","0.007939770696660088","0.004497582052279737","0.007056907014542295","0.009063141437914991","0.01702441998378125","0.009876703560490216","0.005644321139281728","0.008467309698787511","0.021130757887306232","0.02036461686923896","0.006300209315419704","0.0067852985556133135","0.016662193482687892","0.016076530952901607","0.012403539616197962","0.009169717726607832","0.01651117549286017","0.009429551330986701","0.012398581594585843","0.003330027230402003","0.06006756979439423","0.015043321666786418","0.032824778788131594","0.003844531083462219","0.005233287613006701","0.005664314880453621","0.009228027580754264","0.008316423741116326","0.0908321393411234","0.022550820967605963","0.0072649794371762375","0.06236065118940957","0.005570852940042278","0.005044968801669918","0.004633532955033754","0.029767822428338166","0.13728799073857606","0.21900875055898092","0.008078042498630957","0.013455565656381837","0.0890050929183573","0.006973800748475253","0.004927582567170174","0.08944850766750288","0.023378139096736757","0.14129713202781735","0.0010516282630631494","0.009801154249332112","0.014475997565218697","0.005835656854177113","0.009071642121520281","0.01234800049731914","0.023423952039593462","0.08771937045807049","0.0035180728390812074","0.010094772666760165","0.008460286198292847","0.1931400051902567","0.028196226267112188","0.008112575222862592","0.0325603149067783","0.20788656536667743","0.18926130146637152","0.005777668790505649","0.003540995537485504","0.007421133816018573","0.0016207125360515587","0.0011253654858571563","0.0018492084726631104","9.202855953215801E-4","0.0019884715921716562","0.048021734260892186","0.0013307847693542602","0.01130641439651144","6.525927321847292E-4","0.003212085642090384","0.0020418693386489886","0.01787552458592406","0.0010301259960764156","8.302196251205628E-4","7.849970484926233E-4","0.001846969482828351","5.237006131848548E-4","1.9480823484581633E-4","2.4993713513229797E-4","4.449442163861054E-4","4.6670271583460475E-4"
"24","0.7170505037621748","0.4404103011023304","0.4822668387949101","0.10586262922567148","0.002316081463987828","0.33296469835849335","0.020249817138757203","0.023590595609653636","0.13107982890714734","0.1504788480933799","0.0033724107110975313","0.10405206121112107","0.005291548567033988","0.032672829008330406","0.011570907637226232","0.012296989287875102","0.0028530380734606156","0.023746150756187894","0.07203832495285939","0.03198282727275413","0.02374575130357436","0.03014776287530366","0.06892022281441697","0.06455834945367021","0.04565104786784904","0.021797022657312166","0.05599180620929407","0.009363533372671762","0.00962190245534563","0.07201234885207572","0.10098639040737607","0.049984136687644114","0.09133926238747396","0.01979923333013071","0.02323891820955339","0.0807948047459606","0.03591814056323105","0.016101065257985776","0.11460492423439474","0.05698383953180481","0.012249021687553626","0.07999722546685686","0.03244194624021281","0.042284637573706804","0.03947185268926721","0.07478462905314698","0.15489658304720214","0.23634822795987173","0.03348283583693681","0.03437063311429602","0.14450126499015775","0.03198898640247694","0.023530132591161997","0.09732952271272928","0.03761451369582566","0.13664587558307514","6.707550248102498E-4","0.02252402905161645","0.019118104102013814","0.021801980608357144","0.009658347494369146","0.011569210282931536","0.0073293050684428785","0.01910010616054772","0.028031157780995887","0.016308622673903983","0.017011945587364897","0.19414243869261294","0.03873443020310037","0.01508960489304214","0.04771432137934946","0.2082105921828883","0.1690071190057917","0.009482305727704822","0.017536334957937823","0.040716749818026025","0.0031833112046835356","0.0028958420080333236","0.00605644238874707","0.0037427203665956034","0.004829566543939744","0.06291617187333352","0.005147837331195719","0.030432193079153125","6.860689730222564E-4","0.005567995700013224","0.0052192491265025025","0.08348501610780569","0.002415394819442126","0.00127698810411463","0.0024169477213989376","0.0022971185865145417","0.0018363720952145341","0.0010130679889720467","6.628796990669322E-4","6.470163616782428E-4","7.505665089483048E-4"
"32","0.028793020870798346","0.016719836281427338","0.002571634341488182","0.003677345388557163","0.0022915276316112644","0.0023661700645923565","0.001962980344589288","0.005021139865018397","0.0027357222698591328","0.0027973744305148144","0.00870350075996255","0.0034220669758462095","0.004137260430759807","0.011217950631253918","0.02326835993616766","0.003162247209290839","0.0014928686168294409","0.011424918048866433","0.003969970569431367","0.006852532850889919","6.95663632703633E-5","0.002828239290162422","0.01493358376678195","0.011127659446612786","0.03384041524185912","0.009811190841193364","0.009610453543318147","0.014069708318124366","0.020990632410089485","0.0026984733485214745","0.010393453202840791","0.019490250141620893","0.00274724353076529","0.001086365961541606","0.003952826778022919","0.018602993235353613","0.011509875084533617","0.0020304089452963434","0.013413948913476598","8.387804519943151E-4","0.0027037741325517473","0.023231233148221404","0.010946152102035252","0.0033889370612237824","0.003421210185952998","0.0037278658603581444","0.01254311491814134","0.010415323674633981","0.0016277467667471044","0.03339353222997279","0.012291945262081265","0.012089061957987724","0.011321213144679277","0.031002674655758553","0.028764443173590597","0.02853957175635565","0.004119832403441769","0.001939265790021624","0.0054104747714956904","0.009728687890787966","0.02086562974333406","0.022210707141369135","0.010444707366595503","0.004462653914683999","7.390681307235179E-4","0.003494056317967373","0.0018440187744735324","0.011122041115012136","0.04598664659663873","0.02155661816589318","0.003843374685757229","0.012066559146800918","6.57855044287403E-4","0.013956308367266116","0.05127599602991051","0.197505253440209","0.007717395353118419","9.121016967062828E-4","4.052160437590082E-4","7.50355423549996E-4","3.837504550849221E-4","0.08121635621219656","0.0033715463349356656","0.08506420761676771","6.429611953092184E-4","0.0012795078320730774","0.0014441931884663836","0.8142190572254875","4.93977754511057E-4","3.9036448173618315E-4","4.1116576590452476E-4","0.0013767474743646053","1.7548256361944205E-4","4.3608193218718064E-4","4.3316931493859046E-5","7.013840757368689E-5","2.838895016020384E-4"
"10","0.033505827155944676","0.014427100400759953","0.005859783522584152","0.009874952510726925","9.583493998778261E-4","9.34335339567038E-4","0.007939233749331162","0.00766758106467852","0.007292191195524646","0.008238403865634607","0.007947833211547416","0.003688218547452427","0.0071401350353098","0.006372178780878576","0.008531778951053533","0.009349672319136674","0.006045299712054776","0.005403726759729413","0.0104472157658696","0.005176525925090644","0.0039359994314880735","0.003282772855232462","0.010476260445781158","0.0102557798495423","0.0034787309104967116","0.00658527687734122","0.010357544838858795","0.011084242575297824","0.008369909310272323","0.0030641747426817492","0.016174384968870727","0.008990064761219767","0.00366373016435795","0.0018981475192935678","0.0017980351844790066","0.0034267577370153787","0.0047305000381935945","0.008109613627067035","0.007987064208760265","0.006815281520645668","0.006284142658070786","0.013432480922085623","0.002232490729048606","0.0036727412449878713","0.0022670030246211485","0.008880056926041586","0.03447696976312531","0.03998103689696479","0.002332079222051419","5.11284887019963E-4","0.07707151128392134","0.0025879479102448337","0.001208271494167287","0.027566368687165152","3.016482858709127E-4","0.0120757395228787","7.285704602296644E-4","6.331405160758347E-5","7.540798242221337E-5","0.002623742622417482","0.004447343981140348","0.0031604880393174143","0.001490895732711512","0.001923951902059745","0.0041555883853181316","6.636127730876782E-4","7.5030631241533E-4","0.026277049914799542","0.007049411332133901","7.821491235358863E-4","0.030153006576302443","0.028262881215603698","0.00244319678098368","0.006704044663052853","3.99602489304989E-4","0.0019985444260632265","5.369703374664688E-4","6.270050132678399E-4","1.9751688187627967E-4","1.264048246319774E-4","1.9726096847875006E-5","0.0049677741255058075","3.777463025199911E-4","0.002273696773409368","1.327118508503369E-5","2.7047453728755794E-5","1.401475069104781E-4","0.012634821255626642","8.96495504179594E-4","6.527359443929025E-5","5.464110303508148E-4","2.5615914819316167E-5","5.967861968805668E-5","2.37445887928231E-4","2.1935598139831853E-5","1.2953148632340156E-5","3.4106307807663073E-4"
"11","0.025188725147849134","0.008733888189927477","0.0010885944312254694","0.006205049512234734","0.0031280541093777333","5.394120364590936E-4","0.0015896015463506938","0.003593881577583025","0.006438027285897079","0.008711850612248322","0.0016495895102607164","0.006055143650323362","0.002483523393753412","0.00306815430695965","0.07244514288561173","0.00447774756750793","3.812873606845402E-4","0.0034692497762070476","0.006584397300349154","7.830074403586033E-4","1.386698493153051E-4","0.002429681651382061","0.048199794891613114","0.003656197933830322","0.005415855742067658","0.0026792186010769956","0.0035032352128894786","0.01635289611845185","0.07342502897245089","0.003842776702108658","0.012510087875481746","0.05319603004069082","0.011037776288858712","0.0015161121915360292","0.003480352003039565","0.008841051991732483","0.003074269877903158","0.004214257995909901","0.023387045259156167","0.00334390583054031","0.004434372501860015","0.07536302873524886","0.003024830361709414","0.008765388789389067","0.008541708257260885","0.001137004309443189","0.007808210862348473","0.03166943266718526","0.0018723506683041259","5.925561684778514E-4","0.006807111488657108","0.0010009259239865365","0.003418594994312741","0.04830120563968437","0.0015344019323398543","0.07059228952670708","1.2484352832005396E-4","1.316917558807464E-4","0.0011079760569960792","0.002655367781495827","0.07293611471428459","0.07154682421187662","0.017754880623344203","0.006433964079325113","0.0026313927643015276","0.0045937356541142435","0.004406432984048326","0.011067060506370956","0.010995707625880428","0.001070703753507485","0.004253372517176106","0.022346876194578424","6.951055379616184E-4","0.01620222696461821","2.467935460303152E-4","0.004095425919413864","0.0016010621018438462","3.6363644213529287E-4","8.084046151730971E-5","0.0018115346311183191","6.783619878251597E-4","0.0019901819537420135","0.002412775326333926","0.0018278753137316566","0.005671035335218426","2.60312868112647E-4","1.941013690869812E-4","0.005595089256344253","0.0024734502319781687","1.2674752748723417E-4","0.0019032932995012369","0.001592130630366301","8.258118066196089E-4","8.443792208061656E-5","1.2656261581844738E-4","1.5003247283382902E-5","0.0011297294495876836"
"17","0.36472755655899575","0.23313604878252234","0.21330746402436987","0.2811806282790602","0.009274404795131084","0.14244465554562763","0.042794814211641136","0.042552787902180436","0.31814987826893276","0.999","0.004928811912716812","0.2717386689883141","0.005160215195069639","0.08447896437708732","0.08753549094031275","0.999","0.005382482363249405","0.07216588494598483","0.0665625337994059","0.0189847252324357","0.0288335191241943","0.03160454372697826","0.5594422958878082","0.09360856066835829","0.05732930723495379","0.059317399279177806","0.049719207591237984","0.023370678381435583","0.8771956293710982","0.07487344565203179","0.09132201945304057","0.5673063094315883","0.06318988937270795","0.03826380762125176","0.03813086665742926","0.15582132189848433","0.07830949701966114","0.999","0.06284146539081091","0.045078921734605544","0.999","0.6334973625743433","0.08126452834417228","0.052011102581329446","0.05169182825900832","0.041065219929250725","0.0873401828636492","0.08646214422436027","0.027704150486540943","0.01931565496744524","0.08246562835749274","0.023324283230693063","0.06890603929957906","0.11882234754925705","0.020956649064487038","0.08733024869498009","8.993534828104522E-4","0.013754415092476456","0.011472104520745334","0.05668535109389591","0.8668204395129636","0.08330068917369456","0.026777878181133467","0.01566497678149536","0.02940886236802206","0.013601112506482356","0.015023701787052465","0.04783584147605136","0.02895178993208476","0.02201408536954728","0.02929817702857454","0.04725232186604365","0.012761911264097316","0.02096369262034975","0.008280841865799965","0.008251360776893873","9.919256821562033E-4","0.0023221443329943365","0.005824295616972611","0.008438774430270716","0.0066254190616251585","0.009622175519199954","0.001389769766873758","0.0070782870597267","0.01588869814095575","0.006194451867865008","0.007035079133073817","0.016164841865154364","0.004978904332758327","0.003645531711329965","0.00347911478600681","0.006653026652708284","0.0020909295548896083","0.0012017807375819774","5.30524148907124E-4","5.822333538913484E-4","0.0019583334057363196"
"8","0.051016541449749125","0.01939391565392007","0.008296279016796457","0.022215569137495447","0.01134173123403504","0.007899928261168369","0.012001474677004345","0.0218397781907894","0.013968731331876821","0.01922631196358581","0.020860243783668617","0.02130011517417344","0.019775396316066233","0.07621296891169017","0.08363967135398344","0.02100712222598958","4.971091599130364E-4","0.08084935676805675","0.02021915844966911","0.0029774577219253435","4.09674999933923E-4","0.010845856837839804","0.6445497479466419","0.06283565126341986","0.0060765435089165775","0.06590733449105741","0.01660921938752508","0.016325877349548348","0.999","0.004664663401637676","0.06149910124294511","0.7448661452215317","0.01882051230630702","0.01129083118948819","0.020944580130635757","0.01092060568969838","0.07734330153472505","0.016084066200660427","0.03227680911380337","0.008307968789274903","0.02065615816236699","0.8033413807474901","0.0752910637473794","0.010118328703448098","0.015770449586077515","0.006957487758616935","0.06933547925302527","0.05017957571480864","0.003623325422260717","0.004789311638407062","0.021095519994347528","0.0046488275285446416","0.079806687989512","0.09221640121463662","0.005775527545295023","0.07135665740176912","4.2387196931519195E-4","0.0034686498698902183","0.004062729720838842","0.06550868618409818","0.999","0.08233975616356708","0.02311255082091712","0.010511042805884475","0.0036646655568320892","0.006868817726866773","0.008928290338782525","0.025927628981352115","0.013266751692890408","0.016500909194033613","0.009361584534858124","0.023342434073454498","7.740455396662497E-4","0.016175340700671684","0.0024495789151563747","0.004741133110722136","0.020344753181349207","4.69043200244319E-4","0.0017068949466758276","0.004893539309860105","8.054167372633261E-4","0.002425003951815799","0.019358893749722123","0.0035223068269092843","0.01202438398821946","0.0047672212811588205","0.004316699040665719","0.007695263530289173","0.002647982942075149","0.002758320819997639","0.0019527244318431492","0.0011908401505138987","8.563536433444111E-4","2.4512129263016793E-4","1.7221688070516723E-4","3.538047253767182E-4","0.0011880954124896888"
"2","0.027505349502593722","0.01331926735245196","0.0046313404308719565","0.0036579134266232403","7.961655219547596E-4","9.811195086154576E-4","4.481515099481329E-4","0.0018865841237400013","0.005734462307928871","0.004727329468213025","0.0019557606211453517","0.0035690760256888317","0.0015501262832373123","0.0025982883620736634","4.1225574237318874E-4","0.0033211283974458067","3.862472384332065E-4","0.002271049408050122","0.005155408802927181","0.0018633332748409608","9.991132267505535E-4","0.002427496858694128","0.004345224592792477","0.002783791089436391","0.0015313024762685851","0.003268748024347319","0.0021208233130393717","0.0030932579738758336","0.006548697812334519","0.0010200604385830164","0.010746896713148796","0.007786021098888219","0.012006074543859484","5.062866170992222E-4","0.0019147805253624359","0.0036093198601211208","0.004039236904976291","0.0043161349854991","0.0033214371981735613","0.007894045661040997","0.003283840106010297","0.010406555239496027","0.0025541771454176995","0.002842891781836453","0.0026921067798792385","0.007600631038611861","0.03343859594980155","0.036664921248079164","0.0022921901134964977","0.002186279367917434","0.06483455499376052","0.006931512333814147","0.0022924290839061124","0.026728412371960174","8.305102130867813E-4","0.008946020335889133","0.002584187735831047","7.917120456453472E-4","7.837807936685874E-4","0.0032353120973999863","0.0065477666816191726","3.940401222594322E-4","0.08680546510242534","0.053932316005530404","0.002524903315732217","0.060645737313007875","0.06200632852617357","0.030318279768873902","0.01244880877933857","7.423435521552677E-4","0.02611070680382858","0.03088039704864661","0.003907131163591481","0.0031185514906269603","3.374931761990862E-4","0.0032590738926744356","0.0019858670915259345","3.65296121616682E-4","0.001462592340266167","7.013709288359757E-5","1.451103433498037E-4","0.005099702377132333","0.0015536209299609667","0.0026982811575386183","1.6681108250206865E-5","6.281972094460426E-4","2.983637970630521E-4","0.013383353407767005","5.666747141648529E-4","1.1353944590048111E-4","8.223828361734606E-4","8.54814501958438E-5","5.635864817947493E-4","1.1431264429443582E-4","2.5825484927611257E-4","8.583266562004872E-5","3.9718257123765407E-4"
"26","0.39947314003019696","0.2775578164076733","0.34229419866075306","0.08663711414873145","0.03691087524608875","0.24789753485840388","0.024501138178042954","0.027606067517164736","0.09952367568282196","0.09444436641329726","0.003143228432049508","0.08483943666696739","0.0018933865765403083","0.9923664962815255","0.020208730653472933","0.016947265521218297","0.0028980045291762285","0.999","0.0755612816360685","0.025004794649585427","0.023315738830333846","0.026721718751406682","0.09803723585993816","0.7056984391506068","0.10300616799035314","0.886100657356161","0.05442184561342776","0.01370586495547471","0.06745846516154645","0.05964469504224299","0.6407115622896499","0.4791501459206479","0.08344945490296139","0.02373013686773232","0.02688924370511022","0.07586296574517122","0.999","0.015931935049858195","0.0495995498715726","0.05125892446325864","0.016743959972449894","0.07536780135165534","0.9837979462367725","0.03897221332068701","0.03927087057432604","0.059982415168479304","0.9355654347757111","0.07765203346760909","0.029625550703416798","0.03447205533329025","0.11373018896575017","0.053834533732688254","0.9965129242199262","0.06494566722807768","0.03450043935248408","0.03913386372982703","0.002164150585837734","0.019379817863257754","0.015167052590471016","0.879832604231445","0.06709523879575993","0.019871716487174416","0.01396770756608215","0.012624902479249932","0.210693276038426","0.017642723564644143","0.017307903275930972","0.05073983666055966","0.023352247715947416","0.01928048746035838","0.04006076083781295","0.054371009385208585","0.027805129845938987","0.013394301020639477","0.01439652773257033","0.028638539608021037","0.0028932089485765367","0.0025208539474730436","0.006585887909540013","0.006580227618345847","0.006928659294218296","0.022819031231917072","0.0017712266300178984","0.01795611974553666","0.0074565064596727815","0.0063440849217603675","0.004283474694184513","0.04365355903826808","0.0031413672918709696","0.0017849865864443945","0.0024451611920313383","0.001881914939514387","0.0027213493704369165","0.001804685254219813","8.852607208068897E-4","4.8396232593821766E-4","0.0010270807071503423"
"13","0.05920296149088415","0.03335026638362593","0.012320573526144758","0.016288124345378293","0.002908016305008365","0.006591642220153967","0.0132709634765625","0.01446802926417951","0.008895159948581642","0.01215337893903199","0.013745531046222148","0.007191511718596937","0.010747372715601559","0.03857104917267499","0.04065660141554736","0.012458767552966498","0.009771445862382572","0.03907452170552304","0.021976680842303135","0.013472648580484475","0.004289264043750743","0.004264630573472593","0.06590942213969504","0.04855398780405797","0.035797098675666966","0.035190259218597884","0.030430071998512897","0.013243637017011773","0.07959895525863335","0.008156701899337987","0.044764976647557554","0.07350524480779551","0.006483930994995346","0.003787974008548611","0.005084909697065867","0.023091886551256845","0.036488113528205565","0.00813695365581244","0.029804385938674783","0.00891347190150209","0.007667132070872932","0.07520164233266781","0.032242806143961536","0.0077290892896798484","0.006439616916520242","0.011408871253002011","0.055589318980030444","0.043726783453622776","0.003686301679860346","0.03164074323535122","0.065216448618945","0.014908689967713145","0.032779180119911856","0.04747836352400877","0.029089105870914","0.045840611328395904","0.0030822587002910153","0.0019260761834398086","0.005508029167796487","0.029364838763415377","0.07356237536458432","0.03189416532285297","0.0163494772426656","0.011525485081576697","0.0051103070824773745","0.005676692575092221","0.003934647216468211","0.024056592973792673","0.050894715540306994","0.023207920925017705","0.025092438964487863","0.028131846417089438","0.008215321442401013","0.007027950109209812","0.050032040779022825","0.18419255291984063","0.002448882482875736","0.0015210223029802474","6.953822156157821E-4","0.014162792812382606","8.61924789863488E-4","0.07959548537713323","4.8197848993793504E-4","0.08070319222300462","0.044059505911990246","0.0017010284904455178","0.0018091538936728106","0.7682159851005452","0.0015897295791397399","6.061520498380299E-4","0.001069566994927297","0.00204494560590462","3.487370748937253E-4","8.008913553604245E-4","8.972915048215478E-5","1.0051738217445368E-4","5.925903620756322E-4"
"19","0.7397282327102583","0.5446679837086777","0.5122596693681214","0.18084200939483816","0.0025957702623929696","0.34359728435253234","0.10142499037063951","0.12223412428828953","0.20149917935766243","0.19537555929372538","6.828076949616943E-4","0.17685011677942344","0.3912281600179619","0.07771190166418149","0.027245573589719584","0.05659777879894913","0.0025379619866027193","0.04568179131644849","0.29332959633487","0.03157665976410356","0.09643994766920011","0.12206263577910416","0.08781765642975092","0.0826363163973765","0.10737393272430235","0.02421171804926705","0.30458460421269856","0.009990830824829981","0.025925239987182196","0.10760281120402478","0.09466118049941796","0.12861358964616054","0.1137691457055118","0.09886262979460594","0.11949964639074882","0.08778191014348986","0.0748819856299678","0.053627011462090986","0.060800832254795364","0.07035878378492688","0.05603806396708643","0.062120718071337455","0.07665420589990292","0.06163191196260509","0.06399677390250928","0.06816182929017146","0.09363147551021131","0.1033335117404058","0.037672954883929875","0.0333866753781754","0.14516964269288413","0.030674938524089427","0.04477717412999176","0.05236347983027401","0.031320951798769994","0.03913518918998209","2.7290070500033694E-4","0.03037735761035015","0.02293625944264029","0.02416355617670762","0.02582964261907796","0.027151728625775584","0.008298639715602577","0.009363356599926183","0.039613424779159204","0.02129633567992402","0.02075300735172079","0.0447464146153006","0.01156284797022349","0.010841898988607601","0.04362031347523282","0.044962009398521505","0.005753130248456712","0.010050591739677647","0.011752291593798732","0.0052403222240183","6.374336677459951E-4","0.0025892614072515977","0.007602728452976391","0.0056044019508318865","0.005082931130303044","0.007770442664721914","0.3827493285983965","0.0048590173273686844","0.0017556732359120919","0.018795671858236676","0.005521480959547245","0.02058797417091316","0.003831032192319591","0.005595394868820736","0.0028286955475517557","0.004328793551886492","0.002233332055387057","9.210922756310684E-4","8.893101246907682E-4","6.684895703832743E-4","0.001278782866461819"
"36","0.06454602121793099","0.033098424374533725","0.06745204180705366","0.017603154249527127","0.011063879937191129","0.05416966746859604","0.001049524746796665","0.023359618375521755","0.023014127511261098","0.024906998229762906","0.003799817627337828","0.017207625426352197","0.00284605224980768","0.011093724261411425","0.004102307204298451","0.013046221695720103","0.0020531982577896616","0.011451929126347127","0.046068771524043046","0.018545057534607508","0.004175690278618347","0.02848829574331503","0.02942074009612362","0.03815312354005192","0.09237646328271153","0.01316985486841813","0.03920972092821208","0.005951934593693986","0.014015555965522513","0.00426757065388312","0.060183433451576944","0.02769086603701338","0.047408633938097425","9.536316653812838E-4","0.02285621622324165","0.0230607342144512","0.015415270591418836","0.014601348386621613","0.06518386537914053","0.03275253888441922","0.01294534952304795","0.051113380876533915","0.010973945242108658","0.008604976528419085","0.02047258250634993","0.03936890649549937","0.10491037302059861","0.15264428738824132","0.012320210912268256","0.026230017445744852","0.1104035030899396","0.04770145441864357","0.011260487029927775","0.07794899247350263","0.021821304732417807","0.09092426052367993","2.6017937309145197E-4","0.01296140701165811","0.0107508637212957","0.01299026409166495","0.013915614347880351","0.0040628031729932415","0.005090376412833809","0.01202468614410019","0.2630418752462874","0.009297294736351495","0.01097816891226556","0.13735499004260554","0.023880376376196465","0.008514519286698195","0.03840585698038844","0.14446912163054682","0.12244452241781222","0.005810473004033719","0.005902380577119967","0.01309848035241286","0.003570743714411176","0.0019172484200942032","0.005104374413125934","0.0026880278174132213","0.0022876298859057344","0.0382322222817505","0.0028130752245257916","0.013855556888065357","0.002118469673777059","0.001205636858500681","0.0027890600171394673","0.019937558049324868","0.0017412339130391309","5.215655836142246E-4","6.073007573251402E-4","0.0027984940709674913","0.0017739152361672097","4.482135680749007E-4","4.4245579894583355E-4","5.58472475446309E-4","4.122486409732445E-4"
"22","0.31184644668622913","0.20519183603224736","0.2531147104082203","0.05826032573530707","5.609260453215672E-4","0.17795934862547233","0.0037739180445502704","0.005632405594406246","0.06974428453023368","0.08905844602014529","0.0069910162268254465","0.05725579228272283","0.0049104335363728225","0.01818620878894192","0.0035764321357879773","0.00490163800181187","9.308334042960478E-4","0.01746760889682958","0.04036751795827504","0.016865088792696686","0.0027908921273529274","0.006942555748269536","0.04239443956070639","0.03717975489672483","0.008767409243395785","0.014863472537378363","0.030644631784064298","0.002372253039097409","0.010027766010480626","0.03841761226266502","0.05297640719458188","0.034098701546541356","0.04877525976419662","0.003726624106905258","0.005633697202167008","0.05097306666380843","0.018275031074833574","0.005846094349363737","0.06908239813728999","0.02772946197871033","0.004914467382971801","0.04613467339830372","0.018077172349940336","0.024968515966582307","0.02513822620794281","0.031883868539753536","0.06329461108533316","0.1049900132575515","0.018211271302168347","0.015818364625840263","0.012845495815391008","0.013492296853124896","0.01729192064345685","0.03442606534859285","0.015505823341615344","0.07181474611801562","0.008492911693141411","0.012356599629081944","0.009225725026981333","0.01486073142550429","0.010011126640748507","0.0036752937405820857","0.002210162053988219","0.002809952716204776","0.0030597469105965286","0.0076090861237506895","0.009446235481042892","0.09762243410348705","0.013758005224193407","0.006987311555276706","0.0010568885181237463","0.10392825219102667","0.10962308043133827","0.002467136348198339","0.004408125384999595","7.962954979179667E-4","0.006836711752154229","0.001009886368318043","0.003249615693290106","0.0021941800888905494","0.003730479340410914","0.025212872648854044","0.004854568869671399","0.006160105269882418","0.0011996025199209582","0.0017700950056841567","0.0027279180554161068","0.001305255260000785","7.566250243385418E-4","7.326310156704806E-4","9.500139677655855E-4","0.0034397152823889333","9.516351738943227E-4","4.7394322235268146E-4","3.3602277432935417E-4","3.799639813061742E-4","1.953978772048074E-4"
"28","0.4531372529584492","0.4327899977526602","0.4529841606651832","0.11178345072875648","0.022520003317759205","0.26362154975807145","0.010339803539499598","0.014040915685712271","0.13710251144794405","0.21144103570915984","0.018400306285496156","0.10978414853415121","0.005022500479533896","0.01877163640149864","0.006538945095805972","0.011684650036974475","0.003268104624543172","0.01699158227406778","0.8551797180761009","0.026920729535248857","0.0170115077980114","0.017939921571710555","0.7129142091397482","0.806966214884369","0.028424170425936417","0.013512939384150218","0.9543072982562141","0.0058077219663393","0.016249718009409424","0.07715028064619457","0.4992129218759669","0.40394884993856595","0.09344698581412075","0.010183183207345407","0.013982462540718946","0.14556808653246817","0.02213476750150457","0.014041726164258141","0.5387230745522732","0.12210343234067997","0.011660433412028763","0.3182982282876332","0.018647836816844822","0.060438790421719436","0.07468705661950081","0.04931357060721595","0.03358600292375515","0.029624866960667698","0.03462275948356093","0.0284325918199766","0.030820900028207126","0.027820352747279897","0.01688187360857294","0.016730523032050255","0.024967441704166485","0.024052249166596176","0.0014005959882204887","0.024059337188335292","0.018075054378808166","0.013657550088225553","0.01644160281351676","0.0067885282698483","0.006373585879734924","0.002068521889203137","0.009388530374442934","0.012701209776938716","0.012376264739114514","0.010174309113895035","0.0075348356197119","0.010301607811669798","0.006065772053618381","0.008359304985108972","0.011080771974399523","0.0061830937571034725","0.007997992303653677","0.0011720051160871014","0.018329743491277188","0.0036288322457370455","0.0048367544346814475","0.0034312864441369754","0.004135993095851865","0.006731154274064266","0.0051513177581159935","0.003824817848641089","4.5045510146605067E-4","0.003541322097464281","0.004340350055498677","0.0048358085927255766","0.005398046076986432","0.0012495546397751965","0.0029860073436238587","0.016596138142514035","0.0013878829153809759","0.0029885726119723423","9.455551873489965E-4","3.1795094260449305E-4","3.8348616765597357E-4"
"5","0.009247850407024005","0.010824744656275158","6.862316286011125E-4","0.003117344518000808","0.007084249480885846","2.2401130756779874E-4","0.0030387740462956563","0.0034819252034663318","0.0013385146743254358","0.00119548592434226","0.0016145344202419174","0.0018497839869113701","0.0014352279153718337","0.004897046657977404","0.009164392634326921","0.0012177935755350118","0.0011746606419840342","0.004866353400603167","0.002595847783356158","0.0021490843529585156","3.1528392829928035E-4","4.153217360769825E-4","0.0065434767272477745","0.007743831358279997","6.814019481259264E-4","0.004346642403601141","0.002458294059583383","0.0022663880192629244","0.004955842346919349","0.009253125406905352","0.007643693218272958","0.0056617578830699435","0.001253017424848902","0.0017991540357297634","0.0022645782550329984","0.0019778344931559192","0.004311271241415531","7.127791351386182E-4","0.007871634235982599","0.0011932781469716793","6.023455491943001E-4","0.005771051551840099","0.004047020583235456","0.004460584948646037","0.0025641398140238223","5.054683860708144E-4","0.005486782824933133","0.007553661284643119","2.5238366225920956E-4","3.462836396350154E-4","0.007666123151819396","0.0034575449999094507","0.003994009137903459","0.006622914574069719","0.004404877808851078","0.00684787893295369","0.004272105660530622","3.044785010976616E-4","2.8607273700380977E-4","0.003540424975548244","0.004151015492303646","0.008004430407280662","0.0056630896573299115","0.006620997652222671","2.9518323211689306E-4","0.00315468504694768","0.0032439907097275905","0.006425125050716885","0.0033236470290747243","0.014532764546823772","0.0043304432333328285","0.006916607310903521","9.000468052064149E-4","0.0013905594470665962","6.461756256014094E-4","0.0011292705965706955","1.5570096271848985E-4","8.849215552090489E-5","1.123660376227194E-4","0.08013596704294476","3.8819888199851223E-4","0.004855645449131941","8.749560606927539E-5","0.006393833357361335","0.2589095493992139","0.0011536873795712664","3.130377804388093E-4","0.001335019224491586","1.7693752889976085E-4","3.4156636490315057E-4","1.3601217122011661E-4","0.0010838812609524693","7.274912153395902E-5","4.5576758336639506E-4","2.6086086926372178E-5","3.072448190739787E-5","7.453896553037963E-5"
"29","0.07827176704982948","0.027180613526585292","0.0231944262717418","0.011927376403156104","0.004179355010037389","0.015925766222793427","0.01026644331848777","0.010342797825243284","0.012362168179528921","0.01988969916891833","0.003976056585360722","0.009089146192491047","0.00403191298925507","0.10376320260989319","0.020933551167076788","0.010382355364827692","0.0033867296562370836","0.10646763320296748","0.03464092167781822","0.010233404057356886","0.006058006233901977","0.007030388572056845","0.022715830666481963","0.08036219510891478","0.007724835834316903","0.09388765999642895","0.007663657979297132","0.18843501556181275","0.02670078148702437","0.009991231487663486","0.10136434755566243","0.0717437226745927","0.027397664919339093","0.007550421216517766","0.0077146565404972774","0.018590686306811738","0.11078486678755241","0.010057195988616853","0.08668923904034555","0.016851816789506965","0.009013767042720711","0.06466560555521804","0.1010868427092492","0.022769974892591284","0.025446405872999654","0.022908985924282765","0.16305294099399079","0.6311519566510312","0.0054496051747777215","0.008501386841903054","0.060533376785748085","0.012495698282420404","0.1037220124528239","0.2735297100473307","0.004622605285740321","0.13825647761508567","8.193261415386795E-4","0.004980115982255313","0.0026685357170686506","0.09159161132509314","0.024919939075815908","0.01837742927089558","0.060379290253482196","0.0371817873787043","0.009023614155914817","0.049550530259080926","0.0571895660515237","0.928019282871043","0.03527810810529513","0.03650646910471359","0.021440651159393895","0.8833629940809684","0.12783582178774153","0.18507557758619897","0.0068895051670518565","0.00462450838433066","9.050952193710376E-4","0.0010701558678412033","0.005338266066609634","0.025199770640556233","0.0011847001998371342","0.037255860156321215","0.0012060807666684483","0.009939902144650244","0.06840013020642542","0.0013253947035805867","0.004433770752136425","0.009117861510710656","6.512228407027898E-4","0.0016629704248321468","0.001051384601055612","6.84640300320059E-4","9.941297262671595E-4","9.692539367981701E-4","5.52215306407569E-4","6.663288055926434E-4","9.164593514373269E-4"
"21","0.02608804082865274","0.0197408248404317","0.023633522671200332","0.0011434445898109824","8.499051201477796E-4","0.012970457383785534","4.952428289890056E-4","0.0012142634148374952","0.002232133188311221","0.014252828158128386","7.815778422041974E-4","0.0011333089241078891","0.0010406465044593071","0.003227248839491557","0.0029658705998991527","9.581818799713081E-4","0.003817085889153153","0.003119451865838711","0.030744175184165782","0.012970479924025545","0.0010123487405782096","0.002994139164351587","0.01703016810387737","0.020457968092732395","0.0018667863407165616","0.007105210693905867","0.021200548899095038","8.612401545394446E-4","0.0013983637345574295","0.005918083678786863","0.04294300768678333","0.012583337473049072","0.039722615625720374","4.784380699963443E-4","0.001201442214977086","0.01060072059510811","0.00412167432762627","0.0013596734363048525","0.016288788096481287","0.02905612953768429","9.592398650327994E-4","0.011163976786835781","0.003118804888492288","0.006491038187350247","0.007773244703998113","0.005091360239950658","0.06843347058302378","0.008449397596278246","0.008604007676089336","0.013887868934822028","0.0076783445063539945","0.0028980072823219126","0.0030050891432972853","0.0021644452167509784","0.005081040157125275","0.004125632360797269","3.3180338984335615E-4","0.011838983203912258","0.009013869589893857","0.006984903595045959","0.0013877393315642984","0.00294152208358952","9.339182506755918E-5","1.9000083068388418E-4","0.0014804129932815958","0.0015865666961132588","0.0031748972732346765","0.005482145850594705","2.8879632004199553E-4","0.0049160145016097735","3.352385199531643E-5","0.0043723803358434515","0.004977605543039789","7.747457712292322E-4","0.0015316196569031683","2.827269477330691E-4","7.600808338520558E-4","0.0036687673674032743","0.0015459817856269347","8.158188567476063E-4","0.00614990063186093","5.019024516736757E-4","0.0010352591787491869","2.2982228735524786E-4","1.763497367801193E-4","7.895733647804486E-4","0.001358067666490539","0.0019574850989647996","6.124147821743644E-4","2.849951542516992E-4","2.955233183775396E-7","6.594910961589177E-4","1.7835030478697588E-4","2.293028788469107E-4","1.243732762395124E-4","1.346756393210734E-4","6.1658005064711285E-6"
"20","0.4332544570819742","0.3112409116764773","0.40883963354067415","0.07642436131036663","0.006075064821849892","0.26951060249620096","0.010528764228363208","0.2830178377759767","0.08532094837705075","0.15897543518144916","0.004390928539651765","0.07180590309817254","0.006015892371774492","0.024781659255582577","0.007286827332481981","0.013750227145287943","0.0042821056146364785","0.029402998129995667","0.05880546786261703","0.030859254472642192","0.001612970398161832","0.32307926126499237","0.050394983516661024","0.041605201441670014","0.03287269460339394","0.02025869056864217","0.040070830245936974","0.009604360230304702","0.005567590288947669","0.05478373049312934","0.036713505780066345","0.036100344817771","0.05752634683970717","0.006859941679927504","0.27437730953483375","0.11278392120508063","0.018332103166988124","0.011199740898464245","0.033589804967304376","0.033959604221727856","0.012077075465371295","0.02239179818035037","0.02238697778375518","0.05367323917537742","0.16599958625232947","0.04062661516665421","0.03170644523562588","0.017101911058511308","0.026077521470439048","0.018067540061190157","0.018240919423651535","0.022856105431187625","0.02674922671274533","0.02826723851933845","0.023774164531533644","0.016206320621819186","0.007801021056878381","0.012836489178415601","0.009733781114371096","0.01808022214244498","0.0034799103245721306","0.004605698508175904","0.021933735997492473","0.04113466500694217","0.052159267703181654","0.009852701692756519","0.009557098529608746","0.007134579274148053","0.0319342070046542","0.009201475936667767","0.007655520197909586","0.002962478732266281","0.02059358277837975","0.007097807494259444","0.007032777018199978","0.006181667254402687","4.8547223638981764E-4","0.001497582052224324","0.003802214263466133","0.003095226811298615","0.02857355101414714","0.00855830926953366","0.0021528965590902516","0.004986976334382417","0.0017461597753495935","9.433001130659683E-4","0.0028111965718626403","0.0019319720368213347","0.002581547388605122","0.0010515200171981067","0.0019236608142986502","0.003780782899273637","0.001281222436647682","0.002713006932777562","6.303260014933271E-4","2.2614959030480187E-4","9.637335304504589E-4"
"12","0.012853788851312829","0.004359130640583308","0.00402512356156793","0.004701039017722093","0.001907384193975203","0.002941851398427303","0.004482893944785504","0.008368578383803815","0.004523279984591462","0.012277706134069779","3.6843628462704316E-4","0.004636886761475479","3.4632776320110627E-4","0.01598828817638169","0.020637318139459213","0.0033730891734598902","2.081822893356338E-4","0.01731209561729301","0.02902370185364827","0.002745617630222616","4.3306014002038453E-4","0.005217256522909729","0.015939037401244468","0.015532457172409446","0.004263865539884754","0.014423822287898826","0.005831639730506953","0.2166783527245914","0.018321232936787436","0.004763063213039378","0.02022970954218104","0.03163641111093491","0.007783370714601744","0.004395212439327711","0.008205281649387","0.020396556827036595","0.017049180098228145","0.002887881908427646","0.00959772135278076","0.004857252348139023","0.0033486296090357304","0.019265662741226257","0.015832202986073927","0.024580982018353122","0.030494008497221933","0.012817764270854643","0.021844961459543955","0.0472587524579042","0.0020131502098745","0.004147358821205512","0.02157872178679347","0.006369825883305535","0.0171862409830569","0.21914011794560248","0.0041870985373063056","0.01287915788298011","0.003384716477939811","0.0035906871455432844","0.002416630878987264","0.014333667999095537","0.01820285242475396","0.02037828157589217","0.008931799667987156","0.014045880506062532","0.010005625935845372","0.00608439891211099","0.010692961062845554","0.1824089249261239","0.0054753144991522935","0.03302590192147796","0.0029348404900658973","0.15318290596484113","0.0025436461335984766","0.2148712002713506","0.009664093171908668","0.010718507487980958","3.4221868726325307E-4","1.902309359606829E-4","0.0028299349231729397","0.00472632104570481","6.239134053082783E-4","0.006561176052708281","3.173623061376758E-4","0.006058342368041611","5.147015937070313E-4","0.0014241002612122766","0.0023792490218903957","0.017005605190027695","1.9535733302418297E-4","0.0016942824807386356","1.9327471387325538E-4","0.0032463700473176435","1.2006004476923072E-4","8.282617704395047E-4","2.975889853133093E-4","3.2657844804658123E-4","6.750156133098218E-4"
"31","0.023554277553874813","0.02035100853973383","0.025338827164350857","0.00983285587696977","7.470456496499258E-4","0.015307670866769462","0.0071702096914600276","0.007710590191665308","0.008142538589667314","0.014967114338069597","0.005030542357667391","0.005720303305268533","0.004995474890702072","0.009915749036890395","0.017391434356354263","0.008388559518719713","0.003784023801521678","0.00892076748535597","0.025793062739525866","0.014323975974707144","0.004336572830545864","0.005375841470651553","0.022104145710396532","0.02275993009779534","0.00518123021293995","0.00784686257068629","0.020260844038781256","0.0055890734329039566","0.012944340354671182","0.004059797902713027","0.020389605470114616","0.019422490280176095","0.03783476872589101","0.003164010603821085","0.0038220361064898686","0.009055525934838625","0.007984560365695647","0.007154337312688703","0.015317765677836874","0.022973188158533817","0.006378416000941737","0.018358655777128058","0.007159052568955436","0.00500012112902539","0.006197363510921722","0.00505522919839099","0.009141398624556507","0.0064817013769060735","0.008442849461757357","0.012544538222795646","0.0051632482418664345","0.004294735233275752","0.006113435562130774","0.007302487040477111","0.0026141552518477553","0.0139923350052344","1.6685443056816513E-4","0.010698896609782075","0.008286924064677298","0.005229508837673068","0.01032474211349287","0.013738804534984484","0.0031655692184834037","0.0010427501020581632","0.004072181960299821","0.001327949422441807","0.002288806608044209","0.0014210251011103259","0.0021605193608553175","0.00392944127390728","0.002020459681872491","0.003192881002223963","9.796865487983967E-5","0.0027310576716040595","0.0013577816300483067","4.837390316544883E-4","1.8472402382787968E-4","2.3308695402774463E-4","2.2292242461021373E-4","0.0028821887034341303","0.0016091745273955481","3.8984125205644097E-4","5.780776146106602E-4","4.07651305492725E-4","0.007484875739333964","0.0011666807365680494","0.0012661720528598414","1.940577755958742E-4","4.912227322699758E-4","2.975111591123854E-4","3.6153411954774784E-4","6.20349755472452E-4","2.041132798071388E-4","9.133198919808473E-5","9.260806919308234E-5","1.2821332976189128E-4","1.7294432400952214E-4"
"3","0.04854095537373687","0.050236326037455245","0.00943464361633759","0.016697059509806888","0.012532063594581205","0.0034508778878457307","0.01575450299737417","0.017753670896317728","0.00864955164029319","0.010805365281215602","0.23720059480400024","0.015822147313617568","0.007024200490948113","0.01411988116039732","0.00967647406409683","0.010427851348129066","5.379927506885398E-4","0.016185688425740096","0.016105514526037812","0.001711163543377106","0.0031984678426631432","0.004455892372784078","0.017101361462000537","0.01835847535436727","0.003288916250444143","0.00880031180953717","0.011567447510737124","0.003787528955361282","0.013917672058730303","0.005520952034702117","0.024548737691193017","0.017876293824561264","0.007028497211169119","0.01492158220420062","0.01688273992118933","0.007508208033791963","0.011736236752419037","0.006162259890155708","0.08306625115426791","0.006520515732956116","0.010090214924494656","0.051568016561682035","0.013682854894325427","0.00972107705425426","0.00816060845021391","0.009605159062922137","0.039619815020692895","0.05088562787265005","0.0028221438452143","5.350538514443141E-4","0.08621006067621284","0.020776770573745353","0.015686165043522715","0.026695170341764215","0.002065198910838581","0.016011213506199252","0.002119239727509533","0.0010978470670262091","2.1162996283067266E-4","0.008776336582638013","0.013827770896382006","0.009639249620557452","0.009699464276844509","0.004352943371561195","0.005595894608739608","0.0034988932006922344","0.005108185312007417","0.026135942071672236","0.013216346877044389","0.0022932935752170364","0.0417047916638797","0.025324348342810693","0.0020995639348096785","0.0037534560977892525","0.0019197417807646133","0.0016996002901097879","0.23106157238964822","5.213904469107977E-4","0.001380367353013406","0.0031327366526147445","2.473399634937471E-4","0.004692263829050094","0.006908397964929768","0.0023074872608110004","0.007987431654426808","2.161493257036301E-4","0.0011905669086127674","0.014292042656193226","0.0010413262637501116","0.002936523418082997","7.120515425896029E-4","4.7776310154684073E-4","1.717439813741324E-4","3.066144975724225E-4","6.828374503061573E-5","1.8310285372825707E-4","7.92429356468447E-4"
"15","0.020585481473832695","0.019332833586022034","0.03001646881794264","0.0016144878790110432","1.6552355210047284E-4","0.01720668248340807","3.446413850423554E-4","0.0013372622928102891","0.003133776753275908","0.013710089544412949","6.502114432010292E-4","0.0015999967830867092","0.001205235819957036","6.908372380105293E-4","0.0040346140822961766","0.0013207770843266123","9.700183537689275E-6","6.635152801869007E-4","0.03360088819909222","0.017460345583246904","0.00104011826513183","0.0026776639036738205","0.019437331386900722","0.02335406607619928","5.300197941321442E-4","4.875594013138728E-4","0.02553696044577858","6.594725188726558E-4","0.002092989615723392","1.8352745046355663E-4","0.02041101657530266","0.013387689590270656","0.05360399684024899","3.2849416768138785E-4","0.0013261346928608434","0.009662626045306055","6.908612205768193E-4","0.0018706804730681287","0.015167400737249676","0.032529202857192054","0.0013218629533503679","0.011061878743901103","6.809084548749444E-4","0.0036567638395919103","0.005918178043607219","0.004876836022103807","0.005694375134917614","0.002658447501677797","0.011613220543024643","0.018810266884516175","0.005133343909840707","0.0039556074211390185","6.542615074072738E-4","0.0013760378644244078","0.002460053920586003","0.005187807183296039","1.7280734688609407E-4","0.015973025917038166","0.012207799666920033","4.8432544602068026E-4","0.002078625894096403","0.004000233907369886","2.0317826901007958E-4","6.698612120874909E-4","0.002165641484607837","1.4960217909411403E-4","0.001838861712360373","0.0011477345598562329","4.018251014494782E-4","0.005203215980765992","1.0913171536132521E-4","9.74472228818562E-4","1.0010103335712583E-4","6.538251539618545E-4","0.0018567785300249663","8.927222683247014E-4","6.304259885534098E-4","7.882269542942865E-6","3.206692373483063E-5","6.836019283798703E-4","0.0024146719822565974","6.613698916743527E-4","0.001201692399590302","4.770577223664177E-4","9.110831465799711E-5","0.001289614292125036","0.0018452999835262347","0.0013184606387256917","2.767876801835272E-5","3.7631930283573773E-4","1.891711322338062E-6","8.782111498889816E-4","2.77126924032287E-6","9.406618861821895E-6","7.768439539061425E-5","1.8059917870580816E-4","6.219694119716634E-6"
"14","0.02314712990018223","0.055983655389187224","0.01762415654229421","0.20669960438679152","0.002004543432170078","0.010613573767919817","0.0685758381033915","0.06621474845159932","0.23987402946592418","0.06541609193585646","0.002833918349329518","0.20240841243706642","0.002627233885742046","0.04216081589499917","0.0028313713400551594","0.10330521556253909","5.709405977967279E-6","0.011924835760126547","0.020717219425158903","0.010373075838622632","0.07552410707097727","0.0723515036676197","0.016672172737657084","0.015320240061840738","0.07386158380543327","0.0030851641290113698","0.016010555171050808","0.0014642732996713813","0.0026722166676959483","0.04919628536151997","0.01580068846744739","0.009313167771511291","0.031646900053217145","0.06703659470460771","0.06477079842218701","0.07522912111300809","0.03932734289813251","0.10323660351568448","0.00976890443912719","0.024719861468518838","0.10269003700903799","0.007870393513811504","0.04167933422638079","0.013731520500466195","0.01275455777183495","0.006384576834368425","0.0037127489444551895","0.005882763121090388","0.011328560784554473","0.010958605467991052","0.005487081148596498","0.008344966679771427","0.011793060562485165","0.0020503368826783664","0.0016162497570139417","0.006570137385061374","2.0226880361522864E-4","0.009946151231343061","0.008687602779695599","0.002964025838642694","0.0026520985942767175","0.00279013807560801","2.7401858951981546E-4","0.0010173202004493407","0.008663339726244569","4.990218762944232E-4","0.0014424006058531098","0.004818995679928487","0.006432337670515726","0.005939564613624186","0.001045346446657112","0.004809328296700421","0.0011414512959569143","0.0014499531611728647","0.001890560515713447","4.559341943640853E-4","0.002757338970146552","3.5201253967378802E-6","8.092386739939017E-4","9.354852066970529E-4","0.0020176556918762214","0.0015838668091488423","0.0025646254228574514","2.876821604177587E-4","2.998669953312042E-4","0.0011225965500209782","0.001533905314700957","0.0016708140097936857","3.763080081678856E-5","0.0013607962332712097","2.3400264784239187E-4","7.995279325337486E-4","2.4127071029154514E-4","2.3479779279044316E-5","4.9721946225678954E-5","1.5326864534032783E-4","3.692848552088842E-4"
"37","0.5443208623866588","0.6560794015576978","0.3990938142720913","0.29569483294490334","0.0071455101228238335","0.26060181162060386","0.20239109233685745","0.6943332409227712","0.32120204146879755","0.19374068393325006","0.022509027444180013","0.27225430081990654","0.021560866665321882","0.13400020686386252","0.021194957535957265","0.1083684059274598","0.017728140063057053","0.04898353767935433","0.11675464324096949","0.03331189614895647","0.20696551277707625","0.779414638911131","0.09442756042528448","0.0844371807371762","0.2271374177086734","0.02887519674453932","0.09456670294309025","0.017321969269003215","0.01394876984469442","0.16549773031594966","0.07482474415043712","0.053056107174802886","0.07763309638765332","0.18098355108383343","0.6642534229813294","0.10071862700590364","0.1179665341837658","0.09645987650104909","0.06826764524964962","0.05649025840177905","0.09894172863952963","0.04547526219736275","0.12083839328499658","0.06931909638633402","0.2685939247450334","0.046725178840825644","0.04710838415435476","0.043186243769723145","0.03404759719841886","0.02036420082296041","0.05504325676691195","0.027658501655544218","0.03640722451733602","0.02370874821552244","0.025294936916784083","0.013876187762700484","5.570841724593362E-4","0.018736735540506064","0.01694893727713596","0.01723457468300111","0.0026853420480729448","0.005776805706686316","0.005223441110358338","0.009275541023328539","0.03236375500068381","0.010988127861569708","0.012264513554932807","0.018148414599667182","0.009610649810609995","0.009291566849156557","0.01359428045552465","0.014857634720704418","0.009243163575290033","0.0046425171107383765","0.00858976810331591","0.00472539264076826","0.0010125416204167107","0.0021013550283443","0.005913362825545898","0.0038523800072085977","0.008116605594088971","0.004784801264482571","0.0018590605685321095","0.00302121672359828","4.141061824735888E-4","0.004457204938593849","0.003917999683257203","0.008584622495494314","0.0026948743108230803","0.003176306074764835","0.002751814485519929","0.003231827439283355","0.0017420538698216697","0.0016192262541122036","7.247100390667075E-4","3.5226389612563345E-4","7.450236624455987E-4"
"30","0.04197078366891203","0.015965364266685197","0.007012248215153","0.006372464988382208","0.003191108682060817","0.0017750147874395692","0.007245259315989174","0.007926316367704671","0.007439643841404658","0.012539972761157016","0.0020208857328276376","0.00619785486972437","0.0017272736205004534","0.0028303012400002305","0.018999345981449322","0.004468854851258281","5.813322832608379E-4","0.0025473115616312498","0.028073852346153887","0.006002541024560484","0.005105746079554449","0.004519958053622278","0.011479823740268864","0.01052302920924156","0.012809147874310511","0.0023264777338679542","0.013223865410773512","0.15770030731067547","0.004002600710760297","0.0057700790820593454","0.02822967306123836","0.016263804655376784","0.006392707067801036","0.00704380296336625","0.007717841931736253","0.017097409570438343","0.0048781130487949255","0.004301357931847384","0.014809031642861903","0.00839622485534246","0.0044095325151279775","0.018340563519577073","0.0027934928267557527","0.021329791533815756","0.022839672846478216","0.025620558209538097","0.06659345044257226","0.08230982132279796","0.0028393757007791043","0.003074279019419551","0.09491180230400932","0.006033015368766207","0.002548887473678178","0.1852322673207386","0.020431457341330395","0.02448366332040493","0.0011167346921641583","0.003980076457301111","0.009433164459086419","0.002302277219526878","0.003967301586164037","0.018737693647814177","0.023838809285402444","0.09402080984349105","0.00962436292292574","0.006481797417913445","0.004316320278020118","0.1525051977074104","0.009665752951773366","0.02419274420781914","0.03203732754578044","0.13532449830011872","0.018133928898253292","0.15635908643835125","0.007829988396997507","0.007437758917759173","0.0018672143557657507","5.619439873381775E-4","0.0019232185445029375","0.004518452272937837","0.0016234237145231261","0.009402631077932906","0.0015756772612109538","0.004094683749642558","0.003336343564013984","0.0033567510698911053","0.0013846576991898168","0.01650510285325947","9.385634162532734E-4","0.001748232884073805","5.698672120125118E-4","0.0039281672935287245","7.437348196743614E-5","8.396686916160767E-4","3.474307530189926E-4","2.3041449547968107E-4","8.076680615058831E-4"
"18","0.9487785510862957","0.7001246640181172","0.6341551294899228","0.23877347488095432","0.002732416930822604","0.42909665781859485","0.10123684079053183","0.10189171464078745","0.2875276585414491","0.24020256832966988","0.004684051781310569","0.23440579385502444","0.00931486312038027","0.07329840536501311","0.014954105719620256","0.06028802931933917","0.003107432886442055","0.0308793407072454","0.09102605475171827","0.03045753434245939","0.11438667581667322","0.11784185544062246","0.09454060555979624","0.07355765690344651","0.12818692489809247","0.017439821061596316","0.06815283994600692","0.010159801209053125","0.013690710370684513","0.15012460690140697","0.09387349498031757","0.06465785770114695","0.10658746947710568","0.09937316834397868","0.10027087021572823","0.12755948665242356","0.07604114979275044","0.06560817078143595","0.05857962837915549","0.06774613373560735","0.06005964722053292","0.059859726477456965","0.07274941762056951","0.07831611358168336","0.07004513208295897","0.08812830710792438","0.10917371151641608","0.1191750437585159","0.0453049929445842","0.029678841124751783","0.19735179434532493","0.03740281796349573","0.030534269532291342","0.06295266428245298","0.03591038509077013","0.03546107438807438","4.357330659415735E-4","0.025381296725139356","0.020379197312771855","0.017513236227678218","0.01371120508637853","0.015108034772258054","0.0074344206184820665","0.011261995683787232","0.03753418476367807","0.01916779355909171","0.017258906479592592","0.05263630757255562","0.018103156417007826","0.009718138660289834","0.06480107395146055","0.05894191311123282","0.01003936039014433","0.010295291948876378","0.012062391259270255","0.005863393287354599","0.004532577658275856","0.003207293657836526","0.007300647365978854","0.005224516194868156","0.007072727685288812","0.011903486816208056","0.009104167263143687","0.007055346719702466","5.988809140278826E-4","0.011066221215635592","0.004756031989006162","0.028732527561460455","0.003981835626988441","0.002508625125327026","0.0033897522910378976","0.002143125190360346","0.0024089626030162114","0.0014566377401706043","8.425080235308618E-4","4.509922114975395E-4","0.001069663638386845"
"6","0.660091067375655","0.6039495380778","0.48819234367920583","0.21229925098705119","0.004190574963255394","0.3516082449900199","0.10962494728593584","0.1308549937664032","0.23081011474717025","0.19286045570901678","0.36314317158382414","0.20403689151919793","0.005840234393096193","0.07808469633981238","0.01927113627599427","0.07042627102273168","0.006166868729356145","0.04769450210400646","0.07728587425366934","0.025171037331387376","0.09863173575718914","0.12287511099512806","0.07397925935951098","0.07295537359365496","0.173214281595956","0.024171914379939104","0.05550020272370236","0.013773651561911727","0.02025644583499633","0.10728973533060511","0.0803824980420586","0.05460609880943181","0.08143495545437951","0.10332150244323589","0.12444393908090327","0.10435273415055109","0.07264622719516045","0.06399765589207038","0.15058607423977438","0.05017587830323809","0.067968104075734","0.09278423096565896","0.07457910993407706","0.06246035911237459","0.06734884005239211","0.0711016483091439","0.08544819148696087","0.09519333733377133","0.03125858900408037","0.02872417556531008","0.15075245862146947","0.0773715726847328","0.04421546429483846","0.05860016790527127","0.03584906328120481","0.02771582818556384","4.5147616438210805E-4","0.02036660538650689","0.015454941316389768","0.021795550814424098","0.017962172073659126","0.016222018660957047","0.01032068619853999","0.011791106820926238","0.23056556181472723","0.020396757915781074","0.021114470284622378","0.04323227250751281","0.015076658969294427","0.009174325435303166","0.0449874789694824","0.040440975945579424","0.006311945480833802","0.011236435900919639","0.012078957006118754","0.010411608818981028","0.34935572607700266","0.0030105914153279304","0.009449210542810824","0.0077602258085122215","0.006444032452284932","0.011229035787414982","0.0018935311385719856","0.008319577441179105","0.008199845307796851","0.009272894514648347","0.005289504925444043","0.022139261716498826","0.003666114943570839","0.0060655943931919865","0.002419165295632358","0.00394665963178942","0.0028487249905228594","0.0012140171572139929","8.653526760514738E-4","5.877061456950706E-4","0.0014495721134596875"
"16","0.04905357633473855","0.08200034616056079","0.04080326676277942","0.41895367680427725","0.005564942821166981","0.02075255559860689","0.04806779025490106","0.2693205088000506","0.483870440204777","0.999","0.0014851365934177635","0.409433419520522","0.001459480771722503","0.04236988002467395","0.008450778397666938","0.999","0.001757046525247743","0.009911624053289271","0.07563552680360427","0.010429858367410763","0.043449472935731294","0.3027426797608706","0.06519439126490194","0.053354888359227144","0.08049812925972542","0.013388036345863703","0.06288969344235455","0.008300946666721208","0.007717584257603534","0.07732673301281656","0.04086178860714133","0.03550043646817841","0.034580527413989544","0.046152081784773355","0.26314374234840127","0.20492247728209145","0.02948548343469018","0.999","0.049571321851385575","0.041844587324027877","0.999","0.03859854881439274","0.0413730297082238","0.03289542460831848","0.125024767753967","0.011329558452868803","0.017046109988915682","0.017671876299572672","0.024552631414341067","0.011319342835178199","0.014390935551705538","0.019883687723984918","0.00939684028051011","0.024652393358084012","0.008107115658437462","0.024694512417541323","0.0038879810707458198","0.007967522948336655","0.006375520131658208","0.012549883058307919","0.007344384143615846","0.007800052398024761","0.009461258881656774","0.008847918958727097","0.03380688304386722","0.005281738368672001","0.0071254368790264234","0.0243220015263524","0.021899850304495896","0.008720836996871886","0.0078671947831727","0.023339273193367784","0.015206554955604752","0.007826083509348446","0.003641286009565564","0.0035548281352462555","9.358463416517662E-4","0.0011350997126947054","0.0030979173385204256","0.0020624734907671045","0.004202970261580763","0.0068323168455121375","7.971964292765809E-4","0.0019754376001289375","0.0019494943101624803","0.0018408578645391787","0.0031347631030848875","0.0020782639804585207","0.002226735307943868","0.0017032830140943096","0.0015256670818529086","0.005436299958199612","7.701728205022783E-4","8.880386228066075E-4","2.8677766078144925E-4","2.8810033593690856E-4","0.0012332323466774592"
"23","0.002173110279578848","7.249207209341234E-4","6.930832160673176E-4","0.0027505719317035757","1.6056619255772303E-4","3.178948196063248E-4","1.7396869306871512E-4","0.001095098820937304","0.003190423485893041","0.0018650457005770006","3.150855614704181E-5","0.00269250999174025","3.749531140221033E-4","0.005234611746761888","3.721775478459977E-5","0.0014078533603418925","4.919654421598969E-5","0.005515727050959823","0.001556658929817889","4.2801377714137375E-4","1.069680370621722E-4","0.0012272264685536558","0.0017480481337663466","0.004485006469865468","4.835798668011513E-4","0.004769828872306538","0.001284383650658707","4.046016664342632E-4","0.0012845748337669877","6.415999808881829E-4","0.0049054586513937945","0.0037789104403720825","8.610961350617975E-4","1.6266680160428705E-4","0.0010671780581310917","0.002652714555109237","0.005595575479893212","0.0014308956792597875","0.0028835102842602175","6.249931398388126E-4","0.0013976603803477674","0.002649543668471499","0.005187764171069177","9.893917489907477E-4","0.0014180078835091224","4.5362830417935773E-4","0.007139042907214335","0.006239027230107314","3.260946127348609E-4","2.941059605986629E-4","0.002524168442815718","2.804625966883353E-4","0.005462443265459745","0.003909664714333488","1.0486342801713792E-4","0.0040715713819948485","0.001322937167466464","1.1985025461472253E-5","2.868723185692423E-5","0.004736893179003956","0.0012760766057518462","3.5786483505019875E-5","0.00172578491435085","0.001450446116311091","7.303332466886259E-4","0.0012204816931963762","0.0013852095372635228","0.006439969059268723","0.0016308986627307663","3.135878908420766E-4","0.001142081097596511","0.006610274571406915","0.0042034179834099265","4.010829832437221E-4","1.0551488846153776E-5","3.763758198583599E-4","3.6393205743265634E-5","4.989971170437988E-5","1.0965472382646741E-4","7.397538135005042E-6","4.5253188494388374E-4","0.0013717320734797846","3.650282903153915E-4","4.591918205842899E-4","5.02628521633127E-6","1.6225570552970217E-5","1.0237904255656258E-4","9.286127149891391E-4","7.975785756858443E-5","2.927732610349412E-5","6.23938008542362E-5","6.776356480248508E-4","4.336509323335136E-5","3.9992740462753286E-5","1.6783411648429294E-5","1.4650674909343668E-5","4.284214188630668E-5"
"34","0.14408234712783277","0.13760851761810353","0.09229149091016851","0.1260943116701282","0.016969712023105512","0.05923150827845235","0.0999625893547185","0.10578504265639531","0.13789284211612066","0.06126108987190999","0.0069145839476969706","0.11899480924146028","0.006557478588964799","0.999","0.029386922373273158","0.06518531486219699","0.005979761354412422","0.999","0.10445651814288143","0.02345114861440257","0.10560982602491736","0.11010720835348949","0.12468051660208831","0.9795749753200154","0.11004637824709976","0.999","0.09495648571024798","0.036686585621428895","0.06733803481317505","0.07544397717847515","0.8851375434921224","0.6344198393308678","0.0678145182312089","0.09338485068432631","0.09932037771603022","0.049035232159930144","0.999","0.06097426438047556","0.11838294689372879","0.052083137573568986","0.06250322896432113","0.10980148859375356","0.999","0.035571028535932","0.03791244063326096","0.03709504421839473","0.999","0.1646254745352672","0.020366325906011493","0.02328552319518345","0.06690827711167968","0.020397720211758605","0.999","0.09758813467377798","0.021460079292554397","0.11010873514966622","0.006232060456326077","0.016539584214848826","0.016208920556882642","0.999","0.06416543356429982","0.02497409969810821","0.018464513438358723","0.03415050092328574","0.01469799192272117","0.016004321372449035","0.017667841587450668","0.15703428966360175","0.026742751603215435","0.022711201093253083","0.02505797155128821","0.16511092350671255","0.12355518581882459","0.033143838715927826","0.009802489321009918","0.016934193249592243","0.0014723365756005842","0.0017909329249740076","0.004529343766398267","0.003508028072783862","0.0032047656513167185","0.03759031736267915","0.0015741076410199116","0.014648239231386521","7.405241175872377E-4","0.0050258141413983244","0.004048104273077213","0.03057976804737221","0.002405604053325756","0.0027044951799074382","0.002224333014929594","0.0017097849456029113","0.0017227566924896212","0.0015252308152828627","6.349370938060894E-4","5.368172164447616E-4","9.4328963586399E-4"
"4","0.42658061792584206","0.35435922343646187","0.3550959823323382","0.0896474731455807","0.0023882633890589563","0.1995869564376247","0.004128281651841655","0.006969900148119882","0.11192175683336412","0.18134697573877084","0.00262458401618514","0.0879993787344465","0.0021631458655201694","0.00935455499923277","0.00575966052946979","0.013924512087617719","0.003138035409076858","0.010376732798049971","0.6724264129059416","0.022111644762820997","0.009706195861905294","0.009662489599575856","0.5996515119096746","0.632370244957069","0.02009755124423687","0.00941767403954549","0.7528482049713636","0.006957831807760281","0.04280714306693827","0.06225275016091219","0.41530910072772426","0.3555635507540718","0.068815167008753","0.004000526286897238","0.006902440617864009","0.12489731133024042","0.013802435210890602","0.017348650807923995","0.4238850848094884","0.09796824862585854","0.013832211665659283","0.30649097306954826","0.009275055728713531","0.0533315438675231","0.0626372605675853","0.049069749632708846","0.0666609346590263","0.07051614119627067","0.028794337979265294","0.02229728125836749","0.1208035653041419","0.024152142825213743","0.010302798056500072","0.04625112158881111","0.021951514637268764","0.03119253659337232","6.625084160163168E-4","0.016725278529924274","0.013009423379659537","0.009519539270676742","0.04273149926592842","0.005872573351854099","0.011710857677769656","0.014076537921488335","0.011381588773397806","0.011222347277802813","0.010580276046362923","0.0366100090303824","0.020306913554014924","0.010032088349630715","0.04341140182089582","0.03700065474528014","0.015507695207102988","0.007208210009626611","0.011069974148014845","0.014124544221706873","0.002832873235472774","0.0033640644975675843","0.0038820592932848914","0.0035810868655713614","0.005614623713467785","0.015750244924034713","0.0022258432221034133","0.009678307073097532","0.003440723047292629","0.001550494499334897","0.0035395562214656164","0.03296846109183877","0.005192233311261975","9.846697135059645E-4","0.0028640888393139884","0.015348397100281089","0.0010246694763682744","0.002764788695924773","7.233592340806435E-4","2.3826126158035173E-4","7.145451586520317E-4"
"7","0.029075034965598694","0.014363949002458725","0.004463940218269904","0.007250487502547829","0.0022297711898572633","0.0050726763858599125","0.006116264902172859","0.007446863405830997","0.003731276994651426","0.026508881680732673","0.0028797585553905986","0.007165362895405829","0.002605595603538605","0.038742388380945805","0.04764641558641717","0.0038009655654988894","6.801125420059697E-4","0.04078597707512063","0.037532515123855546","0.0019697563063704277","0.0018802361969842397","0.003614883620703316","0.36759404460716466","0.047643677940744276","0.009459162745277439","0.03281789508701501","0.03364204294298026","0.01171089451621003","0.541935439137141","0.02112432362827925","0.05586047697934286","0.39369259671226553","0.013170918104345241","0.00605674224399706","0.007365759194273903","0.0323040345163516","0.03925925969729011","0.0024726090806308507","0.04689334803955769","0.009254851497021167","0.0036942771106511334","0.4268072484622908","0.038469263833986925","0.03352293701551207","0.035348281830137794","0.004471480759521398","0.03730919420161308","0.03591568870054503","0.0037498666435758707","0.0021687489641033027","0.019523243800570564","0.001679661626352403","0.040454290091699714","0.06464529804103611","0.003192166499468665","0.05486545391826028","0.42172612961927347","5.284941745972314E-4","0.003216915567155776","0.03268139543905268","0.5381862754717487","0.04696233920704474","0.019325547038682975","0.013895521930910313","0.005814410522782906","0.013364042186635982","0.02185724203507754","0.02118958703962402","0.014521374492898882","0.007420869725631633","0.0014226523763972668","0.023921478037335846","0.003628419412170724","0.011763242194169344","0.001806740401354042","0.0013708901207280311","0.0030373441783587145","6.250784375733707E-4","9.242056276850121E-4","5.280526422723451E-4","2.1348075692890738E-4","0.0013874144457492043","0.002730972740347892","0.001457008120319002","2.1610128985018813E-4","0.0020404489736351545","0.0028300895773565446","0.001000135245362454","0.0020861844275138278","0.0014348605623554392","0.0015411686983183767","0.03491666623495225","0.0010075701501264162","1.8805971203505174E-4","1.0650059625516697E-4","8.022288354157628E-4","7.524593857660462E-4"
"33","0.31868907201531954","0.2266998210662642","0.2770893261967317","0.1676000663676659","0.2027363147327395","0.19417371420182186","0.1170797969466088","0.11580730822852071","0.08725646819387214","0.11739465011595297","0.13394479053566113","0.05926049304680282","0.12123662648599226","0.09528602682204042","0.10171253052470443","0.07193715746291456","0.09842925654932341","0.09189567950976342","0.06135444098984087","0.09293318304545811","0.02378857647481068","0.02664917655417804","0.04371598233309839","0.04763191084473002","0.04321891542947132","0.08966551559805588","0.04165888762409085","0.09864047692309186","0.0754106220400225","0.03976660235305969","0.055302461079967176","0.04511582141705218","0.06602658642670901","0.011500239202804694","0.013238092957203358","0.04951333188733793","0.03421869550174552","0.02659963138920676","0.060677174836509556","0.0424264871841069","0.0188253617678944","0.04287645083532459","0.023046906637058797","0.031508081801061384","0.033436947331931505","0.03276982328422088","0.06177145770581666","0.08968575183904356","0.023020245161663195","0.026566080646092897","0.02281515150937238","0.02695646563597904","0.018279427229455192","0.06080950967289378","0.020576451107873626","0.061832521097901966","0.013191517634631836","0.017669082819903675","0.014712902746633907","0.020647673252006137","0.007187061200906298","0.008110230149182919","0.017873537010432497","0.011625069668427803","0.05935195373217246","0.015418158534047727","0.01746040943233188","0.0938950150388915","0.018406124097123503","0.012320982765127407","0.008449206660483832","0.09339093320416285","0.07407314828484439","0.02280483129633253","0.007854337750701431","0.009726499026315557","0.004181094978735432","0.003720923641402311","0.004033673952120102","0.002653182510831532","0.0030343396508696117","0.020513677498610244","0.002903753533023661","0.007921993599786719","5.822958954637966E-4","0.0013493855046317808","0.003169886823124157","0.007091739295314206","0.0014176605442475765","0.0010445178908129276","0.0011556441008208726","0.001469288809724842","0.001281007090928436","8.737105296168459E-4","4.6307114499398146E-4","4.8773341176035353E-4","1.6623724129372576E-4"
