"","StoreAll","HttpWrapper","TestStoreAll","RecommendSingleEndpoint","AbstractRecommenderTest","DummyRecommenderTest","ResponseWrapper","PopularityBasedRecommenderTest","StoreLargeImages","TrackingFilter","RegistryREST","PreprocessedSlopeOneRecommenderTest","SlopeOneRecommenderTest","OrderBasedRecommenderTest","Registry","RegistryClientHeartbeatDaemon","RegistryClient","RegistryStartup","LoadBalancedStoreOperations","TestStoreLargeImages","ServiceLoadBalancer","StoreImage","TestStoreImage","TestImageScaler","TestDriveStorage","CategoryEndpoint","Product","UserEndpoint","CacheManager","IKeyProvider","StorageRule","RegistrationDaemon","AbstractCacheWrapper","UserRepository","PersistenceCategory","AuthCartRest","TestTimedEntry","ProductServlet","TrainingSynchronizer","PreprocessedSlopeOneRecommender","AbstractEntryWrapper","RetrainDaemon","AuthUserActionsRest","AbstractOperationExecutionWithParameterAspect","RecommenderSelector","CacheManagerEndpoint","TestNoStorage","ProfileServlet","StartupCallback","TestAbstractCache","RandomSessionIdGenerator","AbstractCacheTestInit","Configurator","EndpointClientCollection","ELHelperUtils","InterfaceTests","PopularityBasedRecommender","DatabaseManagementEntity","OperationExecutionWithParametersRecord","MemoryLogStorage","DataBaseActionServlet","RecommenderStartup","User","StartupCallbackTask","IndexServlet","ImageScaler","OrderBasedRecommender","ImageSizePreset","CreatorFactory","RepositoryTest","AbstractRecommender","ProductRepository","TestSimpleEntry","AbstractRecommenderFunctionalityTest","CountedEntry","TestCacheAll","LoginServlet","ImageIDFactory","TestImageDB","NonBalancedCRUDOperations","AbstractCache","DummyRecommender","CachingMode","FirstInFirstOut","TestCountedEntry","AbstractQueueCache","PersistenceOrderItem","AuthStartup","DisplayLogs","DummyEntry","StorageMode","LoadBalancerTimeoutException","CartActionServlet","TimeoutException","TimedEntry","SimpleEntry","LogConsumer","ProductEndpoint","MostRecentlyUsed","OrderItem","IDataStorage","Tracing","LoadBalancerUpdaterDaemon","EMFManager","TestMostRecentlyUsed","LeastFrequentlyUsed","EMFManagerInitializer","LoadBalancedImageOperations","NoStorage","FileWriterDaemon","ConstantKeyProviderTest","RESTClient","ServiceLoadBalancerResult","ErrorServlet","Order","LoadBalancedRecommenderOperations","RecommendEndpoint","AbstractTreeCache","IPayloadCharacterization","WebuiStartup","ImageCreator","ICachable","LocalDateTimeAttributeConverter","LocalDateAttributeConverter","TestFirstInFirstOut","CachingRule","ImageDB","ReadyRest","ImageProvider","TestImageDBKey","AboutUsServlet","DataGenerator","LogReaderStartup","OrderItemEndpoint","TestAbstractEntry","LogReaderDaemon","DataBaseServlet","Category","ImageSize","ConstantKeyProvider","OrderServlet","LoginActionServlet","AbstractPersistenceRepository","ImageProviderEndpoint","CharResponseWrapper","TestLastInFirstOut","TrainEndpoint","OrderEndpoint","CategoryServlet","SlopeOneRecommender","CartServlet","OrderItemRepository","ImageProviderStartup","RestUtil","TestImageProvider","NotFoundException","CacheAll","DriveStorage","IRecommender","PersistenceOrder","ImageDBKey","Reset","ISecurityProvider","OrderItemSet","LastInFirstOut","AbstractUIServlet","PersistenceProduct","HeartbeatInfo","CreatorRunner","BCryptProvider","AbstractEntry","LeastRecentlyUsed","InitialDataGenerationDaemon","DatabaseGenerationEndpoint","StatusServlet","ICacheEntry","ShaSecurityProvider","Service","ShaSecurityProviderTest","SetupController","RandomReplacement","PersistenceUser","IDataCache","UseFallBackException","SessionBlob","AbstractCRUDEndpoint","ISessionIdGenerator","TestLeastFrequentlyUsed","OrderRepository","CategoryRepository","TestLeastRecentlyUsed","DummyData","TestRandomReplacement","LoadBalancedCRUDOperations","DataGeneratorTest"
"41","0.13304766807033358","0.10739154077885142","0.10632074998979138","0.10626958477164468","0.09439064419322439","0.09334328345304783","0.09199911585369755","0.08979535274194075","0.08742008823140282","0.08669716055189945","0.0781752609933393","0.07527683548154034","0.059979415932606764","0.05848832747462529","0.058382504661373416","0.05225449442535943","0.05200752774441957","0.05003290128070278","0.04051302411633474","0.03581090525566603","0.03049151768793384","0.023544400040222485","0.01508420685640465","0.014611997654506204","0.0","0.0","0.0","0.0","0.0","0.0","0.0","0.0","0.0","0.0","0.0","0.0","0.0","0.0","0.0","0.0","0.0","0.0","0.0","0.0","0.0","0.0","0.0","0.0","0.0","0.0","0.0","0.0","0.0","0.0","0.0","0.0","0.0","0.0","0.0","0.0","0.0","0.0","0.0","0.0","0.0","0.0","0.0","0.0","0.0","0.0","0.0","0.0","0.0","0.0","0.0","0.0","0.0","0.0","0.0","0.0","0.0","0.0","0.0","0.0","0.0","0.0","0.0","0.0","0.0","0.0","0.0","0.0","0.0","0.0","0.0","0.0","0.0","0.0","0.0","0.0","0.0","0.0","0.0","0.0","0.0","0.0","0.0","0.0","0.0","0.0","0.0","0.0","0.0","0.0","0.0","0.0","0.0","0.0","0.0","0.0","0.0","0.0","0.0","0.0","0.0","0.0","0.0","0.0","0.0","0.0","0.0","0.0","0.0","0.0","0.0","0.0","0.0","0.0","0.0","0.0","0.0","0.0","0.0","0.0","0.0","0.0","0.0","0.0","0.0","0.0","0.0","0.0","0.0","0.0","0.0","0.0","0.0","0.0","0.0","0.0","0.0","0.0","0.0","0.0","0.0","0.0","0.0","0.0","0.0","0.0","0.0","0.0","0.0","0.0","0.0","0.0","0.0","0.0","0.0","0.0","0.0","0.0","0.0","0.0","0.0","0.0","0.0","0.0","0.0","0.0","0.0","0.0","0.0","0.0","0.0"
"9","0.0","0.0","0.0","0.0","0.0","0.0","0.0","0.0","0.0","0.0","0.0","0.0","0.0","0.0","0.048403080850949506","0.0","0.09407002028922823","0.0","0.0","0.0","0.09362021596769009","0.0","0.0","0.0","0.0","0.0330345153297037","0.03240187739254676","0.0322413418777668","0.0","0.0","0.0","0.0","0.0","0.0","0.0","0.0","0.0","0.0","0.018508060330013378","0.0","0.0","0.0","0.0","0.0","0.0","0.0","0.0","0.0","0.0","0.0","0.0","0.0","0.0","0.030106583780883208","0.0","0.0","0.0","0.0","0.0","0.0","0.0","0.0","0.0","0.0488537153325299","0.0","0.0","0.05581738069962615","0.0","0.0","0.0","0.01563635265453954","0.028702095177316908","0.050247633820838536","0.0","0.05084672725591995","0.0","0.0","0.0","0.0","0.0","0.0","0.0","0.0","0.0","0.09696210742342078","0.0","0.0","0.0","0.0","0.0","0.0","0.0769357887675893","0.0","0.0","0.0","0.0","0.0","0.02683101088924325","0.0","0.0","0.0","0.0","0.0","0.029041310667013476","0.0","0.0","0.0","0.0","0.0","0.0","0.0","0.042366692016445086","0.06112754214067055","0.0","0.0","0.0","0.0","0.0","0.0","0.0","0.0","0.0","0.0","0.0","0.0","0.0","0.0","0.0","0.04467962211562017","0.0","0.0","0.012417964143620373","0.0","0.021281953979279594","0.019229642795780016","0.0","0.0","0.0","0.019339529713406512","0.0","0.0","0.0","0.0","0.0","0.0","0.0","0.0","0.029581260750730323","0.0672988551852856","0.0","0.0","0.0","0.0","0.11783189238085044","0.0","0.0","0.0","0.0","0.0","0.0","0.0","0.0","0.0","0.0","0.0","0.0","0.029756579961237657","0.0","0.0","0.0","0.0","0.0","0.0","0.0","0.06288471468632141","0.0","0.0","0.04795428934310187","0.0","0.0","0.0","0.0","0.0","0.0","0.0","0.021005210602622865","0.0","0.0","0.0","0.0","0.0","0.0","0.0","0.0","0.0"
"27","0.0","0.0","0.0","0.12536817956839846","0.06606835663952759","0.11011878466065174","0.0","0.1059332256839972","0.0","0.0","0.0","0.1385274039072088","0.07075881780478259","0.06899975338428747","0.0","0.0","0.0","0.0","0.02696603307711665","0.0","0.0","0.0","0.0","0.0","0.0","0.0","0.017440847230321747","0.0","0.0","0.0","0.0","0.0","0.0","0.03052610350136539","0.03041453164020113","0.0478910306421017","0.0","0.05670660429013402","0.0","0.04372794914366715","0.0","0.0","0.020321271248744558","0.0","0.13833552738738786","0.0","0.0","0.0","0.0","0.0","0.1085663656088435","0.0","0.0","0.0","0.0","0.0","0.09262582436121994","0.21036203582509072","0.0","0.0","0.0","0.08415292121261506","0.022260468277235625","0.0","0.0","0.0","0.1612840494805998","0.0","0.06336142673673949","0.0","0.14102959746943844","0.05028622840862736","0.0","0.10598611147000808","0.0","0.0","0.0","0.0","0.01776494288851619","0.0","0.0","0.14524576626233868","0.0","0.0","0.0","0.0","0.052004004713745465","0.0","0.0","0.0","0.0","0.0","0.0","0.0","0.0","0.0","0.0","0.02350403922911423","0.0","0.014103447895796657","0.0","0.0","0.0","0.010952756346636935","0.0","0.0","0.0","0.0","0.0","0.0","0.0","0.0","0.0","0.0","0.007963817559342388","0.18466055047413815","0.12328320128250637","0.0","0.0","0.0","0.0","0.0","0.0","0.0","0.0","0.0","0.0","0.0","0.0","0.08601453865553277","0.0","0.12151019326059166","0.0","0.018643050135756525","0.0","0.0","0.0","0.0","0.0","0.0","0.0","0.0","0.0","0.0","0.0","0.0","0.0","0.03334840299015098","0.03930265465034673","0.033665668717348524","0.0","0.020081533556334956","0.0","0.01517824108550619","0.0","0.0","0.0","0.0","0.12547666876298558","0.024822520050918284","0.0","0.0","0.0","0.02470382155949037","0.0","0.0","0.0320339441393095","0.0","0.06670912436381383","0.0","0.0","0.0","0.11073386141650217","0.05248910713097773","0.0","0.0","0.0","0.0","0.0","0.02942681594653932","0.0","0.06801615524417537","0.0","0.0","0.0","0.0","0.13999306147473436","0.0","0.03825049675728399","0.0","0.0","0.0","0.0","0.0","0.11114958997561075"
"38","0.0","0.1342616442396264","0.0","0.0","0.0","0.0","0.11501792854006412","0.0","0.0","0.10838938748979357","0.09773524994339802","0.0","0.0","0.0","0.07299020959951892","0.06532892897874097","0.1326590169895152","0.2297158987476128","0.0","0.0","0.1690780197989283","0.0","0.0","0.0","0.0","0.0","0.0","0.0","0.0","0.0","0.0","0.0","0.0","0.0","0.0","0.0","0.0","0.0","0.0","0.0","0.0","0.0","0.0","0.0","0.0","0.0","0.0","0.0","0.18923466388332852","0.0","0.0","0.0","0.0","0.051933379679113593","0.0","0.0","0.0","0.0","0.0","0.0","0.0","0.20240618774541527","0.0","0.1579599932290039","0.0","0.0","0.0","0.0","0.0","0.0","0.0","0.0","0.0","0.0","0.0","0.0","0.0","0.0","0.0","0.0","0.0","0.0","0.0","0.0","0.0","0.0","0.0","0.19988974915640334","0.0","0.0","0.0","0.13271301579943273","0.0","0.0","0.0","0.0","0.0","0.0","0.0","0.0","0.0","0.0","0.0","0.0","0.0","0.0","0.0","0.0","0.0","0.0","0.0","0.0","0.032862470305071376","0.0","0.0","0.0","0.0","0.0","0.0","0.21767466211536537","0.0","0.0","0.0","0.0","0.0","0.0","0.0","0.0","0.07707163974954824","0.0","0.0","0.0","0.10466861556835633","0.0","0.0","0.0","0.0","0.0","0.0","0.0","0.0","0.0","0.0","0.0","0.0","0.0","0.0","0.0","0.0","0.0","0.0","0.0","0.21766134324059644","0.0","0.0","0.0","0.0","0.0","0.0","0.0","0.0","0.0","0.0","0.0","0.0","0.0","0.0","0.0","0.0","0.0","0.0","0.0","0.0","0.0","0.0","0.0","0.0","0.08272038879677636","0.0","0.0","0.0","0.0","0.0","0.0","0.0","0.0","0.0","0.0","0.0","0.0","0.0","0.0","0.0","0.0","0.0"
"42","0.17203473089717988","0.0","0.20476614476730226","0.0","0.007677547723225835","0.045554144871795293","0.0","0.04382265500310902","0.11303686544845583","0.0","0.0","0.0367372106718453","0.029271640139957176","0.02854394707925917","0.0","0.0","0.0","0.0","0.05238458743974536","0.06896923705423387","0.0","0.03044363410348551","0.029051101362199377","0.007131065389986283","0.07606246341736882","0.0","0.0","0.0","0.0","0.0","0.0","0.0","0.0","0.0","0.0","0.0","0.038613226105421734","0.0","0.0","0.0","0.0","0.0","0.0","0.0","0.0","0.0","0.028256608814850242","0.0","0.0","0.007735804583888646","0.0","0.017632607244917265","0.0","0.0","0.0","0.07691436747499547","0.0","0.0","0.0","0.0","0.0","0.0","0.0","0.0","0.0","0.0","0.0","0.0","0.0","0.015577007805275619","0.0","0.0","0.04185353016878118","0.043844532894015846","0.0","0.06617156665516145","0.0","0.0","0.008445878538792733","0.0","0.0","0.0","0.0","0.0","0.04038206557889436","0.0","0.0","0.0","0.0","0.0","0.0","0.0","0.0","0.0","0.0","0.0","0.0","0.0","0.0","0.0","0.0","0.0","0.0","0.0","0.015619461676084101","0.0","0.016224112428827545","0.0","0.0","0.0","0.06917338048572448","0.04627628309905444","0.0","0.0","0.0","0.0","0.0","0.0","0.0","0.0","0.0","0.0","0.0","0.0","0.015619461676084101","0.0","0.0","0.0","0.0","0.027262245296400915","0.0","0.0","0.0","0.0","0.016017240488531998","0.0","0.0","0.0","0.0","0.0","0.0","0.0","0.0","0.0","0.0","0.015619461676084101","0.0","0.0","0.0","0.0","0.0","0.0","0.0","0.0","0.09122337662476866","0.0","0.0","0.0","0.0","0.0","0.0","0.0","0.0","0.0","0.0","0.0","0.0","0.0","0.0","0.0","0.0","0.0","0.0","0.0","0.0","0.0","0.0","0.0","0.06741079764150615","0.0","0.0","0.0","0.0","0.0","0.0","0.0","0.0","0.015485898477355771","0.0","0.0","0.015619461676084101","0.0","0.012644572524973304","0.0","0.054237165437838825"
"1","0.11023255310836899","0.08897595797046452","0.08808878719750052","0.08804639582974147","0.07820446498515382","0.07733670645853236","0.0762230377379081","0.0743971775948609","0.07242922524288219","0.07183026574979105","0.0647697079865646","0.06236830667834227","0.04969410022808416","0.048458704749023","0.04837102851199421","0.04329385411587517","0.08791388774440861","0.041453221447483764","0.033565820034693876","0.029670024080145296","0.11204896877703152","0.019506988476239315","0.01249755563184506","0.012106321221791257","0.0","0.0","0.0","0.0","0.0","0.0","0.0","0.0","0.0","0.0","0.0","0.0","0.0","0.0","0.0","0.0","0.0","0.0","0.0","0.0","0.0","0.0","0.0","0.0","0.0","0.0","0.0","0.0","0.0","0.03441654713646939","0.0","0.0","0.0","0.0","0.0","0.0","0.0","0.0","0.0","0.05584745877416012","0.0","0.0","0.0","0.0","0.0","0.0","0.0","0.0","0.0","0.0","0.0","0.0","0.0","0.0","0.0","0.0","0.0","0.0","0.0","0.0","0.0","0.0","0.0","0.0","0.0","0.0","0.0","0.08794967306395307","0.0","0.0","0.0","0.0","0.0","0.0","0.0","0.0","0.0","0.0","0.0","0.0","0.0","0.0","0.0","0.0","0.0","0.0","0.0","0.0","0.021778146642171686","0.0","0.0","0.0","0.0","0.0","0.0","0.0","0.0","0.0","0.0","0.0","0.0","0.0","0.0","0.0","0.0","0.0","0.0","0.0","0.0","0.0","0.0","0.0","0.0","0.0","0.0","0.0","0.0","0.0","0.0","0.0","0.0","0.0","0.0","0.0","0.0","0.0","0.0","0.0","0.0","0.0","0.0","0.0","0.0","0.0","0.0","0.0","0.0","0.0","0.0","0.0","0.0","0.0","0.0","0.0","0.0","0.0","0.0","0.0","0.0","0.0","0.0","0.0","0.0","0.05481927380351691","0.0","0.0","0.0","0.0","0.0","0.0","0.0","0.0","0.0","0.0","0.0","0.0","0.0","0.0","0.0","0.0","0.0"
"25","0.0","0.0","0.0","0.0","0.0","0.0","0.0","0.0","0.0","0.0","0.0","0.0","0.0","0.0","0.0","0.0","0.0","0.0","0.0","0.0","0.0","0.0","0.0","0.0","0.0","0.15071590842228136","0.0","0.14709715221677963","0.04830450964237473","0.09385108714066878","0.0","0.0","0.07319938008597496","0.04941560974759071","0.06420668724150298","0.0","0.0","0.0","0.014690294753835433","0.0","0.0","0.0","0.0","0.0","0.0","0.07939738606057989","0.0","0.0","0.0","0.03624628800977651","0.0","0.011802568796115194","0.0","0.0","0.0","0.0","0.0","0.05622521971928903","0.0","0.0","0.0","0.0","0.0","0.0","0.0","0.0","0.0","0.0","0.0","0.0","0.0","0.05237990998320966","0.0","0.0","0.0","0.044292625415302246","0.0","0.0","0.0","0.043960350968022616","0.07351091402173314","0.0","0.034180367714676106","0.0858953558167427","0.0","0.08009896892818782","0.02744580210424557","0.0","0.0","0.0","0.0","0.0","0.0","0.0","0.0","0.0","0.0","0.12241318329330218","0.0682403787027906","0.0","0.0","0.0","0.0","0.02509994259862166","0.010455048900576379","0.04503138081994928","0.025160666155965086","0.0","0.0","0.0","0.08908818298537652","0.0","0.021656659906557768","0.0","0.0","0.0","0.0","0.07181562786793369","0.0","0.0","0.0","0.0","0.029107283312545248","0.029648948615551486","0.010455048900576379","0.0410911687521439","0.0","0.0","0.04908746602802892","0.0","0.0","0.0","0.0","0.09709629443554117","0.0","0.0","0.0","0.0","0.0","0.061781926029178626","0.0","0.0","0.0905397565053962","0.06819382851214008","0.0","0.010455048900576379","0.0","0.1349608596289548","0.0","0.0","0.0","0.04183526795678974","0.09642825374361474","0.015810191516090484","0.1174863048794975","0.0","0.0594339783267281","0.0","0.0","0.010179632865913371","0.0","0.0","0.11436591446635523","0.0","0.0858953558167427","0.0","0.033812676400806506","0.0","0.0","0.1075129753435938","0.0","0.0682403787027906","0.0","0.0","0.0","0.05537015284344336","0.0732300848068885","0.0","0.08681815798659807","0.031226533967381228","0.04045956220528267","0.03719093188585204","0.0903667817265645","0.0","0.0","0.09583368685688043","0.0","0.010365646986286321","0.06191984575839771","0.06848077608883474","0.010455048900576379","0.0","0.008463775949327323","0.025249702308597036","0.0"
"35","0.0","0.0","0.0","0.0","0.06917527975141903","0.0","0.0","0.06691056785975907","0.0","0.0","0.0","0.0","0.0","0.06930060112810378","0.0","0.0","0.0","0.0","0.011551183372062292","0.0","0.0","0.0","0.014576455166525625","0.0","0.0","0.0","0.0","0.0","0.0","0.0","0.0","0.0","0.0","0.0","0.0","0.0","0.0","0.0","0.0","0.0","0.0","0.0","0.01352811823419419","0.0","0.0","0.0","0.0","0.0","0.0","0.0","0.0","0.0","0.0","0.0","0.0","0.0","0.058505218419151565","0.0","0.0","0.0","0.12610724289720326","0.0","0.0","0.0","0.0","0.0","0.11287789616868123","0.0","0.0","0.0","0.007210614397342722","0.0","0.0","0.0","0.0","0.0","0.0","0.0","0.0","0.0","0.0","0.0","0.0","0.0","0.0","0.0","0.04455292276859407","0.0","0.0","0.0","0.0","0.0","0.0624832036820269","0.0","0.0","0.0","0.0","0.0","0.0","0.02416543988606464","0.0","0.0","0.0","0.0","0.0","0.0","0.0","0.0","0.0","0.0","0.0","0.0","0.0","0.0","0.005301610525226934","0.0","0.0","0.0","0.0","0.0","0.0","0.0","0.0","0.0","0.0","0.0","0.0","0.0","0.0","0.0","0.0","0.03679784538058499","0.0","0.031943785000459655","0.0","0.0","0.14352518940441902","0.0","0.0","0.0","0.034641977750874506","0.0","0.0","0.0","0.0","0.0","0.0","0.022200438793915953","0.0","0.0","0.0","0.05161281435161323","0.0","0.013003517836135401","0.0","0.0","0.0","0.0","0.0","0.028918145352023313","0.0","0.0","0.0","0.03289127090549197","0.0","0.0","0.0","0.0","0.0","0.0","0.0","0.0","0.0","0.039106984960124075","0.0","0.0","0.0","0.0","0.0","0.0","0.0","0.01509306149724528","0.0","0.0","0.022009375272283874","0.0","0.0","0.0","0.02546382243094991","0.0","0.0","0.0","0.0","0.0","0.04886809209581951"
"24","0.0","0.0","0.0","0.060660817531870435","0.0","0.0","0.0","0.0","0.0","0.0","0.0","0.0","0.0","0.0","0.0","0.0","0.035387549727320514","0.0","0.03753672131066804","0.0","0.03075483142970362","0.0","0.0","0.0","0.0","0.14585561545405348","0.0","0.14235355705121536","0.0","0.0","0.0","0.0","0.0","0.03726983077385222","0.03382568459112626","0.0","0.0","0.0","0.011079592102375094","0.0","0.0","0.0","0.0","0.03481351740776759","0.0","0.046246555744583036","0.07875998945177275","0.0","0.0","0.02156210221192017","0.0","0.0","0.0","0.01827080313428031","0.0","0.0","0.0","0.042405718251057885","0.01200515450640736","0.0","0.0","0.08468827125049402","0.0","0.0","0.0","0.0","0.0","0.0","0.0","0.0","0.0","0.039505540678247256","0.0","0.0","0.0","0.0","0.0","0.0","0.0","0.1664840288449635","0.0","0.0","0.0","0.0","0.0","0.0","0.01445913323384457","0.0836353744187059","0.0","0.0","0.0","0.0","0.0","0.0","0.0","0.0","0.0","0.11846559779813444","0.0","0.0","0.0","0.0","0.13991860728927777","0.01893067024493497","0.0","0.0","0.018976468662028997","0.04672363394159822","0.0","0.0","0.0","0.03516651194570997","0.045274808278846286","0.0","0.0","0.1118327170315175","0.05965197710845655","0.0","0.0","0.0","0.0","0.0","0.021953053476144253","0.022361583782301086","0.0","0.0","0.0","0.0","0.0","0.0","0.0","0.019417278052926073","0.0","0.09396512903949145","0.0","0.0","0.0","0.0","0.0","0.0","0.0","0.0","0.06828614319438651","0.04075225102575441","0.0","0.0","0.057922106267713803","0.13060863613836787","0.0","0.0","0.0","0.03155264834517873","0.0","0.011924231337358239","0.0","0.0","0.0","0.0","0.0","0.005362884543173761","0.0","0.0","0.0","0.0","0.0","0.0","0.01781336144650353","0.0","0.0","0.0","0.0","0.0","0.0","0.029957995752825775","0.0","0.0","0.0","0.0","0.0","0.0066828472624347445","0.0","0.01959311071273771","0.0","0.0","0.0","0.13530612741626086","0.0","0.0","0.04670067180686826","0.05164900219039336","0.0","0.0","0.0","0.0956241721211239","0.0"
"32","0.0","0.0","0.0","0.07955469741458265","0.08490170634257892","0.038501644013943875","0.0","0.09352406903674866","0.0","0.09135953760131979","0.0","0.15384287432040947","0.09487598038370272","0.10023738493583413","0.0","0.0","0.0","0.0","0.0","0.0","0.0","0.0","0.012305432893484817","0.0","0.0","0.0","0.0","0.0","0.0","0.0","0.0","0.0","0.0","0.021346134063579845","0.0","0.0","0.0","0.0","0.026097727802672374","0.058632014692785075","0.0","0.0","0.014210152317627749","0.0","0.08813984064047714","0.0","0.0","0.0","0.0","0.0","0.0","0.0","0.0","0.0","0.0","0.0","0.10816749326009883","0.0","0.0","0.0","0.08220475337319047","0.0294230073937541","0.015566183877437354","0.0","0.0","0.0","0.13124540946310365","0.0","0.0","0.010728954949032529","0.10364716822865144","0.0","0.0","0.03705670696253645","0.0","0.0","0.0","0.0","0.0","0.0","0.0","0.09216838774822743","0.0","0.0","0.0","0.0","0.017029080128254822","0.0","0.0","0.0","0.0","0.0","0.03184322272780578","0.0","0.0","0.0","0.0","0.0","0.0","0.046182740276290275","0.0","0.0","0.0","0.007658986196210057","0.0","0.0","0.0","0.0","0.0","0.0","0.0","0.0","0.0","0.0","0.005568896707436314","0.09087200016258706","0.11335885552107834","0.0","0.0","0.0","0.0","0.0","0.0","0.0","0.0","0.0","0.0","0.0","0.0","0.0","0.0","0.04669014607789558","0.0","0.06104798973548215","0.0","0.0","0.12116386093627626","0.0","0.0","0.0","0.0","0.0","0.0","0.0","0.0","0.0","0.0","0.023319696894895523","0.0","0.06432493826629478","0.0","0.07891008684691038","0.0","0.0","0.0","0.0","0.0","0.0","0.13022405811075216","0.039464029549170804","0.0","0.0","0.0","0.04241825384256996","0.0","0.0","0.03146922652832663","0.0","0.0","0.0","0.0","0.0","0.0","0.03301408837715583","0.0","0.0","0.0","0.0","0.0","0.0","0.0","0.04756198144537139","0.0","0.0","0.058887178271529096","0.0","0.0","0.0","0.026747607395846935","0.0","0.0","0.0","0.0","0.0","0.0"
"10","0.0","0.0","0.0","0.0","0.0","0.0","0.0","0.049318237874291446","0.09335856427325365","0.0","0.0","0.0","0.0","0.03212350259988168","0.0","0.0","0.0","0.0","0.0","0.019121776056464437","0.0","0.13555516504371598","0.09583755800974472","0.01804908498183909","0.0","0.0","0.0","0.0","0.0","0.06810625258777303","0.030079031856744518","0.0","0.06919714497110273","0.0","0.0","0.0","0.03257733878859978","0.0","0.0","0.0","0.03615806857777206","0.0","0.0","0.017880299522853225","0.0","0.0","0.0","0.0","0.0","0.04568599065786184","0.0","0.0","0.0","0.0","0.0","0.0","0.0431228484703744","0.0","0.0","0.0","0.07177361005491677","0.0","0.0","0.0","0.0","0.01180694197555717","0.05232326028948865","0.05605456968299196","0.09129807648698511","0.0","0.0","0.0","0.03531112961358643","0.0","0.0","0.05582785388644131","0.0","0.0315542326829635","0.09975906806755369","0.0","0.0","0.0","0.025596501551755645","0.0","0.03406967933099944","0.0","0.0","0.0","0.0","0.05788777532997338","0.025193634433018055","0.0","0.0","0.0","0.0","0.0","0.0","0.0","0.0","0.0","0.0","0.0","0.0","0.0","0.0","0.0","0.0","0.12117147128519842","0.0","0.0","0.06464988822019266","0.0","0.0","0.0","0.0","0.0","0.0","0.0","0.0","0.0","0.034564164180400266","0.0","0.0","0.0","0.0","0.030771762712081492","0.02165541132584814","0.0","0.13209155612461382","0.08003337936867862","0.0","0.0","0.0","0.0","0.040540440865684445","0.0","0.10578911012735438","0.0","0.027181404911954005","0.04483416855039282","0.0","0.0","0.0","0.15014398155256833","0.0","0.0","0.0","0.0","0.0","0.0","0.0","0.0","0.10156086827367039","0.0","0.16222160772500796","0.0","0.0","0.05958254667708012","0.0","0.0","0.016775986960027862","0.0","0.08299353897097256","0.0","0.0","0.0","0.0","0.0","0.08239011902104806","0.07802046921671531","0.0","0.0","0.0","0.028824857544957047","0.0","0.0","0.09589462012047241","0.0","0.06300256690876621","0.10226821040950254","0.0","0.0","0.0","0.0","0.0","0.0","0.0","0.0","0.0","0.0","0.0","0.0","0.0","0.0","0.0"
"11","0.0","0.0","0.0","0.0","0.0","0.0","0.0","0.0","0.13152201107266287","0.0","0.0","0.0","0.0","0.0","0.0","0.0","0.0","0.0","0.04638815030249006","0.026938443856808544","0.0","0.17188059131190447","0.09542110560360235","0.028413675037033466","0.0","0.0","0.03000250872678379","0.0","0.0","0.0","0.0","0.0","0.10893323360589938","0.0","0.052320408458697454","0.08238424692329693","0.04589441950211758","0.09754918253759827","0.0","0.0","0.05093889278259038","0.0","0.0","0.0","0.030140057215116475","0.0","0.0","0.0","0.0","0.08056007093644707","0.0","0.0","0.0","0.0","0.0","0.0","0.0","0.0","0.0","0.0","0.0","0.0","0.0","0.0","0.0","0.01663342581724344","0.08411334676363234","0.12070557494376262","0.141567466769894","0.0","0.0868708565166294","0.08650457095019531","0.04974573908862977","0.0","0.0","0.07864936306779861","0.0","0.044453084434451444","0.19232127796922632","0.0","0.022996322695895095","0.0","0.0","0.04030579703831252","0.047996804332792437","0.012528627630289765","0.08945956493095605","0.0","0.0","0.09591860556509056","0.0","0.0","0.0","0.0","0.0","0.0","0.0","0.04043267696652826","0.04269509610710351","0.024261368325945346","0.0","0.0","0.0","0.0","0.03270639217571644","0.028174215449725946","0.0","0.19743659086585716","0.0","0.0","0.0","0.0","0.0","0.0","0.0","0.0","0.0","0.011232994277360388","0.0","0.0","0.09330180782246267","0.029730332957917105","0.0","0.0","0.03270639217571644","0.0","0.07171375173993749","0.0","0.13590472625573233","0.26235909522129325","0.0","0.031666217230253896","0.0","0.032070590780674146","0.07052843549673336","0.0","0.0","0.0","0.08551608932561462","0.0","0.0","0.0","0.0","0.1948285762419679","0.0","0.03270639217571644","0.0","0.0","0.06761014666092251","0.0","0.0","0.03454513291783625","0.04449559289690935","0.026110274610594515","0.10842512624525168","0.0","0.0","0.08393891256579067","0.06543897294490966","0.0","0.02363373472897064","0.0","0.0","0.0","0.04030579703831252","0.0","0.055106192715341354","0.0","0.12970220210509728","0.0","0.0169036473924603","0.04269509610710351","0.0","0.0","0.0","0.0","0.0","0.0","0.0","0.14893609096848465","0.02025105873845611","0.0","0.040384745220265875","0.0","0.0","0.0","0.0","0.032426717341305186","0.0","0.0","0.03270639217571644","0.035995461543305164","0.03177254298303687","0.0","0.0"
"17","0.0","0.0","0.0","0.0","0.0","0.0","0.0","0.0","0.06986961110668327","0.0","0.0","0.0","0.0","0.0","0.0","0.0","0.0","0.0","0.011370213340591328","0.014310749818557546","0.04192162822958699","0.08467929380124083","0.042195643001640123","0.013507947110470537","0.3053335793817629","0.0","0.0","0.0","0.05246860434736171","0.0","0.0","0.0","0.13129672834915876","0.0","0.021026354662120293","0.0","0.024380901846219105","0.0","0.0","0.0","0.02706072238325428","0.0","0.0","0.0","0.0","0.08624184504241036","0.02506054860631666","0.0","0.0","0.08042314815921195","0.0","0.012820010326792362","0.0","0.0","0.0","0.0","0.0","0.0","0.0","0.0","0.0","0.0","0.0","0.0","0.0","0.008836323165561936","0.0","0.04195127693951877","0.06832754068778442","0.0","0.0","0.0","0.026426872703587553","0.0","0.0","0.08989247795857601","0.0","0.023615208561643182","0.07465975236984229","0.0","0.07984792913901574","0.0","0.037126889463244536","0.09329997288019182","0.025497770492902798","0.08700390792577137","0.008987929354766786","0.0","0.0","0.043323249255398336","0.0","0.023602032038369303","0.0","0.0","0.0","0.0","0.0","0.0","0.07412304683722332","0.0","0.0","0.0","0.05707399896993886","0.0","0.011356327354484512","0.04891331515317987","0.0","0.10483782156853745","0.0","0.0","0.0","0.0","0.03506608929025196","0.0","0.0","0.0338751443042244","0.0","0.07800650068610719","0.0","0.0","0.025867843280490438","0.0","0.0","0.0","0.011356327354484512","0.04463343674097834","0.016206924126035967","0.0","0.07219787998681193","0.017213742381027592","0.0","0.0","0.0","0.0","0.03034049269532693","0.0","0.0","0.0","0.020342581372318796","0.0","0.0","0.0","0.0","0.11332957046378232","0.0","0.011356327354484512","0.0","0.0","0.0","0.0","0.0","0.0","0.023637790711326375","0.0","0.05759964695767477","0.0","0.06455748990523158","0.10129039847394909","0.0","0.0033336180414322235","0.012555159710866945","0.0","0.0","0.0","0.09329997288019182","0.0","0.011072948264792305","0.0","0.06166081944217707","0.0","0.0","0.07412304683722332","0.0","0.0","0.0","0.06014334197167829","0.0","0.0","0.0","0.07685301423618095","0.04394738249354233","0.012179256673146155","0.09815685847261224","0.0","0.0","0.0","0.0","0.011259218539934683","0.0","0.0","0.011356327354484512","0.0","0.009193396534977001","0.006813980237686897","0.0"
"8","0.09330423554256172","0.0","0.0745610685552577","0.0","0.0","0.0","0.0","0.0","0.06130633194700146","0.0","0.0","0.0","0.0","0.0","0.0","0.0","0.0","0.0","0.02841114616675373","0.025113624217755506","0.0","0.0165113171761862","0.010578316853766227","0.0","0.0","0.0","0.0","0.0","0.0","0.0","0.0","0.0","0.0","0.0","0.0","0.0","0.0","0.0","0.0","0.0","0.0","0.0","0.0","0.0","0.0","0.0","0.0","0.0","0.0","0.015931521448695994","0.0","0.0","0.0","0.0","0.0","0.0","0.0","0.0","0.0","0.0","0.0","0.0","0.0","0.0","0.0","0.0","0.0","0.0","0.0","0.0","0.0","0.0","0.0","0.0","0.0","0.0","0.0","0.0","0.0","0.0","0.0","0.0","0.0","0.0","0.0","0.0","0.0","0.0","0.0","0.0","0.0","0.0","0.0","0.0","0.0","0.0","0.0","0.0","0.0","0.0","0.0","0.06500100921753638","0.0","0.0","0.0","0.0","0.0","0.0","0.0","0.0","0.0","0.0","0.040713511938355956","0.0","0.0","0.0","0.0","0.0","0.0","0.0","0.0","0.0","0.0","0.0","0.0","0.0","0.0","0.0","0.0","0.0","0.0","0.012015662270982238","0.0","0.0","0.0","0.0","0.0","0.0","0.0","0.0","0.0","0.0","0.0","0.0","0.0","0.0","0.0","0.0","0.0","0.0","0.0","0.0","0.0","0.05944484734168368","0.0","0.0","0.0","0.0","0.0","0.0","0.0","0.0","0.0","0.0","0.0","0.0","0.0","0.0","0.0","0.0","0.0","0.0","0.0","0.0","0.06084745332962641","0.0","0.0","0.0","0.0","0.0","0.0","0.0","0.0","0.0","0.0","0.0","0.0","0.0","0.0","0.0","0.0","0.0","0.0","0.0","0.0"
"2","0.0","0.0","0.0","0.0","0.0","0.0","0.0","0.0","0.1671916469049889","0.0","0.0","0.0","0.0","0.0","0.0","0.0","0.0626590272248522","0.0","0.0","0.034244327293544125","0.12131575610649277","0.20262987535115448","0.10097034939678332","0.03232329317328961","0.0","0.0","0.0","0.0","0.0","0.12196841953726519","0.0","0.0","0.12392204956129989","0.0","0.0","0.0","0.058341288410410884","0.0","0.0","0.0","0.06475385607609618","0.0","0.0","0.0","0.0","0.0","0.0","0.0","0.0","0.08181698249147311","0.0","0.0","0.0","0.0481098536349699","0.0","0.0","0.0","0.0","0.0","0.0","0.0","0.0","0.0","0.07806747890356452","0.0","0.0211445204751353","0.0","0.10038560355768922","0.16350161215460937","0.0","0.0","0.0","0.0632371112401779","0.0","0.0","0.09997958845131145","0.0","0.05650905377729021","0.17865402080416887","0.0","0.0","0.0","0.0","0.0","0.061013853857075175","0.0","0.0","0.0","0.0","0.10366860896399833","0.0","0.12294219642581775","0.0","0.0","0.0","0.0","0.0","0.0","0.0","0.0","0.0","0.0","0.0","0.0","0.0","0.0","0.0","0.21700052908672324","0.0","0.0","0.11577857230238178","0.0","0.030443014612745747","0.0","0.0","0.0","0.0","0.0","0.0","0.0","0.061899404497066934","0.0","0.0","0.0","0.0","0.0","0.03878170055589394","0.0","0.2365568170701185","0.14332817356591085","0.0","0.0","0.0","0.0","0.07260204917836272","0.0","0.0","0.0","0.048677953520359606","0.08029149265423677","0.0","0.0","0.0","0.2688860924978674","0.0","0.0","0.0","0.0","0.0","0.0","0.0","0.0","0.18188078362126486","0.0","0.2905153691067353","0.0","0.0","0.10670369861919927","0.0","0.0","0.030043359279757337","0.0","0.14862939004092607","0.0","0.0","0.0","0.0","0.0","0.14754875243698953","0.13972334345741128","0.0","0.0","0.0","0.0","0.0","0.0","0.09516946450592216","0.07663021013133185","0.11282845877843185","0.18314753078619478","0.0","0.0","0.0","0.0","0.0","0.0","0.0","0.0","0.0","0.0","0.0","0.0","0.0","0.0","0.0"
"26","0.0","0.0","0.0","0.0","0.0","0.0","0.0","0.0","0.0","0.0","0.0","0.0","0.0","0.0","0.0","0.0","0.0","0.0","0.0","0.0","0.0","0.0","0.0","0.0","0.0","0.0","0.0","0.0","0.060520768222465424","0.0","0.0","0.0","0.09171157618636062","0.0","0.02425319203546767","0.0","0.0","0.0","0.0","0.0","0.0","0.0","0.0","0.0","0.0","0.099477064042622","0.0","0.0","0.0","0.04541301033392641","0.0","0.014787450195183767","0.0","0.0","0.0","0.0","0.0","0.0","0.0","0.0","0.0","0.0","0.0","0.0","0.0","0.0","0.0","0.0","0.0","0.0","0.0","0.0","0.0","0.0","0.0","0.05549427448017055","0.0","0.0","0.0","0.0","0.09210189736463242","0.0","0.0428246167393835","0.10761837681943845","0.0","0.10035607791593755","0.010367273840152862","0.0","0.0","0.0","0.0","0.0","0.0","0.0","0.0","0.0","0.0","0.0","0.08549843841623186","0.0","0.0","0.0","0.0","0.0","0.013099141176484532","0.05641986186215103","0.0","0.0","0.0","0.0","0.0","0.0","0.0","0.0","0.0","0.0","0.0","0.08997787165472548","0.0","0.0","0.0","0.0","0.0","0.0","0.013099141176484532","0.05148316623955808","0.0","0.0","0.0","0.0","0.0","0.0","0.0","0.0","0.0","0.0","0.0","0.0","0.0","0.0","0.0","0.0","0.0","0.0292195762466399","0.0","0.013099141176484532","0.0","0.0","0.0","0.0","0.0","0.0","0.0","0.0","0.0","0.0","0.07446489061749041","0.0","0.0","0.0038452161504443287","0.0","0.0","0.0","0.0","0.10761837681943845","0.0","0.012772272939380038","0.0","0.0","0.0","0.0","0.08549843841623186","0.0","0.0","0.0","0.06937331962357496","0.0","0.0","0.0","0.009583272590559721","0.050691825768173875","0.014048362433228271","0.11322063079356551","0.0","0.0","0.0","0.0","0.012987129429062782","0.0","0.0","0.013099141176484532","0.0","0.010604273313371198","0.0","0.0"
"13","0.0","0.0","0.0","0.0","0.0","0.0","0.0","0.0","0.07482268395216628","0.0","0.0","0.0","0.0","0.0","0.0","0.0","0.0","0.0","0.05074265312040178","0.015325242173704177","0.08978692424645726","0.11198341061047512","0.07248098769213224","0.3673779003433882","0.0","0.0","0.01706838429497566","0.0","0.0","0.0","0.0","0.0","0.0749990928432111","0.0","0.029765005525885364","0.04686828022096992","0.0261092696011005","0.1480824669887082","0.0","0.0","0.028979063234057016","0.0","0.0","0.0","0.017146635433219957","0.0","0.05367419335353859","0.07686939099072189","0.0","0.07895537035421231","0.0","0.0","0.0","0.0","0.0","0.0","0.0","0.0","0.0","0.0","0.05475587335682849","0.0","0.0","0.0","0.0","0.11447475384433523","0.04785196264659586","0.11615726146114248","0.09526999637253875","0.0","0.04942070600035681","0.04921232666559744","0.02830027980441304","0.0","0.0","0.04474351013846559","0.08128623952159629","0.025289296142988034","0.13355798359990456","0.0","0.03924772525382926","0.0","0.0","0.06878973082851503","0.027305313323732643","0.021382555008628398","0.05089341851402471","0.0","0.0","0.070914983699031","0.0","0.05055037106588069","0.03969341045298013","0.0","0.0","0.0","0.0","0.023002092085827205","0.07286753729528016","0.01380225773385106","0.0","0.0","0.12223997583995476","0.0","0.055819859163206344","0.04808481259529459","0.0","0.17304987575912187","0.0","0.0","0.0","0.0","0.0751038648947624","0.07686939099072189","0.0","0.07255312219324953","0.0","0.019171303125537248","0.0","0.0","0.10383455368243377","0.050740631668274555","0.0","0.0","0.055819859163206344","0.0","0.0876818788967627","0.0","0.07731600435017932","0.10261165944789646","0.0980543944883945","0.01801486568260363","0.0","0.018244913216966484","0.055387903741774526","0.0","0.08070619705812312","0.0","0.10238059933541502","0.0","0.13204107607216037","0.10654002106233987","0.0","0.1440415571818215","0.0","0.055819859163206344","0.0","0.0","0.10263414875013341","0.0","0.08203629206073591","0.01965267669887451","0.02531347914647042","0.01485409787425957","0.06168289921479484","0.0","0.0","0.04775272728097826","0.037228138095502745","0.0","0.013445197878385084","0.0","0.0","0.0","0.06878973082851503","0.03214444742949747","0.031349834204323294","0.0","0.08929825339475021","0.0","0.02884938246084506","0.07286753729528016","0.0","0.0","0.050733570087688896","0.0","0.0","0.0","0.0","0.09561954433172927","0.034562395039271165","0.0","0.06892447135183999","0.0","0.0","0.0","0.0","0.05534253932357203","0.0","0.0","0.055819859163206344","0.0614332997374661","0.054226062753776914","0.014594049736509426","0.0"
"19","0.0","0.0","0.0","0.0","0.0","0.0","0.0","0.0","0.0","0.0","0.0","0.0","0.0","0.0","0.0","0.0","0.0","0.0","0.0","0.0","0.0","0.0","0.0378134455065384","0.0","0.0","0.0","0.0","0.0","0.0","0.0","0.0","0.0","0.0","0.0","0.0","0.0","0.0","0.0","0.0","0.0","0.0","0.0","0.0","0.0","0.0","0.0","0.0","0.0","0.0","0.0","0.0","0.0","0.0","0.0","0.0","0.0","0.0","0.0","0.0","0.0","0.0","0.0","0.06514525285909092","0.0","0.0","0.0","0.0","0.0","0.0","0.0","0.0","0.0","0.0","0.0","0.0","0.0","0.0","0.0","0.0","0.0","0.0","0.0","0.0","0.0","0.0","0.0","0.0","0.0","0.0","0.0","0.0","0.0","0.0","0.0","0.0","0.0","0.0","0.0","0.0","0.0","0.0","0.0","0.0","0.03205323773154171","0.0","0.0","0.0","0.0","0.0","0.0","0.0","0.0","0.0","0.0","0.0","0.0","0.0","0.0","0.0","0.0","0.0","0.0","0.0","0.0","0.0","0.0","0.0","0.0","0.0","0.0","0.0","0.0","0.0","0.0","0.0","0.0","0.0","0.0","0.0","0.0","0.0","0.0","0.0","0.0","0.0","0.0","0.0","0.0","0.0","0.0","0.0","0.0","0.0","0.0","0.0","0.0","0.0","0.0","0.0","0.0","0.0","0.0","0.0","0.0","0.0","0.0","0.0","0.0","0.0","0.41838639120477905","0.0","0.0","0.0","0.0","0.0","0.0","0.11260788465846894","0.0","0.0","0.0","0.0","0.06634975174678036","0.0","0.0","0.0","0.0","0.0","0.0","0.0","0.0","0.0","0.0","0.0","0.0","0.0"
"36","0.09411224818926085","0.0","0.07520676578426042","0.075973764004254","0.1299099914660638","0.036768599606979174","0.0","0.03537104384373436","0.06183724344579741","0.0","0.0","0.029652094088734628","0.023626329045900694","0.08132353642033165","0.0","0.0","0.0","0.0","0.14449550515462553","0.025331107656255354","0.0","0.016654304823150345","0.010669924847218298","0.0","0.0","0.0","0.0","0.0","0.0","0.0","0.0","0.0","0.0","0.0","0.0","0.14189039748876314","0.1363233731777518","0.0","0.19213736757713676","0.014600737364225187","0.0","0.0","0.07328495654351208","0.0","0.08417247088874866","0.0","0.0","0.0","0.0","0.01606948807729382","0.0","0.0","0.03997741982551946","0.0","0.0","0.0","0.05613172772345699","0.0","0.0","0.0","0.023163123345156255","0.028098612560604645","0.0","0.0","0.0","0.0","0.10187965635695484","0.0","0.0","0.010246020886262036","0.13296789068270348","0.0","0.0","0.03538870237762325","0.0","0.0","0.0","0.0","0.0","0.0","0.0","0.08801968415447513","0.0","0.0","0.0","0.0","0.05218112950408466","0.0","0.0","0.0","0.0","0.0","0.12880252356937733","0.0","0.07557825754227744","0.0","0.0","0.0","0.0","0.06358613016756873","0.0","0.06556391654098813","0.0","0.0","0.0","0.0","0.0","0.0","0.0","0.0","0.0","0.0","0.0","0.0","0.12466753750139788","0.08678164984989829","0.10825632196511967","0.0","0.0","0.0","0.0","0.0","0.09380613361673144","0.0","0.0","0.0","0.0","0.0","0.0","0.0","0.0","0.037341754276799595","0.0","0.08405316355343352","0.0","0.0","0.0","0.0","0.0","0.0","0.02792836223938334","0.0","0.0","0.0","0.0","0.0","0.0","0.017897993612506474","0.0","0.029562190419478412","0.09924252230403426","0.1169684193856716","0.0","0.010483435995645597","0.0","0.0","0.0","0.0","0.12436238437340862","0.17061380631821207","0.0","0.0","0.0","0.05052867257649473","0.0","0.0","0.030052726832711808","0.0","0.0","0.0","0.0","0.0","0.0","0.0","0.0","0.0","0.0","0.0","0.0","0.040343290386847","0.0","0.012168026081758989","0.0","0.0","0.0739804939480983","0.0","0.0","0.0","0.020528933479640934","0.0","0.0","0.0","0.0","0.0","0.03939745553254793"
"22","0.0","0.0","0.0","0.0","0.0","0.0","0.0","0.0","0.0","0.0","0.0","0.0","0.0","0.0","0.0","0.0","0.046258261247114824","0.0","0.0","0.0","0.08956181077033382","0.012650037611382801","0.008104508237432837","0.006053759945179824","0.0","0.0","0.0","0.0","0.0","0.0","0.0","0.0","0.0","0.0","0.08605915415176443","0.0","0.0","0.0","0.03623020439031695","0.0","0.0","0.0","0.0","0.0","0.0","0.0","0.11993910956851048","0.0","0.0","0.05910425895056376","0.0","0.07484405599355544","0.0","0.03551727941802792","0.0","0.0","0.0","0.05915157205847812","0.0","0.0","0.027070526759846704","0.0","0.0","0.05763360833971567","0.0","0.0","0.0","0.0","0.0","0.0","0.0","0.0","0.0","0.0","0.0","0.0","0.0","0.0","0.0","0.0","0.033296958243476185","0.0","0.0","0.0","0.0","0.0","0.03678686154954471","0.0","0.0","0.0","0.0","0.09076253642035373","0.0","0.0","0.0","0.0","0.0","0.0","0.0","0.0","0.1050154660440908","0.0","0.0","0.04816332584241228","0.013259795877447586","0.0","0.04827984596858988","0.0","0.08366695358789186","0.0","0.0","0.0","0.02247466942077872","0.0","0.0","0.0","0.0","0.0","0.0","0.0","0.0","0.0","0.061244458443543794","0.06238417312540064","0.013259795877447586","0.0","0.0","0.0","0.0","0.0","0.0","0.018401230972280726","0.0","0.0","0.013597481385873827","0.0","0.03989999854280337","0.0","0.0","0.0","0.0","0.0","0.05569865863805852","0.0","0.0","0.013259795877447586","0.0","0.0","0.0","0.0","0.0","0.0","0.0","0.0","0.0","0.0","0.0","0.035971750521602994","0.0","0.013644226663196072","0.0","0.0","0.0","0.0","0.0","0.0","0.04532067383753433","0.0","0.0","0.0","0.0","0.0","0.10814559862678691","0.08078100098699563","0.0","0.0","0.0","0.05657253929200008","0.0","0.017002469859292782","0.0","0.04984870389237962","0.049118240432007146","0.0","0.0","0.0","0.0","0.013146410359521039","0.0","0.0","0.013259795877447586","0.04864415799970307","0.010734329653335567","0.0","0.046043439754282184"
"28","0.0","0.0","0.0","0.0","0.20457516791821004","0.0","0.0","0.0","0.0","0.0","0.0","0.0","0.0","0.04666086887529899","0.0","0.0","0.0","0.0","0.02095737443577709","0.0","0.0","0.0","0.0","0.0","0.0","0.0","0.0","0.0","0.0","0.0","0.0","0.0","0.0","0.0","0.0","0.0","0.0","0.0","0.048778562890346266","0.0","0.0","0.0","0.024544138043135752","0.0","0.0","0.0","0.1122514302974135","0.0","0.0","0.030731045424899846","0.0","0.0","0.0","0.0","0.0","0.0","0.0","0.0","0.0","0.0","0.05212723919295849","0.0","0.0","0.0","0.0","0.0","0.07600194841470873","0.0","0.0","0.0","0.013082256680523732","0.0","0.0","0.0","0.0","0.0","0.0","0.0","0.0","0.0","0.031162739166814297","0.0","0.0","0.0","0.0","0.0","0.08083260862501432","0.0","0.0","0.0","0.0","0.0","0.11336361421447805","0.0","0.0","0.0","0.0","0.0","0.0","0.0438434882197789","0.12285542544470392","0.0","0.0","0.0","0.0","0.0","0.0","0.0","0.13050698868027855","0.0","0.0","0.0","0.0","0.0","0.009618740635575334","0.0","0.0","0.0","0.0","0.0","0.0","0.0","0.0","0.0","0.0","0.0","0.0","0.0","0.0","0.0","0.0","0.06676252979724501","0.0","0.0579557818093118","0.0","0.0","0.0","0.0","0.0","0.0","0.06285112750238668","0.0","0.0","0.0","0.0","0.0","0.25500551619723755","0.04027837611581282","0.0","0.0","0.0","0.09364140808872747","0.0","0.023592352705032085","0.0","0.0","0.0","0.05611014429013507","0.0","0.05246634743903112","0.0","0.0","0.0","0.059674810608768766","0.0","0.0","0.0","0.0","0.0","0.0","0.0","0.0","0.0","0.0","0.0","0.0","0.0","0.0","0.0","0.0680926417982159","0.0","0.027383423065121596","0.0","0.0","0.03993172853565699","0.0","0.0","0.0","0.04619915068981203","0.0","0.0","0.0","0.0","0.0","0.08866164366251264"
"5","0.09726085243690091","0.0","0.0777228712514616","0.0","0.0","0.0","0.0","0.0","0.06390606032268516","0.0","0.0","0.0","0.0","0.0","0.0","0.0","0.0","0.0","0.029615936284343194","0.026178581122233122","0.0","0.017211488568269366","0.01102689613780304","0.0","0.0","0.0","0.0","0.0","0.0","0.0","0.0","0.0","0.0","0.0","0.0","0.0","0.0","0.12455811907931136","0.0","0.0","0.0","0.0","0.0","0.0","0.0","0.0","0.0","0.10341321696051259","0.0","0.0","0.0","0.0","0.045509515105309664","0.0","0.0","0.0","0.0","0.0","0.0","0.0","0.07366366427952468","0.0","0.0","0.0","0.07139766675195511","0.0","0.0","0.0","0.0","0.0","0.0","0.0","0.0","0.0","0.0","0.0","0.10935525070786163","0.0","0.0","0.0","0.0","0.0","0.0","0.0","0.0","0.0","0.0","0.0","0.0","0.0","0.0","0.0","0.053399971226156376","0.0","0.0","0.0","0.0","0.0","0.0","0.0","0.0","0.0","0.0","0.0","0.0","0.0","0.0","0.0","0.0","0.1473413973004083","0.0","0.0","0.0","0.10341321696051259","0.0","0.0","0.0","0.0","0.0","0.0","0.0","0.0","0.0","0.0","0.0","0.0","0.0","0.0","0.0","0.06446821115499068","0.06595681480281233","0.0","0.0851417111586262","0.0","0.0","0.0","0.10857491335448383","0.0","0.0","0.0","0.0888181386086303","0.07166471706811858","0.0","0.0","0.0","0.0","0.0","0.0","0.04316485530524585","0.0","0.11036430444124154","0.0","0.0","0.0","0.0","0.0","0.0","0.033400543972096554","0.0","0.0","0.0","0.0","0.0","0.0","0.0","0.010811067556472636","0.0","0.0","0.0","0.0","0.0","0.0","0.0","0.0","0.06825241650857879","0.0","0.0","0.0","0.0","0.0","0.0","0.0","0.0","0.0","0.0","0.0","0.0","0.0","0.0","0.0","0.0","0.0","0.0","0.0","0.0"
"29","0.0","0.0","0.0","0.07293831486548474","0.14470546559666853","0.03529955018612243","0.0","0.08574588574392975","0.0","0.0","0.0","0.12410022124903139","0.022682364756456738","0.11180656337231742","0.0","0.0","0.0","0.0","0.06007530778942929","0.0","0.0","0.0","0.01128201813481559","0.0","0.0","0.0","0.0","0.0","0.0","0.0","0.0","0.0","0.0","0.05871247448946396","0.0","0.136221320926586","0.0","0.0","0.023927239366208816","0.014017380777401979","0.0","0.0","0.049555595903939584","0.0","0.08080945133040447","0.0","0.0","0.0","0.0","0.015427449152620391","0.06960381706253396","0.0","0.0","0.0","0.0","0.0","0.09917144980767792","0.1348668215644785","0.0","0.0","0.09760563765634385","0.026975963045794214","0.0428147397125958","0.0","0.0","0.0","0.1527527303505462","0.0","0.04062213127125185","0.00983665226167639","0.14227333103302195","0.0","0.0","0.033974785250280415","0.0","0.0","0.0","0.0","0.0","0.0","0.0","0.08450295337295848","0.0","0.0","0.0","0.0","0.05009628920837005","0.0","0.0","0.0","0.0","0.0","0.12365635877993658","0.0","0.0","0.0","0.0","0.0","0.0","0.06104561547036341","0.0","0.06294438153956926","0.0","0.02106601740253132","0.0","0.0","0.0","0.0","0.0","0.0","0.0","0.0","0.0","0.0","0.019420621869207674","0.0833143833829756","0.10393105832204216","0.0","0.0","0.0","0.0","0.0","0.0","0.0","0.0","0.0","0.0","0.0","0.0","0.0","0.0","0.17282717818182278","0.0","0.08069491078995567","0.0","0.0","0.11108693925681352","0.0","0.0","0.0","0.026812514891053657","0.0","0.0","0.0","0.0","0.0","0.0","0.08132365157636234","0.0","0.028381065242582947","0.09527739522621564","0.11229507336233177","0.0","0.01006458170849269","0.0","0.0","0.0","0.0","0.119393620518028","0.09039254025122091","0.0","0.0","0.0","0.09602402511819473","0.0","0.0","0.028852002806758387","0.0","0.042768399426299876","0.0","0.0","0.0","0.07099343695847522","0.0639200769103255","0.0","0.0","0.0","0.0","0.0","0.015013630345042113","0.0","0.14250094594759002","0.0","0.0","0.07102468374725181","0.0","0.08975202758484677","0.0","0.09327793213458638","0.0","0.0","0.0","0.0","0.0","0.10908334092155765"
"21","0.0","0.0","0.0","0.0","0.0","0.0","0.0","0.0","0.0","0.0","0.0","0.0","0.0","0.0","0.0","0.0","0.0","0.0","0.0","0.0","0.0","0.0","0.015336676039714756","0.0","0.0","0.0","0.0","0.0","0.0","0.0","0.0","0.0","0.0","0.0","0.0","0.0","0.0","0.0","0.0","0.0","0.0","0.0","0.08758884732074941","0.0","0.0","0.0","0.0","0.0","0.0","0.0","0.14185066541132468","0.0","0.0","0.0","0.0","0.0","0.0","0.0","0.0","0.0","0.0","0.0","0.0","0.0","0.0","0.0","0.0","0.0","0.0","0.0","0.0","0.0","0.0","0.0","0.0","0.0","0.0","0.0","0.0","0.0","0.0","0.0","0.0","0.0","0.0","0.0","0.0","0.0","0.0","0.0","0.0","0.0","0.0","0.0","0.0","0.0","0.0","0.0","0.0","0.0","0.0","0.0","0.0","0.0","0.0","0.0","0.0","0.0","0.0","0.0","0.0","0.0","0.0","0.0","0.0","0.0","0.0","0.0","0.0","0.0","0.0","0.0","0.0","0.0","0.0","0.0","0.0","0.0","0.0","0.0","0.0","0.014346831479447026","0.0","0.0","0.0","0.0","0.0","0.0","0.0","0.06996167050781067","0.0","0.0","0.0","0.0","0.0","0.0","0.0","0.0","0.0","0.0","0.0","0.0","0.0","0.0","0.0","0.0","0.0","0.0","0.0","0.0","0.0","0.0","0.0","0.0","0.0","0.10789990118652887","0.0","0.0","0.0","0.0","0.0","0.0","0.0","0.0","0.0","0.0","0.04567239571506064","0.0","0.0","0.0","0.0","0.0","0.0","0.0","0.06832900438323863","0.0","0.1829121644792534","0.0","0.0","0.0","0.0","0.0","0.0","0.0","0.0"
"20","0.08961318123814119","0.0","0.07161148163208379","0.0","0.0","0.0","0.0","0.0","0.05888109370239903","0.0","0.0","0.0","0.0","0.0","0.0","0.0","0.0","0.0","0.02728721987613554","0.02412014573063729","0.0","0.01585814030827205","0.030960342643710084","0.0","0.0","0.0","0.0","0.0","0.0","0.0","0.0","0.0","0.0","0.0","0.0","0.0","0.0","0.0","0.0","0.0","0.0","0.0","0.11879311765295446","0.0","0.0","0.0","0.0","0.0","0.0","0.0","0.19238616902503142","0.0","0.0","0.0","0.0","0.0","0.0","0.0","0.0","0.0","0.0","0.0","0.0","0.0","0.0","0.0","0.0","0.0","0.0","0.0","0.0","0.0","0.0","0.0","0.0","0.0","0.0","0.0","0.0","0.0","0.0","0.0","0.0","0.0","0.0","0.0","0.0","0.0","0.0","0.0","0.0","0.0","0.0","0.0","0.0","0.0","0.0","0.0","0.0","0.0","0.0","0.0","0.0","0.0","0.0","0.0","0.0","0.0","0.0","0.0","0.0","0.0","0.0","0.0","0.0","0.0","0.0","0.0","0.0","0.0","0.0","0.0","0.0","0.0","0.0","0.0","0.0","0.0","0.0","0.0","0.0","0.0","0.0","0.0","0.0","0.0","0.0","0.0","0.0","0.09488610947689406","0.0","0.0","0.0","0.0","0.0","0.0","0.0","0.0","0.0","0.0","0.0","0.0","0.0","0.0","0.0","0.0","0.0","0.0","0.0","0.0","0.0","0.0","0.0","0.0","0.0","0.1463401568632929","0.0","0.0","0.0","0.0","0.0","0.0","0.0","0.0","0.0","0.0","0.1413533861774002","0.0","0.1882891056505632","0.0","0.0","0.0","0.0","0.0","0.09267179218699939","0.0","0.24807617567531423","0.0","0.0","0.0","0.0","0.0","0.0","0.0","0.0"
"43","0.06528250055526483","0.05269380833356635","0.05216840340693186","0.05214329816885805","0.04631465828246235","0.04580074977813597","0.04514120704940083","0.044059886582431936","0.042894415522494816","0.04253969659112921","0.038358256053821045","0.03693608558042814","0.02943010058511463","0.02869846819728002","0.028646544116497016","0.02563971327581087","0.02551853413212934","0.024549644146429725","0.01987852592780471","0.01757133722179707","0.014961273273434064","0.011552530991273527","0.007401367921446031","0.007169669027867224","0.0","0.0","0.0","0.0","0.0","0.0","0.0","0.0","0.0","0.0","0.0","0.0","0.0","0.0","0.0","0.0","0.0","0.0","0.0","0.0","0.0","0.0","0.0","0.0","0.0","0.0","0.0","0.0","0.0783193037726285","0.0","0.0","0.0","0.0","0.0","0.0","0.0","0.0","0.0","0.0","0.0","0.0","0.0","0.0","0.0","0.0","0.0","0.0","0.0","0.0","0.0","0.0","0.0","0.0","0.0","0.0","0.0","0.0","0.0","0.0","0.0","0.0","0.0","0.0","0.0","0.0","0.0","0.0","0.0","0.0","0.0","0.0","0.0","0.10656850234513156","0.0","0.0","0.0","0.0","0.0","0.0","0.0","0.0","0.0","0.0","0.0","0.0","0.0","0.0","0.0","0.0","0.0","0.0","0.0","0.0","0.0","0.0","0.0","0.0","0.0","0.0","0.0","0.0","0.0","0.0","0.0","0.0","0.0","0.0","0.0","0.0","0.0","0.0","0.0","0.0","0.0","0.0","0.0","0.0","0.0","0.04547442428420711","0.0","0.0","0.0","0.0","0.0","0.0","0.0","0.0","0.0","0.0","0.0","0.0","0.0","0.0","0.0","0.0","0.0","0.0","0.0","0.0","0.0","0.0","0.0","0.0","0.0","0.0","0.0","0.0","0.0","0.0","0.0","0.0","0.0","0.0","0.0","0.0","0.0","0.0","0.0","0.0","0.0","0.0","0.0","0.0","0.0","0.0","0.0","0.0","0.0","0.0","0.0","0.0"
"12","0.0","0.0","0.0","0.0","0.0","0.0","0.0","0.0","0.12638526532559272","0.0","0.0","0.0","0.0","0.0","0.0","0.0","0.0","0.0","0.022288203457840338","0.025886331470557848","0.0","0.17116433957217062","0.09937820094486662","0.02873883706790294","0.0","0.0","0.014415362854256604","0.0","0.0","0.0921996484269364","0.0","0.0","0.1101798499419526","0.0","0.025138486900654955","0.03958331697155069","0.0441019593483452","0.04686964264292487","0.0","0.0","0.0489494148334061","0.0","0.0","0.0","0.014481451039995553","0.0","0.0","0.0","0.0","0.08519657865740711","0.0","0.0","0.0","0.0","0.0","0.0","0.0","0.0","0.0","0.0","0.0","0.0","0.0","0.0","0.0","0.01598378794576406","0.04041410088487793","0.13604464684277717","0.14225964827278928","0.0","0.04173900687942625","0.0415630169515003","0.047802861150447955","0.0","0.0","0.0755776203385524","0.0","0.04271691730508277","0.18032343257553313","0.0","0.03314726168338395","0.0","0.0","0.05809741059272883","0.04612223308408169","0.018058961168996798","0.04298280857135184","0.0","0.0","0.09907545687148711","0.0","0.0","0.0","0.0","0.0","0.0","0.0","0.019426765773127685","0.061541383897522374","0.011656906125555231","0.0","0.0","0.0","0.0","0.04714350874722129","0.040610757840983336","0.0","0.2025695520534562","0.0","0.0","0.08752055410860486","0.0","0.0","0.0","0.0","0.0","0.0","0.01619141485025705","0.0","0.0","0.11109087121478968","0.042853770123260755","0.0","0.0","0.04714350874722129","0.0","0.08871119596092956","0.0","0.17882051312631997","0.10223097185151249","0.0","0.015214728066667117","0.0","0.015409018201237367","0.07421974593067446","0.0","0.0","0.0","0.10486566298990654","0.060694788228626464","0.0","0.0","0.0","0.2453234324587764","0.0","0.04714350874722129","0.0","0.0","0.032484776710576806","0.0","0.0","0.016597966203225442","0.13748923179555303","0.01254525367073701","0.2196094283740298","0.0","0.0","0.08066058030323267","0.0314415887151673","0.0","0.02271069161727922","0.0","0.11235348920378944","0.0","0.05809741059272883","0.0","0.026476978000145826","0.0","0.13118649554442774","0.10562113695236831","0.024365183552653352","0.061541383897522374","0.0","0.0","0.0","0.0","0.07194150093701028","0.0","0.08529047331589089","0.15720933750377072","0.029190194982305007","0.0","0.05821120774548417","0.0","0.0","0.0","0.0","0.04674038103653988","0.0","0.0","0.04714350874722129","0.05188442513041879","0.04579744381449654","0.0","0.0"
"31","0.0","0.0","0.0","0.027639314110005024","0.056252447469294864","0.0","0.0","0.1478586616352838","0.0","0.0","0.0","0.053805414992738575","0.0","0.05889195985929199","0.0","0.0","0.0","0.0","0.0","0.0","0.0","0.0","0.00952131569261443","0.0","0.0","0.0","0.0","0.0","0.0","0.0","0.0","0.0","0.0","0.03303309733115079","0.0","0.0","0.0","0.0","0.02019308929803892","0.0","0.0","0.0","0.021990180666932153","0.0","0.03551391372652653","0.0","0.0","0.0","0.0","0.01301979946837381","0.0","0.0","0.0","0.0","0.0","0.0","0.14970532550059548","0.0","0.0","0.08122004267674945","0.06360584101954357","0.0","0.024088636638673142","0.0","0.0","0.0","0.07114653109433344","0.0","0.0","0.00830151754967211","0.08207773524821636","0.0","0.0","0.0","0.0","0.0","0.0","0.0","0.0","0.0","0.0","0.032021629178103514","0.0","0.0","0.0","0.0","0.013176232746902125","0.0","0.09266135228413522","0.0","0.0","0.0","0.024638659922496434","0.0","0.0","0.0","0.04407345113051713","0.0","0.0","0.035733846466579136","0.0","0.053121110119932174","0.0","0.01185226494520188","0.0","0.0","0.0","0.0","0.0","0.0","0.0","0.0","0.0","0.0","0.00861785588041127","0.020355607682316857","0.0543592981323482","0.0","0.0","0.0","0.0","0.0","0.0","0.0","0.0","0.0","0.0","0.0","0.0","0.0","0.0","0.06603420530261057","0.030298922544342466","0.04723581752079286","0.0","0.07723976339301318","0.09375040931076227","0.0","0.0","0.0","0.0","0.0","0.0","0.0","0.0","0.0","0.0","0.03608718163989793","0.0","0.014844213190389435","0.0","0.0610565962777994","0.0","0.0","0.0","0.0","0.0","0.0","0.07710649063905711","0.04396580117833829","0.0","0.0","0.0","0.04618740572670899","0.0","0.0","0.024349280758520466","0.0","0.0","0.0","0.0","0.0","0.0","0.025544615980897457","0.0","0.0","0.0","0.0","0.0","0.0","0.0","0.0736020657261747","0.0","0.0","0.04556389193486647","0.0","0.0","0.0","0.04139186589247178","0.0","0.0","0.0","0.0","0.0","0.0"
"39","0.0","0.0","0.0","0.0","0.0","0.0","0.0","0.0","0.0","0.0","0.0","0.0","0.0","0.0","0.033080243040119396","0.1383414697259297","0.03852652115682897","0.0","0.0","0.0","0.07459218968595344","0.0","0.0","0.0","0.0","0.0","0.0","0.0","0.0","0.0","0.0","0.0","0.0","0.0","0.0","0.0","0.0","0.0","0.0","0.0","0.0","0.0","0.0","0.0","0.0","0.0","0.0","0.0","0.0","0.0","0.0","0.0","0.0","0.029580818215838245","0.0","0.0","0.0","0.0","0.0","0.0","0.0","0.0","0.0","0.04800055970938467","0.0","0.0","0.0","0.0","0.0","0.0","0.0","0.0","0.0","0.0","0.0","0.0","0.0","0.0","0.0","0.0","0.0","0.0","0.0","0.0","0.0","0.0","0.0","0.0","0.0","0.0","0.0","0.07559222256466275","0.0","0.0","0.0","0.0","0.0","0.0","0.0","0.0","0.0","0.0","0.0","0.0","0.0","0.0","0.0","0.0","0.0","0.0","0.0","0.0","0.01871818792121966","0.0","0.0","0.0","0.0","0.0","0.0","0.0","0.0","0.0","0.0","0.0","0.0","0.0","0.0","0.0","0.043899360663886465","0.0","0.0","0.0","0.0","0.0","0.0","0.0","0.0","0.0","0.0","0.0","0.0","0.0","0.0","0.0","0.0","0.0","0.0","0.0","0.0","0.0","0.0","0.0","0.0","0.0","0.0","0.0","0.0","0.0","0.0","0.0","0.0","0.0","0.0","0.0","0.0","0.0","0.0","0.07394329151721284","0.0","0.0","0.0","0.0","0.0","0.0","0.0","0.0","0.0","0.04711684082299396","0.0","0.0","0.0","0.0","0.0","0.0","0.0","0.0","0.0","0.0","0.0","0.0","0.0","0.0","0.0","0.0","0.0"
"3","0.0","0.0","0.0","0.0","0.0","0.0","0.0","0.0","0.0","0.0","0.0","0.0","0.0","0.0","0.0","0.0","0.06177124446742849","0.0","0.0","0.0","0.11959689704906316","0.0","0.0","0.0","0.0","0.0","0.0","0.11097743923202182","0.0","0.0","0.0","0.0","0.0","0.09320401083962966","0.0","0.08409311374585102","0.0","0.0","0.0","0.0","0.0","0.0","0.05545417199968826","0.0","0.0","0.0","0.0","0.0","0.0","0.0","0.0","0.0","0.0","0.0474282104558309","0.0","0.0","0.0","0.0","0.0","0.0","0.0","0.0","0.06796690991085384","0.07696138190915355","0.0","0.0","0.0","0.0","0.0","0.0","0.0","0.0","0.0","0.0","0.0","0.0","0.0","0.0","0.0","0.0","0.0","0.0","0.0","0.0","0.0","0.0","0.0","0.12697775882081638","0.0","0.0","0.0","0.12120029319206711","0.0","0.0","0.0","0.0","0.0","0.0","0.0","0.0","0.0","0.0","0.0","0.0","0.0","0.0","0.0","0.0","0.0","0.0","0.0","0.0","0.030011683571486394","0.0","0.0","0.0","0.0","0.0","0.0","0.0","0.0","0.0","0.0","0.0","0.0","0.0","0.0","0.0","0.0","0.0","0.0","0.0","0.0","0.0","0.0","0.0","0.0","0.0","0.0","0.0","0.0","0.0","0.0","0.0","0.0","0.0","0.0","0.0","0.0","0.0","0.0","0.0","0.0","0.0","0.0","0.0","0.0","0.0","0.0","0.0","0.0","0.0","0.0","0.0","0.0","0.0","0.0","0.0","0.0","0.0","0.0","0.0","0.0","0.0","0.0","0.0","0.0","0.07554447704121824","0.0","0.0","0.0","0.0","0.0","0.0","0.0","0.0","0.0","0.0","0.0","0.0","0.0","0.0","0.0","0.0","0.0"
"15","0.0","0.0","0.0","0.0","0.0","0.0","0.0","0.0","0.10703799461826781","0.0","0.0","0.0","0.0","0.0","0.0","0.0","0.0","0.0","0.07259017646427193","0.02192360795773227","0.12844516938776382","0.16019847283107622","0.10368806838681399","0.02798515426655371","0.0","0.0","0.024417269333402974","0.0","0.0","0.0","0.0","0.0","0.1072903573100732","0.0","0.0425804894051811","0.06704767138889041","0.037350756634660746","0.07938951655557638","0.0","0.0","0.04145615541501345","0.0","0.0","0.0","0.0245292119218247","0.0","0.07678390717698381","0.0","0.0","0.11295003146987272","0.0","0.0","0.0","0.0","0.0","0.0","0.0","0.0","0.0","0.0","0.0","0.0","0.0","0.0","0.0","0.013536962585873369","0.06845488359538576","0.16616939770697073","0.13628900782983688","0.0","0.07069905787232905","0.07040095968960694","0.04048511811387026","0.0","0.0","0.06400807007224221","0.0","0.03617773917577523","0.19106209473764","0.0","0.05614604532476148","0.0","0.0","0.09840752094541119","0.0390617634414756","0.03058892954710853","0.07280585471234906","0.0","0.0","0.1014478129170568","0.0","0.07231510633273035","0.0","0.0","0.0","0.0","0.0","0.03290576705943453","0.10424104900921312","0.019744894342207338","0.0","0.0","0.17487105761214078","0.0","0.07985340098897596","0.06878798834703585","0.0","0.2475574343475623","0.0","0.0","0.0","0.0","0.10744023953425622","0.0","0.0","0.10379126078695995","0.0","0.027425611223573673","0.0","0.0","0.14854108154361134","0.07258728466501418","0.0","0.0","0.07985340098897596","0.0","0.12543378539416286","0.0","0.11060482757917513","0.14679166359198056","0.0","0.025771263394080878","0.0","0.026100359136767934","0.07923546482801026","0.0","0.0","0.0","0.1464611193001974","0.0","0.0","0.0","0.0","0.20605942754327441","0.0","0.07985340098897596","0.0","0.0","0.05502390402496147","0.0","0.0","0.028114242788637424","0.036212334302010686","0.021249609935680303","0.08824080459895361","0.0","0.0","0.06831292190716687","0.053256914008351156","0.0","0.019234100437618185","0.0","0.0","0.0","0.09840752094541119","0.0","0.044847674630212116","0.0","0.12774609866171815","0.0","0.04127063988453572","0.10424104900921312","0.0","0.0","0.0","0.0","0.0","0.0","0.0","0.13678905555064008","0.049443420882536324","0.0","0.09860027472873899","0.0","0.0","0.0","0.0","0.07917056851455372","0.0","0.0","0.07985340098897596","0.08788373871866369","0.07757338692794355","0.020877596667795057","0.0"
"14","0.22759327517950115","0.0","0.1818738205687731","0.0","0.0","0.0","0.0","0.0","0.27301376622239554","0.0","0.0","0.0","0.0","0.0","0.0","0.0","0.0","0.0","0.0693021680108551","0.08654822626179902","0.0","0.189918357264415","0.10037026586799935","0.5978326954986465","0.0","0.0","0.0","0.0","0.0","0.0","0.0","0.0","0.09151692367069861","0.0","0.0","0.0","0.04308527221109803","0.0","0.0","0.0","0.04782097879173695","0.0","0.0","0.0","0.0","0.0","0.0","0.0","0.0","0.060422165128370946","0.0","0.0","0.0","0.0","0.0","0.0","0.0","0.0","0.0","0.0","0.0","0.0","0.0","0.0","0.0","0.1889051668635623","0.0","0.07413516521837042","0.12074658716960456","0.0","0.0","0.0","0.046700856732199876","0.0","0.0","0.0738353214566584","0.0","0.041732159688671826","0.1319367008799416","0.0","0.0","0.0","0.0","0.0","0.04505897236254956","0.0","0.0","0.0","0.0","0.07655967769410267","0.0","0.0","0.0","0.0","0.0","0.0","0.0","0.0","0.0","0.0","0.0","0.0","0.0","0.0","0.0","0.0","0.0","0.16025574889404332","0.0","0.0","0.0","0.0","0.0","0.0","0.0","0.0","0.0","0.0","0.0","0.0","0.04571295501223592","0.0","0.0","0.0","0.0","0.0","0.0286404392290008","0.0","0.12758614639918944","0.030419661296216656","0.0","0.0","0.0","0.0","0.053616900434702845","0.0","0.0","0.0","0.035948861179582924","0.0","0.0","0.0","0.0","0.15550698339295535","0.0","0.0","0.0","0.0","0.0","0.0","0.0","0.0","0.04177206625457119","0.0","0.10178854269164016","0.0","0.0","0.07880110340721884","0.0","0.0","0.02218713963939773","0.0","0.0","0.0","0.0","0.0","0.0","0.0","0.10896533717999245","0.0","0.0","0.0","0.0","0.0","0.0","0.0","0.0","0.0","0.0","0.12113048021817414","0.0","0.0","0.0","0.0","0.0","0.0","0.0","0.0","0.0","0.0","0.0","0.0","0.0","0.0","0.0"
"40","0.0","0.0","0.0","0.0","0.0","0.0","0.0","0.0","0.0","0.0","0.0","0.0","0.0","0.0","0.03470116560493806","0.14512016266530683","0.040414309810961","0.0","0.0","0.0","0.07824718591057486","0.0","0.0","0.0","0.0","0.0","0.0","0.0","0.0","0.0","0.0","0.0","0.0","0.0","0.0","0.0","0.0","0.0","0.0","0.0","0.0","0.0","0.0","0.0","0.0","0.0","0.0","0.0","0.0","0.0","0.0","0.0","0.0","0.031030269952746582","0.0","0.0","0.0","0.0","0.0","0.0","0.0","0.0","0.0","0.050352573576468586","0.0","0.0","0.0","0.0","0.0","0.0","0.0","0.0","0.0","0.32434274407647135","0.0","0.0","0.0","0.0","0.0","0.0","0.0","0.0","0.0","0.0","0.0","0.0","0.0","0.0","0.0","0.0","0.0","0.07929622011786253","0.0","0.0","0.0","0.0","0.0","0.0","0.0","0.0","0.0","0.0","0.0","0.0","0.0","0.0","0.0","0.0","0.0","0.0","0.0","0.0","0.01963537384204933","0.0","0.0","0.0","0.0","0.0","0.0","0.0","0.0","0.0","0.0","0.0","0.0","0.0","0.0","0.0","0.046050416936203056","0.0","0.0","0.0","0.0","0.0","0.0","0.0","0.0","0.0","0.0","0.0","0.0","0.0","0.0","0.0","0.0","0.0","0.0","0.0","0.0","0.0","0.0","0.0","0.0","0.0","0.0","0.0","0.0","0.0","0.0","0.0","0.0","0.0","0.0","0.0","0.0","0.0","0.0","0.07756649191485968","0.0","0.0","0.0","0.0","0.09993055778912388","0.0","0.0","0.0","0.0","0.049425552714268024","0.0","0.0","0.0","0.0","0.0","0.0","0.0","0.0","0.0","0.0","0.0","0.0","0.0","0.0","0.0","0.0","0.0"
"37","0.0","0.08892316697485353","0.0","0.0","0.0","0.0","0.07617781327342958","0.0","0.0","0.07178764759393828","0.06473127898340424","0.0","0.0","0.0","0.16609824773253107","0.04326816711328766","0.13265978191873823","0.04142862652452467","0.0","0.0","0.19871715606252002","0.0","0.0","0.0","0.0","0.0","0.0","0.0","0.0","0.0","0.0","0.0","0.0","0.0","0.0","0.0","0.0","0.0","0.0","0.0","0.0","0.0","0.0","0.0","0.0","0.0","0.0","0.0","0.0","0.0","0.0","0.0","0.0","0.06879225439146362","0.0","0.0","0.0","0.0","0.0","0.0","0.10949691338547009","0.0","0.0","0.11162864699572873","0.0","0.0","0.0","0.0","0.0","0.0","0.0","0.0","0.0","0.0","0.0","0.0","0.0","0.0","0.0","0.0","0.0","0.0","0.0","0.0","0.0","0.0","0.0","0.0","0.0","0.0","0.0","0.17579498196233576","0.07937606798854684","0.0","0.0","0.0","0.0","0.0","0.0","0.0","0.0","0.0","0.0","0.0","0.0","0.0","0.0","0.0","0.0","0.0","0.0","0.0","0.04353045057199666","0.0","0.0","0.0","0.0","0.0","0.0","0.0","0.0","0.0","0.0","0.0","0.0","0.0","0.0","0.0","0.0","0.0","0.0","0.0","0.0","0.0","0.0","0.0","0.0","0.0","0.0","0.0","0.0","0.0","0.0","0.0","0.0","0.0","0.0","0.0","0.0","0.0","0.0","0.0","0.0","0.0","0.0","0.0","0.0","0.0","0.0","0.0","0.0","0.0","0.0","0.0","0.0","0.0","0.0","0.0","0.0","0.0","0.0","0.0","0.0","0.0","0.0","0.0","0.0","0.10957349713477658","0.0","0.0","0.0","0.0","0.0","0.0","0.0","0.0","0.0","0.0","0.0","0.0","0.0","0.0","0.0","0.0","0.0"
"30","0.0","0.0","0.0","0.05640256912037454","0.10331919263098013","0.0","0.0","0.08918901845922518","0.0","0.0","0.0","0.054899402099848685","0.0","0.12017873610675629","0.0","0.0","0.0","0.0","0.0","0.0","0.0","0.0","0.01942981162022383","0.0","0.0","0.0","0.0","0.0","0.0","0.0","0.0","0.0","0.0","0.03370473572652548","0.0","0.0","0.0","0.0","0.041207321945599784","0.3828612678766506","0.0","0.0","0.0224372913180793","0.0","0.07247198558267937","0.0","0.0","0.0","0.0","0.0","0.0","0.0","0.0","0.0","0.0","0.0","0.11965696908596661","0.0","0.0","0.0","0.12979818639080218","0.0","0.024578413697620184","0.0","0.0","0.0","0.14518620548078026","0.0","0.0","0.016940612763972036","0.1316152639204455","0.0","0.0","0.0","0.0","0.0","0.0","0.0","0.0","0.0","0.0","0.06534540422662671","0.0","0.0","0.0","0.0","0.026888271369377863","0.0","0.0","0.0","0.0","0.0","0.050279240424745644","0.0","0.0","0.0","0.0","0.0","0.0","0.07292079453370034","0.0","0.0","0.0","0.012093248590469811","0.0","0.0","0.0","0.0","0.0","0.0","0.0","0.0","0.0","0.0","0.008793076594262754","0.041538967454822086","0.11092909390016188","0.0","0.0","0.0","0.0","0.0","0.0","0.0","0.0","0.0","0.0","0.0","0.0","0.0","0.0","0.07372196904137814","0.0","0.0963924593812373","0.0","0.0","0.19131313896460192","0.0","0.0","0.0","0.0","0.0","0.0","0.0","0.0","0.0","0.0","0.03682091655210551","0.0","0.08924419864160446","0.0","0.12459603295896542","0.0","0.0","0.0","0.0","0.0","0.0","0.157348483778932","0.06231220523101721","0.0","0.0","0.0","0.06697681329490948","0.0","0.0","0.04968871461671763","0.0","0.0","0.0","0.0","0.0","0.0","0.0521279928576249","0.0","0.0","0.0","0.0","0.0","0.0","0.0","0.07509856400561317","0.0","0.0","0.09298062006970387","0.0","0.0","0.0","0.04223345716412549","0.0","0.0","0.0","0.0","0.0","0.0"
"18","0.0","0.0","0.0","0.0","0.009081330981047445","0.0","0.0","0.0","0.0","0.0","0.0","0.04345434003910287","0.0","0.0","0.0","0.0","0.05008326276073473","0.0","0.0","0.0","0.0969674946962603","0.0","0.0","0.0","0.0","0.0","0.0","0.0","0.0","0.0","0.0","0.0","0.0","0.026678196686454873","0.0","0.06818152278480621","0.0","0.0","0.0","0.0","0.0","0.0","0.06272118269983067","0.0","0.0","0.0","0.0","0.0","0.0","0.0","0.13220793639421644","0.0","0.0","0.03845413099590886","0.0","0.0","0.0","0.0","0.0","0.0","0.0","0.0","0.01945446954951582","0.06239921416214676","0.0","0.0","0.0","0.0","0.0","0.0","0.0283982845407858","0.0","0.0","0.0","0.0","0.0","0.0","0.0","0.0","0.0","0.0","0.0","0.0","0.0","0.0","0.0","0.0","0.10295179439270397","0.0","0.0","0.0","0.09826750590749561","0.0","0.0","0.0","0.0","0.0","0.0","0.0","0.0","0.0","0.0","0.0","0.009572128590251533","0.0","0.0","0.0","0.0","0.0","0.0","0.0","0.0","0.024333054112182294","0.0","0.006959954493166027","0.0","0.0","0.0","0.0","0.0","0.0","0.0","0.0","0.0","0.0","0.0","0.0","0.0","0.0","0.0","0.0","0.04830821277360212","0.0","0.0","0.0","0.0","0.0","0.0","0.0","0.0","0.0","0.0","0.0","0.0","0.0","0.0","0.0","0.029144736867927276","0.0","0.0","0.0","0.0","0.0","0.0","0.0","0.0","0.0","0.0","0.0","0.021693567020181517","0.0","0.0","0.0","0.021589830829266823","0.0","0.0467169296210812","0.0","0.0","0.0","0.0","0.0","0.0","0.0","0.0","0.0","0.0","0.0","0.06125040747353962","0.0","0.0","0.0","0.059442515071712235","0.0","0.0","0.030480523942394238","0.0","0.170478155580587","0.0","0.03342890702705581","0.0","0.0","0.0","0.0","0.0","0.0"
"6","0.0","0.0","0.0","0.0","0.0","0.0","0.0","0.0","0.0","0.0","0.0","0.0","0.0","0.0","0.0","0.0","0.0","0.0","0.0","0.0","0.0","0.0","0.0","0.0","0.0","0.0","0.0","0.0","0.0","0.0","0.0","0.0","0.0","0.0","0.0","0.0","0.0","0.0","0.01782992648339318","0.0","0.0","0.0","0.0","0.0","0.0","0.0","0.10126459230743866","0.0","0.0","0.027723181592329057","0.0","0.0","0.0","0.0","0.0","0.0","0.0","0.0","0.09261279122620206","0.0","0.0","0.0","0.0","0.0","0.0","0.0","0.0","0.0","0.0","0.0","0.0","0.0","0.0","0.0","0.0","0.0","0.0","0.0","0.0","0.02517766522413363","0.0","0.0","0.0","0.0","0.0","0.0","0.0","0.0","0.0","0.0","0.0","0.0","0.0","0.0","0.0","0.0","0.0","0.0","0.0","0.0","0.0","0.0","0.0","0.060928679617401","0.0","0.0","0.061076082590777105","0.0","0.0","0.0","0.0","0.0","0.0","0.0","0.0","0.0","0.0","0.0","0.10972442322467803","0.0","0.0","0.0","0.0","0.0","0.0","0.0","0.0","0.0","0.0","0.0","0.0","0.0","0.0","0.0","0.0","0.0","0.0","0.0","0.0","0.0","0.0","0.0","0.0","0.0","0.0","0.0","0.0","0.0","0.0","0.0","0.0","0.0","0.0","0.0","0.0","0.0","0.0","0.0","0.0","0.0","0.0","0.0","0.0","0.0","0.0","0.02927593270249917","0.0","0.0","0.0","0.0","0.0","0.0","0.0","0.04821015583671035","0.0","0.0","0.0","0.0","0.0","0.0","0.0","0.0","0.0","0.0","0.0","0.0","0.0","0.0","0.0","0.0","0.0","0.0","0.023800406932835545","0.01446140755785431","0.0"
"16","0.0","0.0","0.0","0.0","0.0","0.0","0.0","0.0","0.04516124080873068","0.0","0.0","0.0","0.0","0.0","0.0","0.0","0.0","0.0","0.0","0.009249961585195603","0.0","0.05473369492542219","0.027273768445149154","0.00873105836178335","0.0","0.0","0.0","0.0","0.033913846639437785","0.0","0.0","0.0","0.1275533148053679","0.0","0.013590690590447003","0.0","0.015758951022783147","0.0","0.0","0.0","0.01749109205921224","0.0","0.0","0.0","0.0","0.055743672679136755","0.0","0.0","0.0","0.04754808226347817","0.0","0.008286400401666238","0.0779026125560373","0.0","0.0","0.0","0.0","0.0","0.0","0.09767158280786795","0.0","0.0","0.0","0.0","0.0","0.005711486181515851","0.0","0.02711581888163873","0.04416450113279952","0.0","0.0","0.0","0.017081394086566334","0.0","0.0","0.05810331243696369","0.0","0.015264034015766155","0.048257418383886364","0.0","0.06385928333392575","0.0","0.023997505767830597","0.1103974844443868","0.01648085534006335","0.10294764591379005","0.005809479050093867","0.0","0.0","0.028002613171158146","0.0","0.0","0.0","0.0","0.0","0.0","0.0","0.0","0.04791051094561576","0.0","0.0","0.0","0.0","0.016378923772181028","0.007340327593573697","0.08980146151622638","0.0","0.05861544718963498","0.0","0.0","0.0","0.0","0.0","0.0","0.0","0.0","0.0","0.0923014356833097","0.0","0.0","0.016720057276531627","0.0","0.0","0.0","0.007340327593573697","0.028849471935700553","0.010475581467129794","0.0","0.04666615131127256","0.011126353110825883","0.0","0.0","0.0","0.0","0.019611019371168763","0.0","0.0","0.0","0.013148723765239503","0.0","0.0","0.0","0.0","0.07325221854534297","0.0","0.007340327593573697","0.0","0.0","0.0","0.0","0.0","0.0","0.01527863031712905","0.0","0.03723037076564751","0.0","0.041727673897679465","0.028822441298531697","0.0","0.002154732576134936","0.008115210348441447","0.0","0.0","0.0","0.1103974844443868","0.0","0.0071571613914574745","0.0","0.03985536875308953","0.0","0.0","0.04791051094561576","0.0","0.0","0.0","0.03887452508755975","0.0","0.0","0.0","0.04967506513665113","0.04728190828215867","0.007872239944880432","0.06344511515516531","0.0","0.0","0.0","0.0","0.04745831830078848","0.0","0.0","0.007340327593573697","0.0","0.005942285754708211","0.0","0.0"
"23","0.0","0.0","0.0","0.0","0.0","0.0","0.0","0.0","0.0","0.0","0.0","0.0","0.0","0.0","0.1223141865261985","0.0","0.028490359573639355","0.0","0.0","0.0","0.09094763946166831","0.0","0.0","0.0","0.0","0.17811949781189718","0.0","0.17384276919860658","0.0","0.0","0.0","0.0","0.0","0.05840049457584868","0.0","0.0","0.0","0.0","0.0","0.0","0.0","0.0","0.0","0.03100353074789763","0.0","0.0","0.0","0.0","0.0","0.0","0.0","0.0","0.0","0.021875012903995582","0.0","0.0","0.0","0.06644824694088353","0.0","0.0","0.0","0.0","0.0","0.035496410389338026","0.0","0.0","0.0","0.0","0.0","0.0","0.0","0.06190377219835927","0.0","0.0","0.0","0.0","0.0","0.0","0.086324266284096","0.05195334533710937","0.0","0.0","0.0","0.0","0.0","0.0","0.0","0.0","0.0","0.0","0.0","0.055900443049893014","0.0","0.0","0.0","0.0","0.0","0.14467069178037242","0.0","0.0","0.0","0.0","0.0","0.0","0.0","0.0","0.0","0.0","0.0","0.0","0.0","0.0","0.03943643317774668","0.0","0.0","0.0","0.0","0.0","0.0","0.0","0.0","0.0","0.034399651241678104","0.03503980365003088","0.0","0.0","0.029149591688976458","0.0","0.0","0.0","0.0","0.0","0.0","0.11475061514938192","0.0","0.0","0.0","0.0","0.0","0.0","0.0","0.0","0.07269726989602683","0.0","0.0","0.0","0.0","0.15949982183710545","0.0","0.0","0.0","0.04944187376962994","0.0","0.01868484490214326","0.0","0.0","0.0","0.0","0.0","0.0","0.0","0.0","0.0","0.0","0.0","0.0","0.0","0.0","0.0","0.0","0.0","0.0","0.0","0.0","0.0","0.0","0.0","0.034842900337579176","0.0","0.0","0.0","0.0","0.0","0.0","0.0","0.11325843671779641","0.0","0.0","0.07317828586597577","0.08093214295956126","0.0","0.0","0.0","0.029840674034926986","0.0"
"34","0.0","0.0","0.0","0.0210173189673354","0.06442210304886624","0.0","0.0","0.0","0.0","0.0","0.0","0.15909888435583494","0.08253182250309847","0.023134894843932146","0.0","0.0","0.0","0.0","0.0","0.0","0.0","0.0","0.0","0.0","0.0","0.0","0.0","0.0","0.0","0.0","0.0","0.0","0.0","0.025118826766996987","0.0","0.0","0.0","0.0","0.028709177741188738","0.17535827682683758","0.0","0.0","0.016721639306488612","0.0","0.027005274067153875","0.0","0.0","0.0","0.0","0.0","0.0","0.0","0.07889174967789658","0.0","0.0","0.0","0.015528234532192741","0.0","0.0","0.06803130329413498","0.0","0.0","0.01831733442111612","0.0","0.0","0.0","0.018841238139041993","0.0","0.0","0.00631258943546771","0.1576168049405367","0.0","0.0","0.0","0.0","0.0","0.0","0.0","0.0","0.0","0.0","0.024349692311876735","0.0","0.0","0.0","0.0","0.010019390688470362","0.0","0.0","0.0","0.0","0.0","0.018735579778058273","0.0","0.0","0.0","0.0","0.0","0.0","0.02717251398239376","0.0","0.0","0.0","0.020421058333752226","0.0","0.0","0.0","0.0","0.0","0.0","0.0","0.0","0.0","0.0","0.014083714944519909","0.015478687268810755","0.04133556654629423","0.0","0.0","0.0","0.0","0.0","0.0","0.0","0.0","0.0","0.0","0.0","0.0","0.0","0.0","0.05021332837984903","0.0","0.03591877278741824","0.0","0.0","0.0","0.0","0.0","0.0","0.0","0.0","0.0","0.0","0.0","0.0","0.06981267484441889","0.027441194963783666","0.0","0.052888630271458785","0.0","0.046428285228894924","0.0","0.0","0.0","0.0","0.0","0.0","0.05863284818729642","0.03930024402943843","0.0","0.0","0.0","0.0351215458736939","0.0","0.0","0.01851553183592854","0.0","0.0","0.0","0.0","0.0","0.0","0.0","0.0","0.0","0.0","0.0","0.0","0.0","0.0","0.05596803472998763","0.0","0.0","0.03464741731205411","0.0","0.0","0.0","0.03147495066819848","0.0","0.0","0.0","0.0","0.0","0.0"
"4","0.0","0.0","0.0","0.12557235253734206","0.05576786281007952","0.11029812266554283","0.0","0.10610574714256933","0.0","0.0","0.0","0.08895009181879941","0.07087405468514471","0.06911212547546203","0.0","0.0","0.057400308597229464","0.0","0.0270099496040451","0.0","0.11113421555732324","0.015697002937074753","0.010056609593955466","0.007511905542029902","0.0","0.0","0.017469251164814265","0.0","0.0","0.11173210358712023","0.0","0.0","0.0","0.0","0.0838580081822134","0.04796902534494918","0.0","0.05679895592032029","0.027467663593726592","0.043799163906721165","0.0","0.0","0.0","0.0","0.1385608188084988","0.0","0.148828376089013","0.0","0.0","0.0733404717710725","0.0","0.09287145246874913","0.0","0.04407218827871497","0.0","0.0","0.09277667356095934","0.0","0.0","0.0","0.03359089918239577","0.08428997155368571","0.0","0.07151559127134015","0.0","0.0","0.1615467145630718","0.0","0.0","0.0","0.10871206989758483","0.050368123899066086","0.0","0.10615871905767597","0.0","0.0","0.0","0.0","0.01779387464093653","0.0","0.04131706698430659","0.14548231160762773","0.0","0.0","0.0","0.0","0.07491248261061748","0.0","0.0","0.0","0.0","0.11262415532145674","0.0","0.0","0.0","0.0","0.0","0.023542317598379034","0.0","0.014126416585612043","0.13031013263146923","0.0","0.0","0.029882119343556307","0.016453631303516285","0.0","0.029954412281293995","0.0","0.10381948706804464","0.0","0.10606174518565602","0.0","0.02788805557307619","0.0","0.0","0.18496128621878136","0.1234839786832262","0.0","0.0","0.0","0.0","0.0","0.0","0.0","0.016453631303516285","0.0","0.0","0.0","0.05843987540445117","0.086154620802295","0.0","0.024583948730084508","0.0","0.01867341196209464","0.016872653806090078","0.0","0.04951055590159621","0.0","0.0","0.07355295254659525","0.0","0.0","0.03455728888292043","0.05342160369966372","0.0","0.016453631303516285","0.0","0.0","0.03936666243697132","0.03372049618279595","0.0","0.020114238077859097","0.11480028590247295","0.01520296016937929","0.1398704307728327","0.0","0.0","0.04463612606821329","0.12568101841600507","0.008465329218214497","0.0","0.0","0.1361555267104973","0.0","0.0","0.0","0.06020455827825247","0.0","0.0","0.12799692858160241","0.0","0.0","0.056920048731017636","0.026980749136032715","0.0","0.0","0.08718227641916435","0.07019894665176657","0.10335922275319122","0.03408851321192713","0.0","0.030927783594254406","0.06094915983738955","0.0","0.0","0.0","0.0","0.016312935057181552","0.0","0.0","0.016453631303516285","0.06036088701473832","0.0133198658590801","0.0","0.05713374388750036"
"7","0.0","0.0","0.0","0.0","0.0","0.0","0.0","0.0","0.1671916469049889","0.0","0.0","0.0","0.0","0.0","0.0","0.0","0.0626590272248522","0.0","0.0","0.034244327293544125","0.12131575610649277","0.20262987535115448","0.10097034939678332","0.03232329317328961","0.0","0.0","0.0","0.0","0.0","0.12196841953726519","0.0","0.0","0.12392204956129989","0.0","0.0","0.0","0.058341288410410884","0.0","0.0","0.0","0.06475385607609618","0.0","0.0","0.0","0.0","0.0","0.0","0.0","0.0","0.08181698249147311","0.0","0.0","0.0","0.0481098536349699","0.0","0.0","0.0","0.0","0.0","0.0","0.0","0.0","0.0","0.07806747890356452","0.0","0.0211445204751353","0.0","0.10038560355768922","0.16350161215460937","0.0","0.0","0.0","0.0632371112401779","0.0","0.0","0.09997958845131145","0.0","0.05650905377729021","0.17865402080416887","0.0","0.0","0.0","0.0","0.0","0.061013853857075175","0.0","0.0","0.0","0.0","0.10366860896399833","0.0","0.12294219642581775","0.0","0.0","0.0","0.0","0.0","0.0","0.0","0.0","0.0","0.0","0.0","0.0","0.0","0.0","0.0","0.21700052908672324","0.0","0.0","0.11577857230238178","0.0","0.030443014612745747","0.0","0.0","0.0","0.0","0.0","0.0","0.0","0.061899404497066934","0.0","0.0","0.0","0.0","0.0","0.03878170055589394","0.0","0.2365568170701185","0.14332817356591085","0.0","0.0","0.0","0.0","0.07260204917836272","0.0","0.0","0.0","0.048677953520359606","0.08029149265423677","0.0","0.0","0.0","0.2688860924978674","0.0","0.0","0.0","0.0","0.0","0.0","0.0","0.0","0.18188078362126486","0.0","0.2905153691067353","0.0","0.0","0.10670369861919927","0.0","0.0","0.030043359279757337","0.0","0.14862939004092607","0.0","0.0","0.0","0.0","0.0","0.14754875243698953","0.13972334345741128","0.0","0.0","0.0","0.0","0.0","0.0","0.09516946450592216","0.07663021013133185","0.11282845877843185","0.18314753078619478","0.0","0.0","0.0","0.0","0.0","0.0","0.0","0.0","0.0","0.0","0.0","0.0","0.0","0.0","0.0"
"33","0.0","0.0","0.0","0.0","0.0","0.0","0.0","0.0","0.0","0.0","0.0","0.0","0.0","0.0","0.0","0.0","0.0","0.0","0.0","0.0","0.0","0.0","0.0","0.0","0.0","0.0","0.0","0.0","0.0","0.0","0.0","0.0","0.0","0.0","0.0","0.0","0.0","0.07932496990285233","0.0","0.0","0.0","0.0","0.0","0.0","0.0","0.0","0.0","0.06585881661978571","0.0","0.0","0.0","0.0","0.0","0.0","0.0","0.0","0.0","0.0","0.012064372974740016","0.0","0.0469127825235254","0.0","0.0","0.0","0.09093935920189124","0.0","0.0","0.0","0.0","0.0","0.0","0.0","0.0","0.0","0.0","0.0","0.0696430070977269","0.0","0.0","0.0","0.0","0.0","0.0","0.0","0.0","0.0","0.0","0.0","0.08099628352417737","0.0","0.0","0.03915111398034869","0.03400782816598914","0.07784679220829635","0.0","0.0","0.0","0.0","0.0","0.0","0.0","0.0","0.0","0.0","0.0","0.0","0.0","0.0","0.0","0.0","0.0","0.0","0.0","0.06585881661978571","0.0","0.0","0.0","0.0","0.0","0.0","0.0","0.0","0.0","0.0","0.0","0.0","0.0","0.0","0.0","0.0","0.08400933456276176","0.0","0.0","0.0","0.0","0.0","0.06914604842872718","0.0","0.0","0.0","0.05656392553158901","0.045639750877300767","0.0","0.0","0.0","0.0","0.0","0.0","0.02748958376426162","0.0","0.07028562403528484","0.0","0.0","0.0","0.0","0.08700726347922352","0.0","0.0","0.0","0.0","0.0","0.03987158831519879","0.0","0.0","0.0","0.01377007962024271","0.0","0.0","0.0","0.0","0.0","0.0","0.0","0.0","0.043466623656162925","0.0","0.0","0.0","0.0","0.0","0.0","0.0","0.0","0.07659287459406167","0.0","0.0","0.0","0.0","0.0","0.0","0.0","0.0","0.0","0.0","0.0"
