"","StoreAll","HttpWrapper","TestStoreAll","RecommendSingleEndpoint","AbstractRecommenderTest","DummyRecommenderTest","ResponseWrapper","TrackingFilter","RegistryREST","StoreLargeImages","PopularityBasedRecommenderTest","SlopeOneRecommenderTest","Registry","PreprocessedSlopeOneRecommenderTest","OrderBasedRecommenderTest","RegistryClientHeartbeatDaemon","RegistryClient","LoadBalancedStoreOperations","TestStoreLargeImages","RegistryStartup","ServiceLoadBalancer","StoreImage","TestStoreImage","TestImageScaler","TestDriveStorage","CategoryEndpoint","Product","UserEndpoint","CacheManager","IKeyProvider","StorageRule","RegistrationDaemon","AbstractCacheWrapper","UserRepository","PersistenceCategory","AuthCartRest","TestTimedEntry","ProductServlet","TrainingSynchronizer","PreprocessedSlopeOneRecommender","AbstractEntryWrapper","RetrainDaemon","AuthUserActionsRest","AbstractOperationExecutionWithParameterAspect","RecommenderSelector","CacheManagerEndpoint","TestNoStorage","ProfileServlet","StartupCallback","TestAbstractCache","RandomSessionIdGenerator","AbstractCacheTestInit","Configurator","EndpointClientCollection","ELHelperUtils","InterfaceTests","PopularityBasedRecommender","DatabaseManagementEntity","OperationExecutionWithParametersRecord","MemoryLogStorage","DataBaseActionServlet","RecommenderStartup","User","StartupCallbackTask","IndexServlet","ImageScaler","OrderBasedRecommender","ImageSizePreset","CreatorFactory","RepositoryTest","AbstractRecommender","ProductRepository","TestSimpleEntry","AbstractRecommenderFunctionalityTest","CountedEntry","TestCacheAll","LoginServlet","ImageIDFactory","TestImageDB","NonBalancedCRUDOperations","AbstractCache","DummyRecommender","CachingMode","FirstInFirstOut","TestCountedEntry","AbstractQueueCache","PersistenceOrderItem","AuthStartup","DisplayLogs","DummyEntry","StorageMode","LoadBalancerTimeoutException","CartActionServlet","TimeoutException","TimedEntry","SimpleEntry","LogConsumer","ProductEndpoint","MostRecentlyUsed","OrderItem","IDataStorage","Tracing","LoadBalancerUpdaterDaemon","EMFManager","TestMostRecentlyUsed","LeastFrequentlyUsed","EMFManagerInitializer","LoadBalancedImageOperations","NoStorage","FileWriterDaemon","ConstantKeyProviderTest","RESTClient","ServiceLoadBalancerResult","ErrorServlet","Order","LoadBalancedRecommenderOperations","RecommendEndpoint","AbstractTreeCache","IPayloadCharacterization","WebuiStartup","ImageCreator","ICachable","LocalDateTimeAttributeConverter","LocalDateAttributeConverter","TestFirstInFirstOut","CachingRule","ImageDB","ReadyRest","ImageProvider","TestImageDBKey","AboutUsServlet","DataGenerator","LogReaderStartup","OrderItemEndpoint","TestAbstractEntry","LogReaderDaemon","DataBaseServlet","Category","ImageSize","ConstantKeyProvider","OrderServlet","LoginActionServlet","AbstractPersistenceRepository","ImageProviderEndpoint","CharResponseWrapper","TestLastInFirstOut","TrainEndpoint","OrderEndpoint","CategoryServlet","SlopeOneRecommender","CartServlet","OrderItemRepository","ImageProviderStartup","RestUtil","TestImageProvider","NotFoundException","CacheAll","DriveStorage","IRecommender","PersistenceOrder","ImageDBKey","Reset","ISecurityProvider","OrderItemSet","LastInFirstOut","AbstractUIServlet","PersistenceProduct","HeartbeatInfo","CreatorRunner","BCryptProvider","AbstractEntry","LeastRecentlyUsed","InitialDataGenerationDaemon","DatabaseGenerationEndpoint","StatusServlet","ICacheEntry","ShaSecurityProvider","Service","ShaSecurityProviderTest","SetupController","RandomReplacement","PersistenceUser","IDataCache","UseFallBackException","SessionBlob","AbstractCRUDEndpoint","ISessionIdGenerator","TestLeastFrequentlyUsed","OrderRepository","CategoryRepository","TestLeastRecentlyUsed","DummyData","TestRandomReplacement","LoadBalancedCRUDOperations","DataGeneratorTest"
"41","0.11240728028502477","0.09666322773859547","0.09573975088375497","0.09567294219600526","0.08495216960268168","0.08402949724268008","0.08280601968084471","0.07803314810650311","0.07037446545350849","0.06636486591746202","0.0650173135309367","0.05398692324812032","0.051070986619333555","0.05061022851761204","0.04743971363168154","0.0470340405833601","0.046121068096539194","0.03646242761719603","0.03133156254315777","0.030917773921002707","0.02736664149313111","0.01704514340450783","0.013211817458475729","0.012738005997490157","0.0","0.0","0.0","0.0","0.0","0.0","0.0","0.0","0.0","0.0","0.0","0.0","0.0","0.0","0.0","0.0","0.0","0.0","0.0","0.0","0.0","0.0","0.0","0.0","0.0","0.0","0.0","0.0","0.0","0.0","0.0","0.0","0.0","0.0","0.0","0.0","0.0","0.0","0.0","0.0","0.0","0.0","0.0","0.0","0.0","0.0","0.0","0.0","0.0","0.0","0.0","0.0","0.0","0.0","0.0","0.0","0.0","0.0","0.0","0.0","0.0","0.0","0.0","0.0","0.0","0.0","0.0","0.0","0.0","0.0","0.0","0.0","0.0","0.0","0.0","0.0","0.0","0.0","0.0","0.0","0.0","0.0","0.0","0.0","0.0","0.0","0.0","0.0","0.0","0.0","0.0","0.0","0.0","0.0","0.0","0.0","0.0","0.0","0.0","0.0","0.0","0.0","0.0","0.0","0.0","0.0","0.0","0.0","0.0","0.0","0.0","0.0","0.0","0.0","0.0","0.0","0.0","0.0","0.0","0.0","0.0","0.0","0.0","0.0","0.0","0.0","0.0","0.0","0.0","0.0","0.0","0.0","0.0","0.0","0.0","0.0","0.0","0.0","0.0","0.0","0.0","0.0","0.0","0.0","0.0","0.0","0.0","0.0","0.0","0.0","0.0","0.0","0.0","0.0","0.0","0.0","0.0","0.0","0.0","0.0","0.0","0.0","0.0","0.0","0.0","0.0","0.0","0.0","0.0","0.0","0.0"
"9","0.0","0.0","0.0","0.0","0.0","0.0","0.0","0.0","0.0","0.0","0.0","0.0","0.040554011714330464","0.0","0.0","0.0","0.3307654988885549","0.0","0.0","0.0","0.2658596306234245","0.0","0.0","0.0","0.0","0.028478589459417943","0.027931614818169654","0.027794688196040074","0.0","0.0","0.0","0.0","0.0","0.0","0.0","0.0","0.0","0.0","0.015861115665205684","0.0","0.0","0.0","0.0","0.0","0.0","0.0","0.0","0.0","0.0","0.0","0.0","0.0","0.0","0.02595289217558474","0.0","0.0","0.0","0.0","0.0","0.0","0.0","0.0","0.0","0.04211552983621332","0.0","0.0","0.037879278925442995","0.0","0.0","0.0","0.011140956897614067","0.024743130261282234","0.03956750977742293","0.0","0.045613306312869195","0.0","0.0","0.0","0.0","0.0","0.0","0.0","0.0","0.0","0.07679308356837454","0.0","0.0","0.0","0.0","0.0","0.0","0.06632487544442811","0.0","0.0","0.0","0.0","0.0","0.02312993373261836","0.0","0.0","0.0","0.0","0.0","0.025034064331274343","0.0","0.0","0.0","0.0","0.0","0.0","0.0","0.036520694634305614","0.05269491740401904","0.0","0.0","0.0","0.0","0.0","0.0","0.0","0.0","0.0","0.0","0.0","0.0","0.0","0.0","0.0","0.03391742239475775","0.0","0.0","0.010542336270952822","0.0","0.018345914969116094","0.01634050047859831","0.0","0.0","0.0","0.011113606824855415","0.0","0.0","0.0","0.0","0.0","0.0","0.0","0.0","0.02550113672593621","0.05801460491572125","0.0","0.0","0.0","0.0","0.10157464401859131","0.0","0.0","0.0","0.0","0.0","0.0","0.0","0.0","0.0","0.0","0.0","0.0","0.025651140603530086","0.0","0.0","0.0","0.0","0.0","0.0","0.0","0.05421276469731456","0.0","0.0","0.04134909146322275","0.0","0.0","0.0","0.0","0.0","0.0","0.0","0.01810733353844702","0.0","0.0","0.0","0.0","0.0","0.0","0.0","0.0","0.0"
"27","0.0","0.0","0.0","0.09266088862085142","0.048816655747868656","0.08138401209527375","0.0","0.0","0.0","0.0","0.0629703854531261","0.0522872629110533","0.0","0.07646129244892215","0.045946177886163855","0.0","0.0","0.019924937843533153","0.0","0.0","0.0","0.0","0.0","0.0","0.0","0.0","0.01288703925013903","0.0","0.0","0.0","0.0","0.0","0.0","0.022556353946375746","0.022474778738704654","0.035387689542300614","0.0","0.041913499209177356","0.0","0.03231077341022867","0.0","0.0","0.01501529640169488","0.0","0.38674418809215844","0.0","0.0","0.0","0.0","0.0","0.08024360279717327","0.0","0.0","0.0","0.0","0.0","0.057499763113503966","0.15544349795309492","0.0","0.0","0.0","0.06218744372272578","0.01644824774887686","0.0","0.0","0.0","0.09381739558339165","0.0","0.04681754944489004","0.0","0.20918835390689342","0.037157784196541976","0.0","0.07832832200655737","0.0","0.0","0.0","0.0","0.011583823720648487","0.0","0.0","0.10736426343141071","0.0","0.0","0.0","0.0","0.03842519772424905","0.0","0.0","0.0","0.0","0.0","0.0","0.0","0.0","0.0","0.0","0.017367590055123668","0.0","0.010420918572642674","0.0","0.0","0.0","0.00809279018530815","0.0","0.0","0.0","0.0","0.0","0.0","0.0","0.0","0.0","0.0","0.005884296904331102","0.13646468357683947","0.09111890727467604","0.0","0.0","0.0","0.0","0.0","0.0","0.0","0.0","0.0","0.0","0.0","0.0","0.06355963463189679","0.0","0.22837495536203994","0.0","0.013775410429318864","0.0","0.0","0.0","0.0","0.0","0.0","0.0","0.0","0.0","0.0","0.0","0.0","0.0","0.024642093680222653","0.02904097887564935","0.024334852340244826","0.0","0.014838398542805742","0.0","0.011215111775736681","0.0","0.0","0.0","0.0","0.5187994695089653","0.01834080738578535","0.0","0.0","0.0","0.018253774840086688","0.0","0.0","0.02366975614696588","0.0","0.04828322472176864","0.0","0.0","0.0","0.08182561753161795","0.03878593371747613","0.0","0.0","0.0","0.0","0.0","0.021469777708254124","0.0","0.05025715941388633","0.0","0.0","0.0","0.0","0.10349440265020768","0.0","0.02826502969897031","0.0","0.0","0.0","0.0","0.0","0.08215422498236094"
"38","0.0","0.0921454952579798","0.0","0.0","0.0","0.0","0.07893592912568229","0.07438612642087523","0.06708538628841935","0.0","0.0","0.0","0.048684090790744046","0.0","0.0","0.044835818800277635","0.3159133583294374","0.0","0.0","0.9901156920194046","0.29865427236144365","0.0","0.0","0.0","0.0","0.0","0.0","0.0","0.0","0.0","0.0","0.0","0.0","0.0","0.0","0.0","0.0","0.0","0.0","0.0","0.0","0.0","0.0","0.0","0.0","0.0","0.0","0.0","0.12992448264147863","0.0","0.0","0.0","0.0","0.035639574140154895","0.0","0.0","0.0","0.0","0.0","0.0","0.0","0.13891822535699963","0.0","0.10840602337773007","0.0","0.0","0.0","0.0","0.0","0.0","0.0","0.0","0.0","0.0","0.0","0.0","0.0","0.0","0.0","0.0","0.0","0.0","0.0","0.0","0.0","0.0","0.0","0.1371906242114383","0.0","0.0","0.0","0.09108003453896277","0.0","0.0","0.0","0.0","0.0","0.0","0.0","0.0","0.0","0.0","0.0","0.0","0.0","0.0","0.0","0.0","0.0","0.0","0.0","0.0","0.022552445241929047","0.0","0.0","0.0","0.0","0.0","0.0","0.14940083664617143","0.0","0.0","0.0","0.0","0.0","0.0","0.0","0.0","0.04657679313360317","0.0","0.0","0.0","0.07183010415112487","0.0","0.0","0.0","0.0","0.0","0.0","0.0","0.0","0.0","0.0","0.0","0.0","0.0","0.0","0.0","0.0","0.0","0.0","0.0","0.10674866289206693","0.0","0.0","0.0","0.0","0.0","0.0","0.0","0.0","0.0","0.0","0.0","0.0","0.0","0.0","0.0","0.0","0.0","0.0","0.0","0.0","0.0","0.0","0.0","0.0","0.05678226537764938","0.0","0.0","0.0","0.0","0.0","0.0","0.0","0.0","0.0","0.0","0.0","0.0","0.0","0.0","0.0","0.0","0.0"
"42","0.14534607404389385","0.0","0.18438789879991224","0.0","0.006909840926405947","0.04100875552361109","0.0","0.0","0.0","0.08581181477831355","0.031730275711299924","0.026347135346534302","0.0","0.024699213447378316","0.023151913105147366","0.0","0.0","0.04714704146235918","0.060342344012001815","0.0","0.0","0.022039895183643514","0.025445013570739215","0.006216504810218535","0.08918485181949637","0.0","0.0","0.0","0.0","0.0","0.0","0.0","0.0","0.0","0.0","0.0","0.03214447560652041","0.0","0.0","0.0","0.0","0.0","0.0","0.0","0.0","0.0","0.025433339975505245","0.0","0.0","0.00694949695899818","0.0","0.015869927714123693","0.0","0.0","0.0","0.09090043382129082","0.0","0.0","0.0","0.0","0.0","0.0","0.0","0.0","0.0","0.0","0.0","0.0","0.0","0.014019707723665115","0.0","0.0","0.03441009771585787","0.03946901762450881","0.0","0.04869481683618256","0.0","0.0","0.006708168467829816","0.0","0.0","0.0","0.0","0.0","0.033391759101776775","0.0","0.0","0.0","0.0","0.0","0.0","0.0","0.0","0.0","0.0","0.0","0.0","0.0","0.0","0.0","0.0","0.0","0.0","0.0","0.014057919492641615","0.0","0.01460215392762359","0.0","0.0","0.0","0.062291160600101876","0.041648911080144055","0.0","0.0","0.0","0.0","0.0","0.0","0.0","0.0","0.0","0.0","0.0","0.0","0.014057919492641615","0.0","0.0","0.0","0.0","0.02453816903909198","0.0","0.0","0.0","0.0","0.014210604138535506","0.0","0.0","0.0","0.0","0.0","0.0","0.0","0.0","0.0","0.0","0.014057919492641615","0.0","0.0","0.0","0.0","0.0","0.0","0.0","0.0","0.06066622033257154","0.0","0.0","0.0","0.0","0.0","0.0","0.0","0.0","0.0","0.0","0.0","0.0","0.0","0.0","0.0","0.0","0.0","0.0","0.0","0.0","0.0","0.0","0.0","0.06070221797726659","0.0","0.0","0.0","0.0","0.0","0.0","0.0","0.0","0.013937702338366047","0.0","0.0","0.014057919492641615","0.0","0.011380329597144554","0.0","0.048830371380839385"
"1","0.08219002583841152","0.07067827960354844","0.07000305121648971","0.0699542019981966","0.06211538075620282","0.06144074060018596","0.06054615750765862","0.057056326270537076","0.05145644587540861","0.04852470436690735","0.047539400166091414","0.03947419246732264","0.25085193713526643","0.03700521869226834","0.03468699962554111","0.034390379351134134","0.2448399244415769","0.026660620739062578","0.02290903158986057","0.022606477365077884","0.2314637464708826","0.01246307866611168","0.009660224991931957","0.009313783230133299","0.0","0.0","0.0","0.0","0.0","0.0","0.0","0.0","0.0","0.0","0.0","0.0","0.0","0.0","0.0","0.0","0.0","0.0","0.0","0.0","0.0","0.0","0.0","0.0","0.0","0.0","0.0","0.0","0.0","0.027336591756080685","0.0","0.0","0.0","0.0","0.0","0.0","0.0","0.0","0.0","0.04436095360526651","0.0","0.0","0.0","0.0","0.0","0.0","0.0","0.0","0.0","0.0","0.0","0.0","0.0","0.0","0.0","0.0","0.0","0.0","0.0","0.0","0.0","0.0","0.0","0.0","0.0","0.0","0.0","0.06986104018891995","0.0","0.0","0.0","0.0","0.0","0.0","0.0","0.0","0.0","0.0","0.0","0.0","0.0","0.0","0.0","0.0","0.0","0.0","0.0","0.0","0.01729838258604117","0.0","0.0","0.0","0.0","0.0","0.0","0.0","0.0","0.0","0.0","0.0","0.0","0.0","0.0","0.0","0.0","0.0","0.0","0.0","0.0","0.0","0.0","0.0","0.0","0.0","0.0","0.0","0.0","0.0","0.0","0.0","0.0","0.0","0.0","0.0","0.0","0.0","0.0","0.0","0.0","0.0","0.0","0.0","0.0","0.0","0.0","0.0","0.0","0.0","0.0","0.0","0.0","0.0","0.0","0.0","0.0","0.0","0.0","0.0","0.0","0.0","0.0","0.0","0.0","0.04355365194628808","0.0","0.0","0.0","0.0","0.0","0.0","0.0","0.0","0.0","0.0","0.0","0.0","0.0","0.0","0.0","0.0","0.0"
"25","0.0","0.0","0.0","0.0","0.0","0.0","0.0","0.0","0.0","0.0","0.0","0.0","0.0","0.0","0.0","0.0","0.0","0.0","0.0","0.0","0.0","0.0","0.0","0.0","0.0","0.13565641613415963","0.0","0.13239868475979955","0.04347460293326881","0.08451886079078437","0.0","0.0","0.0620405973042331","0.04447671384891624","0.057791711975988355","0.0","0.0","0.0","0.013144196523043886","0.0","0.0","0.0","0.0","0.0","0.0","0.07147080950363809","0.0","0.0","0.0","0.03256202578120088","0.0","0.010622700944541959","0.0","0.0","0.0","0.0","0.0","0.05060662349267252","0.0","0.0","0.0","0.0","0.0","0.0","0.0","0.0","0.0","0.0","0.0","0.0","0.0","0.047145093052720646","0.0","0.0","0.0","0.032594381406013666","0.0","0.0","0.0","0.036068396044555695","0.06584112279257481","0.0","0.030763380817590058","0.07157482907021391","0.0","0.06714271316899685","0.02470166653605277","0.0","0.0","0.0","0.0","0.0","0.0","0.0","0.0","0.0","0.0","0.11017834714246912","0.061741669283641075","0.0","0.0","0.0","0.0","0.022590122594975635","0.009409814421516083","0.04027973409008615","0.02264530166088736","0.0","0.0","0.0","0.08022459326038865","0.0","0.019491891225908886","0.0","0.0","0.0","0.0","0.060997160147096184","0.0","0.0","0.0","0.0","0.02619873368055719","0.026686356373588006","0.009409814421516083","0.03698387603524903","0.0","0.0","0.03890582872911709","0.0","0.0","0.0","0.0","0.08738989966335176","0.0","0.0","0.0","0.0","0.0","0.05561881151127771","0.0","0.0","0.0812158175659815","0.055859432027094924","0.0","0.009409814421516083","0.0","0.12147346063320114","0.0","0.0","0.0","0.03765335824944235","0.06202324912049898","0.01422952147703616","0.07813183771081819","0.0","0.0498832634511028","0.0","0.0","0.009161692265908718","0.0","0.0","0.10295323229243655","0.0","0.07157482907021391","0.0","0.03043224019446281","0.0","0.0","0.0967815406607008","0.0","0.061741669283641075","0.0","0.0","0.0","0.04987335181551651","0.06376426881882549","0.0","0.07817819896619006","0.027751027120519536","0.03590420170795517","0.033472945076241926","0.0817469334768866","0.0","0.0","0.08625342828414782","0.0","0.009329345820695884","0.05573310477574823","0.06163979195576619","0.009409814421516083","0.0","0.007617541814837534","0.021999160406746668","0.0"
"35","0.0","0.0","0.0","0.0","0.05715756277009741","0.0","0.0","0.0","0.0","0.0","0.04447819235267517","0.0","0.0","0.0","0.5500796569160156","0.0","0.0","0.009544532227557124","0.0","0.0","0.0","0.0","0.011721123971061398","0.0","0.0","0.0","0.0","0.0","0.0","0.0","0.0","0.0","0.0","0.0","0.0","0.0","0.0","0.0","0.0","0.0","0.0","0.0","0.011178117878194383","0.0","0.0","0.0","0.0","0.0","0.0","0.0","0.0","0.0","0.0","0.0","0.0","0.0","0.04061409987555862","0.0","0.0","0.0","0.10421058069637783","0.0","0.0","0.0","0.0","0.0","0.7826860458655459","0.0","0.0","0.0","0.004924558149174838","0.0","0.0","0.0","0.0","0.0","0.0","0.0","0.0","0.0","0.0","0.0","0.0","0.0","0.0","0.0","0.03681321777858217","0.0","0.0","0.0","0.0","0.0","0.05163098231915272","0.0","0.0","0.0","0.0","0.0","0.0","0.019967498807454156","0.0","0.0","0.0","0.0","0.0","0.0","0.0","0.0","0.0","0.0","0.0","0.0","0.0","0.0","0.004380557177644713","0.0","0.0","0.0","0.0","0.0","0.0","0.0","0.0","0.0","0.0","0.0","0.0","0.0","0.0","0.0","0.0","0.029944482698585323","0.0","0.026395033163555598","0.0","0.0","0.1186208206974462","0.0","0.0","0.0","0.028628465764887364","0.0","0.0","0.0","0.0","0.0","0.0","0.01834477459212496","0.0","0.0","0.0","0.04264773347128271","0.0","0.01074462531524695","0.0","0.0","0.0","0.0","0.0","0.02389413285932498","0.0","0.0","0.0","0.027177997879745616","0.0","0.0","0.0","0.0","0.0","0.0","0.0","0.0","0.0","0.03231526027304759","0.0","0.0","0.0","0.0","0.0","0.0","0.0","0.012471292321347175","0.0","0.0","0.016973742849756956","0.0","0.0","0.0","0.02104186459949546","0.0","0.0","0.0","0.0","0.0","0.04039202996152339"
"24","0.0","0.0","0.0","0.05184925378148431","0.0","0.0","0.0","0.0","0.0","0.0","0.0","0.0","0.0","0.0","0.0","0.0","0.02979461272031538","0.03207460808881455","0.0","0.0","0.026206553987686884","0.0","0.0","0.0","0.0","0.12464030501108218","0.0","0.1216471208793206","0.0","0.0","0.0","0.0","0.0","0.03184784562049083","0.02890586679049109","0.0","0.0","0.0","0.009411989003803044","0.0","0.0","0.0","0.0","0.02974758756478649","0.0","0.03952355449107164","0.06730434650328912","0.0","0.0","0.018390480833521582","0.0","0.0","0.0","0.015612294516981179","0.0","0.0","0.0","0.03623720803303484","0.010258120786548756","0.0","0.0","0.07237388510521155","0.0","0.0","0.0","0.0","0.0","0.0","0.0","0.0","0.0","0.033758556228031866","0.0","0.0","0.0","0.0","0.0","0.0","0.0","0.6556201371206802","0.0","0.0","0.0","0.0","0.0","0.0","0.012355112142913145","0.07147383612679155","0.0","0.0","0.0","0.0","0.0","0.0","0.0","0.0","0.0","0.1012312073752052","0.0","0.0","0.0","0.0","0.11961455799931482","0.01617580694915204","0.0","0.0","0.016215318284872767","0.03567395781371316","0.0","0.0","0.0","0.03004890019312143","0.038687728167539265","0.0","0.0","0.09557408156732644","0.05098642391513906","0.0","0.0","0.0","0.0","0.0","0.018759776824902957","0.019108942284865815","0.0","0.0","0.0","0.0","0.0","0.0","0.0","0.0163402849780366","0.0","0.0802933179228022","0.0","0.0","0.0","0.0","0.0","0.0","0.0","0.0","0.05815512424253333","0.031692547529013675","0.0","0.0","0.04950698135400987","0.11160909019666598","0.0","0.0","0.0","0.026961936637108257","0.0","0.010189143127649236","0.0","0.0","0.0","0.0","0.0","0.004582433140652791","0.0","0.0","0.0","0.0","0.0","0.0","0.015221391634199407","0.0","0.0","0.0","0.0","0.0","0.0","0.025600174802963213","0.0","0.0","0.0","0.0","0.0","0.005638595242158799","0.0","0.01674227079241541","0.0","0.0","0.0","0.11561914111879652","0.0","0.0","0.0399080589199582","0.04413758140843963","0.0","0.0","0.0","0.39988172871879535","0.0"
"32","0.0","0.0","0.0","0.07162192252394045","0.0764120662425734","0.03465995270174641","0.0","0.08222959417820558","0.0","0.0","0.06771713160620116","0.0853970014783123","0.0","0.10343185888933266","0.08130225366091416","0.0","0.0","0.0","0.0","0.0","0.0","0.0","0.010777970276058303","0.0","0.0","0.0","0.0","0.0","0.0","0.0","0.0","0.0","0.0","0.01921267189408167","0.0","0.0","0.0","0.0","0.02335104017934498","0.052770847259159544","0.0","0.0","0.01278947669663169","0.0","0.07699623188508779","0.0","0.0","0.0","0.0","0.0","0.0","0.0","0.0","0.0","0.0","0.0","0.08179028841067508","0.0","0.0","0.0","0.07399314090346147","0.026484487586442836","0.01401001190099317","0.0","0.0","0.0","0.09299231956272734","0.0","0.0","0.009656335442989458","0.07710369422969823","0.0","0.0","0.03335859053957972","0.0","0.0","0.0","0.0","0.0","0.0","0.0","0.08298684668122247","0.0","0.0","0.0","0.0","0.015326447999084126","0.0","0.0","0.0","0.0","0.0","0.028660704439208737","0.0","0.0","0.0","0.0","0.0","0.0","0.041565346716617144","0.0","0.0","0.0","0.0068931407490594185","0.0","0.0","0.0","0.0","0.0","0.0","0.0","0.0","0.0","0.0","0.005012027476561157","0.08179885773153568","0.10205424108002602","0.0","0.0","0.0","0.0","0.0","0.0","0.0","0.0","0.0","0.0","0.0","0.0","0.0","0.0","0.041384947093585846","0.0","0.05494522451806664","0.0","0.0","0.10907586019525259","0.0","0.0","0.0","0.0","0.0","0.0","0.0","0.0","0.0","0.0","0.02098922821422616","0.0","0.05663590609978143","0.0","0.07102212832986297","0.0","0.0","0.0","0.0","0.0","0.0","0.1032075409257526","0.03551771454478584","0.0","0.0","0.0","0.038177926660089366","0.0","0.0","0.028323077685183017","0.0","0.0","0.0","0.0","0.0","0.0","0.029714975760507654","0.0","0.0","0.0","0.0","0.0","0.0","0.0","0.04280719820424258","0.0","0.0","0.04946675188540167","0.0","0.0","0.0","0.02407511173897166","0.0","0.0","0.0","0.0","0.0","0.0"
"10","0.0","0.0","0.0","0.0","0.0","0.0","0.0","0.0","0.0","0.06880706158378769","0.03466846216794493","0.0","0.0","0.0","0.02529575320757487","0.0","0.0","0.0","0.01624227461036809","0.0","0.0","0.09527544104882857","0.08149438578981927","0.015275622297890075","0.0","0.0","0.0","0.0","0.0","0.05954608023640868","0.02628322768740592","0.0","0.05693883932599994","0.0","0.0","0.0","0.026329203913309892","0.0","0.0","0.0","0.032911606525394876","0.0","0.0","0.015623430432705305","0.0","0.0","0.0","0.0","0.0","0.03984582213681903","0.0","0.0","0.0","0.0","0.0","0.0","0.03165660092155823","0.0","0.0","0.0","0.06272074230138841","0.0","0.0","0.0","0.0","0.010316724275231193","0.03599230185356639","0.03381243568368367","0.0797752601848326","0.0","0.0","0.0","0.02818495129701115","0.0","0.0","0.039885415388175034","0.0","0.027575510896641786","0.07692426925574106","0.0","0.0","0.0","0.022366076654260048","0.0","0.027350840784488135","0.0","0.0","0.0","0.0","0.047513534799332124","0.02201403020599537","0.0","0.0","0.0","0.0","0.0","0.0","0.0","0.0","0.0","0.0","0.0","0.0","0.0","0.0","0.0","0.0","0.09460472427561756","0.0","0.0","0.05652063956518953","0.0","0.0","0.0","0.0","0.0","0.0","0.0","0.0","0.0","0.030201177079998063","0.0","0.0","0.0","0.0","0.02688859885981904","0.018860027674046414","0.0","0.47452175356560583","0.06993644532109329","0.0","0.0","0.0","0.0","0.03491927185325718","0.0","0.09245882571108242","0.0","0.015833013947792702","0.03918512604071149","0.0","0.0","0.0","0.5568968790346176","0.0","0.0","0.0","0.0","0.0","0.0","0.0","0.0","0.5715582343981277","0.0","0.7862572684770722","0.0","0.0","0.05148292192263619","0.0","0.0","0.014658943896071034","0.0","0.07253364957033936","0.0","0.0","0.0","0.0","0.0","0.07051946839371567","0.06818550713610318","0.0","0.0","0.0","0.025188082495354865","0.0","0.0","0.08106510631124128","0.0","0.05507889321771671","0.29021476292451565","0.0","0.0","0.0","0.0","0.0","0.0","0.0","0.0","0.0","0.0","0.0","0.0","0.0","0.0","0.0"
"11","0.0","0.0","0.0","0.0","0.0","0.0","0.0","0.0","0.0","0.09743402781851042","0.0","0.0","0.0","0.0","0.0","0.0","0.0","0.040742080970142196","0.02299982298031123","0.0","0.0","0.36467072002497025","0.2523534007334001","0.09703013988014826","0.0","0.0","0.02635113849376317","0.0","0.0","0.0","0.0","0.0","0.09009780222569869","0.0","0.045955940357200444","0.07235998044262944","0.0372833881796388","0.0857038145831169","0.0","0.0","0.04660437914271808","0.0","0.0","0.0","0.025693692230429308","0.0","0.0","0.0","0.0","0.07062410435874114","0.0","0.0","0.0","0.0","0.0","0.0","0.0","0.0","0.0","0.0","0.0","0.0","0.0","0.0","0.0","0.014608965662699116","0.05815848788172991","0.5744569008292795","0.12433787199000856","0.0","0.06306335671744288","0.07597943161955362","0.03991121355171195","0.0","0.0","0.05647961972263549","0.0","0.039048217348175415","0.6440479562052975","0.0","0.020099674958096742","0.0","0.0","0.03277505163509013","0.03873007392722856","0.010248509239075068","0.07857101132604963","0.0","0.0","0.0791346536570044","0.0","0.0","0.0","0.0","0.0","0.0","0.0","0.035512871650525184","0.03769642531404227","0.02130846839292224","0.0","0.0","0.0","0.0","0.028725848416092603","0.02459282370259346","0.0","0.15494353298399763","0.0","0.0","0.0","0.0","0.0","0.0","0.0","0.0","0.0","0.009310466167064432","0.0","0.0","0.0819447693163522","0.02612675529172677","0.0","0.0","0.028725848416092603","0.0","0.20972255573500106","0.0","0.10511479591909044","0.23044213580983897","0.0","0.027390413760943984","0.0","0.028167660622861433","0.06106246468771658","0.0","0.0","0.0","0.5242577959904047","0.0","0.0","0.0","0.0","0.1557361139585055","0.0","0.028725848416092603","0.0","0.0","0.059382364055299265","0.0","0.0","0.030341235673889126","0.027928810782795473","0.02293241743810807","0.07036488228141922","0.0","0.0","0.07290223316221729","0.050610649934242066","0.0","0.020757752394651014","0.0","0.0","0.0","0.03277505163509013","0.0","0.04839940425692201","0.0","0.4030407823397063","0.0","0.014848805731176364","0.03769642531404227","0.0","0.0","0.0","0.0","0.0","0.0","0.0","0.12916369651070028","0.017537071139770433","0.0","0.03565046806218531","0.0","0.0","0.0","0.0","0.02848019757476138","0.0","0.0","0.028725848416092603","0.03161676890108671","0.027905377301714846","0.0","0.0"
"17","0.0","0.0","0.0","0.0","0.0","0.0","0.0","0.0","0.0","0.051775114187765994","0.0","0.0","0.0","0.0","0.0","0.0","0.0","0.009989075359252956","0.01222179240421166","0.0","0.036727076721876396","0.059840610730046526","0.03607559087619283","0.011494417441432987","0.3494628672676231","0.0","0.0","0.0","0.046094936091388566","0.0","0.0","0.0","0.10862461004114435","0.0","0.01847374910378986","0.0","0.019811884241337674","0.0","0.0","0.0","0.024764931777825558","0.0","0.0","0.0","0.0","0.07577855056035353","0.02201809240228719","0.0","0.0","0.07052363790691679","0.0","0.011262960167990154","0.0","0.0","0.0","0.0","0.0","0.0","0.0","0.0","0.0","0.0","0.0","0.0","0.0","0.007763005207588293","0.0","0.02544277692134002","0.060028332998914836","0.0","0.0","0.0","0.021208274822234384","0.0","0.0","0.06457143387654019","0.0","0.020749690403811895","0.05788305346648994","0.0","0.06980954724227104","0.0","0.03261757387223231","0.07588883967054795","0.020580633326768013","0.07118958802862235","0.00789615629005973","0.0","0.0","0.03575241600317725","0.0","0.020736425455195714","0.0","0.0","0.0","0.0","0.0","0.0","0.06546300846435579","0.0","0.0","0.0","0.050164735036568174","0.0","0.009976969658754225","0.04270750376974274","0.0","0.4535308857663164","0.0","0.0","0.0","0.0","0.030807438883321096","0.0","0.0","0.02976487508510965","0.0","0.06467362572700985","0.0","0.0","0.022725420268350362","0.0","0.0","0.0","0.009976969658754225","0.039212995340598536","0.014191567899162514","0.0","0.05585656965420757","0.015123823155424349","0.0","0.0","0.0","0.0","0.026275635755124614","0.0","0.0","0.0","0.011913836839046317","0.0","0.0","0.0","0.0","0.09061507280481643","0.0","0.009976969658754225","0.0","0.0","0.0","0.0","0.0","0.0","0.014840989331789","0.0","0.03739093924881416","0.0","0.05288986409692771","0.08799668203766492","0.0","0.0029286345480966365","0.011030386658307191","0.0","0.0","0.0","0.07588883967054795","0.0","0.009727996468634816","0.0","0.05306364556927202","0.0","0.0","0.06546300846435579","0.0","0.0","0.0","0.05287935505997086","0.0","0.0","0.0","0.06666869347295937","0.03806824609027153","0.01069999084575234","0.08667404461561022","0.0","0.0","0.0","0.0","0.009891650995398888","0.0","0.0","0.009976969658754225","0.0","0.008076671882831963","0.005795040459477212","0.0"
"8","0.07882945645367007","0.0","0.06714078041955464","0.0","0.0","0.0","0.0","0.0","0.0","0.046540635932379025","0.0","0.0","0.0","0.0","0.0","0.0","0.0","0.025570526595400375","0.021972331675124926","0.0","0.0","0.011953490791211836","0.009265239639068997","0.0","0.0","0.0","0.0","0.0","0.0","0.0","0.0","0.0","0.0","0.0","0.0","0.0","0.0","0.0","0.0","0.0","0.0","0.0","0.0","0.0","0.0","0.0","0.0","0.0","0.0","0.014312158310011517","0.0","0.0","0.0","0.0","0.0","0.0","0.0","0.0","0.0","0.0","0.0","0.0","0.0","0.0","0.0","0.0","0.0","0.0","0.0","0.0","0.0","0.0","0.0","0.0","0.0","0.0","0.0","0.0","0.0","0.0","0.0","0.0","0.0","0.0","0.0","0.0","0.0","0.0","0.0","0.0","0.0","0.0","0.0","0.0","0.0","0.0","0.0","0.0","0.0","0.0","0.0","0.058502624477734966","0.0","0.0","0.0","0.0","0.0","0.0","0.0","0.0","0.0","0.0","0.03664384764554","0.0","0.0","0.0","0.0","0.0","0.0","0.0","0.0","0.0","0.0","0.0","0.0","0.0","0.0","0.0","0.0","0.0","0.0","0.010650374632569758","0.0","0.0","0.0","0.0","0.0","0.0","0.0","0.0","0.0","0.0","0.0","0.0","0.0","0.0","0.0","0.0","0.0","0.0","0.0","0.0","0.0","0.05350167523820036","0.0","0.0","0.0","0.0","0.0","0.0","0.0","0.0","0.0","0.0","0.0","0.0","0.0","0.0","0.0","0.0","0.0","0.0","0.0","0.0","0.05476833967861736","0.0","0.0","0.0","0.0","0.0","0.0","0.0","0.0","0.0","0.0","0.0","0.0","0.0","0.0","0.0","0.0","0.0","0.0","0.0","0.0"
"2","0.0","0.0","0.0","0.0","0.0","0.0","0.0","0.0","0.0","0.11608313165096022","0.0","0.0","0.0","0.0","0.0","0.0","0.05082113434339113","0.0","0.02740204360580715","0.0","0.09958346420054615","0.13416649296528735","0.08088379196770183","0.025771222218187676","0.0","0.0","0.0","0.0","0.0","0.10045909986963232","0.0","0.0","0.09606047154744775","0.0","0.0","0.0","0.04441951703477295","0.0","0.0","0.0","0.0555245677579145","0.0","0.0","0.0","0.0","0.0","0.0","0.0","0.0","0.06722315573986017","0.0","0.0","0.0","0.03960195145119417","0.0","0.0","0.0","0.0","0.0","0.0","0.0","0.0","0.0","0.064264790090874","0.0","0.017405156312190168","0.0","0.0570443401093224","0.13458737834994977","0.0","0.0","0.0","0.04755031441071956","0.0","0.0","0.06728995278806796","0.0","0.04652213868861954","0.12977752384171123","0.0","0.0","0.0","0.0","0.0","0.046143101862938365","0.0","0.0","0.0","0.0","0.08015921314408982","0.0","0.10120623472661439","0.0","0.0","0.0","0.0","0.0","0.0","0.0","0.0","0.0","0.0","0.0","0.0","0.0","0.0","0.0","0.15960589523963753","0.0","0.0","0.09535493440092335","0.0","0.025059806777273336","0.0","0.0","0.0","0.0","0.0","0.0","0.0","0.050951851950867565","0.0","0.0","0.0","0.0","0.0","0.031818406788976045","0.0","0.8005569475354488","0.11798849424085156","0.0","0.0","0.0","0.0","0.05891166311122371","0.0","0.0","0.0","0.026711587447968657","0.06610850747352874","0.0","0.0","0.0","0.9395305109238432","0.0","0.0","0.0","0.0","0.0","0.0","0.0","0.0","0.9642654146629219","0.0","0.999","0.0","0.0","0.08685589335978297","0.0","0.0","0.024730835396589552","0.0","0.12237018989606471","0.0","0.0","0.0","0.0","0.0","0.11897210177381323","0.11503451854181099","0.0","0.0","0.0","0.0","0.0","0.0","0.0757901962881512","0.06309526898192959","0.09292259058026507","0.4896160038834818","0.0","0.0","0.0","0.0","0.0","0.0","0.0","0.0","0.0","0.0","0.0","0.0","0.0","0.0","0.0"
"26","0.0","0.0","0.0","0.0","0.0","0.0","0.0","0.0","0.0","0.0","0.0","0.0","0.0","0.0","0.0","0.0","0.0","0.0","0.0","0.0","0.0","0.0","0.0","0.0","0.0","0.0","0.0","0.0","0.05446937329801506","0.0","0.0","0.0","0.07773072612953276","0.0","0.02183002345752658","0.0","0.0","0.0","0.0","0.0","0.0","0.0","0.0","0.0","0.0","0.08954584838280147","0.0","0.0","0.0","0.040796994519725766","0.0","0.013309192589281869","0.0","0.0","0.0","0.0","0.0","0.0","0.0","0.0","0.0","0.0","0.0","0.0","0.0","0.0","0.0","0.0","0.0","0.0","0.0","0.0","0.0","0.0","0.0","0.040837532914266665","0.0","0.0","0.0","0.0","0.08249240829764501","0.0","0.038543470454103064","0.08967617460132526","0.0","0.08412317217611581","0.00933071441361829","0.0","0.0","0.0","0.0","0.0","0.0","0.0","0.0","0.0","0.0","0.0","0.07735619891492296","0.0","0.0","0.0","0.0","0.0","0.011789565857043867","0.0504665189436089","0.0","0.0","0.0","0.0","0.0","0.0","0.0","0.0","0.0","0.0","0.0","0.0764234026765193","0.0","0.0","0.0","0.0","0.0","0.0","0.011789565857043867","0.046337135105376924","0.0","0.0","0.0","0.0","0.0","0.0","0.0","0.0","0.0","0.0","0.0","0.0","0.0","0.0","0.0","0.0","0.0","0.023934554912386708","0.0","0.011789565857043867","0.0","0.0","0.0","0.0","0.0","0.0","0.0","0.0","0.0","0.0","0.06249879044121385","0.0","0.0","0.0034607031049456415","0.0","0.0","0.0","0.0","0.08967617460132526","0.0","0.011495359708088052","0.0","0.0","0.0","0.0","0.07735619891492296","0.0","0.0","0.0","0.06248637214311987","0.0","0.0","0.0","0.008516656310359555","0.044984410065796426","0.012643944109329409","0.10242081433970085","0.0","0.0","0.0","0.0","0.011688746666962426","0.0","0.0","0.011789565857043867","0.0","0.009544025723765871","0.0","0.0"
"13","0.0","0.0","0.0","0.0","0.0","0.0","0.0","0.0","0.0","0.04657463625543244","0.0","0.0","0.0","0.0","0.0","0.0","0.0","0.03744667803713024","0.01099419179552613","0.0","0.06607615515219634","0.06647463018326911","0.05205391472615691","0.681509469021287","0.0","0.0","0.012596160886929724","0.0","0.0","0.0","0.0","0.0","0.05212112558648443","0.0","0.021967491787364367","0.03458894027087954","0.01782190762011048","0.10931610089473913","0.0","0.0","0.022277453319752755","0.0","0.0","0.0","0.012281893671893682","0.0","0.039613032661059394","0.056739786470606575","0.0","0.05815924528195506","0.0","0.0","0.0","0.0","0.0","0.0","0.0","0.0","0.0","0.0","0.040412382122029994","0.0","0.0","0.0","0.0","0.08447952336033664","0.02780045615380942","0.05917648152890161","0.07030724688536999","0.0","0.030145042403794453","0.036319081431866365","0.01907803972905991","0.0","0.0","0.026997936997193023","0.06000168058752428","0.018665517172316164","0.08697975726399086","0.0","0.0288236585611398","0.0","0.0","0.04700060571243281","0.018513440793668873","0.014696731747335582","0.037557887677071","0.0","0.0","0.04915931591267145","0.0","0.03730716920531057","0.029293918526908116","0.0","0.0","0.0","0.0","0.016975579441198513","0.05405803300265644","0.010185703976123537","0.0","0.0","0.09025201870942018","0.0","0.04119390230691144","0.03526699585618482","0.0","0.5847731099031857","0.0","0.0","0.0","0.0","0.05542605873349044","0.05830240876696638","0.0","0.053550368821974864","0.0","0.01335154416198184","0.0","0.0","0.07662615832234441","0.037466709059184373","0.0","0.0","0.04119390230691144","0.0","0.06449455903787357","0.0","0.05024613571466841","0.07572973763961514","0.0723878455053904","0.013092946954610059","0.0","0.01346448029552778","0.04029294234466152","0.0","0.05957329677693759","0.0","0.050367071868085575","0.0","0.0974577557114452","0.07863098813934391","0.0","0.09674498429324124","0.0","0.04119390230691144","0.0","0.0","0.07574281882332923","0.0","0.060555630605940894","0.014503475291855599","0.013350307201488587","0.010961971136275955","0.03363525937281248","0.0","0.0","0.034848143587613664","0.024192498905300695","0.0","0.009922455110467413","0.0","0.0","0.0","0.04700060571243281","0.021695687210335053","0.023135496896881068","0.0","0.06455266935451225","0.0","0.021293722775537396","0.05405803300265644","0.0","0.0","0.03744310034568482","0.0","0.0","0.0","0.0","0.069677275094518","0.025148792293854402","0.0","0.05112405653880041","0.0","0.0","0.0","0.0","0.040841630143776994","0.0","0.0","0.04119390230691144","0.0453395865112875","0.040017317147728264","0.010425931674697912","0.0"
"19","0.0","0.0","0.0","0.0","0.0","0.0","0.0","0.0","0.0","0.0","0.0","0.0","0.0","0.0","0.0","0.0","0.0","0.0","0.0","0.0","0.0","0.0","0.027661891695213527","0.0","0.0","0.0","0.0","0.0","0.0","0.0","0.0","0.0","0.0","0.0","0.0","0.0","0.0","0.0","0.0","0.0","0.0","0.0","0.0","0.0","0.0","0.0","0.0","0.0","0.0","0.0","0.0","0.0","0.0","0.0","0.0","0.0","0.0","0.0","0.0","0.0","0.0","0.0","0.04897051394945225","0.0","0.0","0.0","0.0","0.0","0.0","0.0","0.0","0.0","0.0","0.0","0.0","0.0","0.0","0.0","0.0","0.0","0.0","0.0","0.0","0.0","0.0","0.0","0.0","0.0","0.0","0.0","0.0","0.0","0.0","0.0","0.0","0.0","0.0","0.0","0.0","0.0","0.0","0.0","0.0","0.024094244001564503","0.0","0.0","0.0","0.0","0.0","0.0","0.0","0.0","0.0","0.0","0.0","0.0","0.0","0.0","0.0","0.0","0.0","0.0","0.0","0.0","0.0","0.0","0.0","0.0","0.0","0.0","0.0","0.0","0.0","0.0","0.0","0.0","0.0","0.0","0.0","0.0","0.0","0.0","0.0","0.0","0.0","0.0","0.0","0.0","0.0","0.0","0.0","0.0","0.0","0.0","0.0","0.0","0.0","0.0","0.0","0.0","0.0","0.0","0.0","0.0","0.0","0.0","0.0","0.0","0.0","0.314560901180232","0.0","0.0","0.0","0.0","0.0","0.0","0.5526603723759616","0.0","0.0","0.0","0.0","0.049876010375342644","0.0","0.0","0.0","0.0","0.0","0.0","0.0","0.0","0.0","0.0","0.0","0.0","0.0"
"36","0.07951211782886485","0.0","0.06772221811499027","0.06839806090906443","0.1169198041017309","0.03309983134293719","0.0","0.0","0.0","0.04694367682543289","0.025610793624406013","0.02126584250618663","0.0","0.019935737843610593","0.06596128571072418","0.0","0.0","0.1300484723772176","0.022162611588654364","0.0","0.0","0.012057007760997147","0.009345476412453747","0.0","0.0","0.0","0.0","0.0","0.0","0.0","0.0","0.0","0.0","0.0","0.0","0.127709156231722","0.11348555367394003","0.0","0.1719156328156612","0.01314117015005871","0.0","0.0","0.06595821233838706","0.0","0.07353046068379876","0.0","0.0","0.0","0.0","0.01443610128911426","0.0","0.0","0.03598124758048367","0.0","0.0","0.0","0.04244371447576652","0.0","0.0","0.0","0.020849308332106305","0.02529236204846872","0.0","0.0","0.0","0.0","0.07218557662049256","0.0","0.0","0.009221682363625182","0.09891553971788145","0.0","0.0","0.03185704637855878","0.0","0.0","0.0","0.0","0.0","0.0","0.0","0.07925142461871408","0.0","0.0","0.0","0.0","0.04696386192645089","0.0","0.0","0.0","0.0","0.0","0.11592956814080968","0.0","0.07085198472003815","0.0","0.0","0.0","0.0","0.05722872941213974","0.0","0.05900925593093987","0.0","0.0","0.0","0.0","0.0","0.0","0.0","0.0","0.0","0.0","0.0","0.0","0.11220124132628659","0.07811690968702102","0.09746055329758448","0.0","0.0","0.0","0.0","0.0","0.08443254170574838","0.0","0.0","0.0","0.0","0.0","0.0","0.0","0.0","0.03309877254504165","0.0","0.07565064734986568","0.0","0.0","0.0","0.0","0.0","0.0","0.025139903805316038","0.0","0.0","0.0","0.0","0.0","0.0","0.016109346283651325","0.0","0.026028496658172983","0.08934229283334066","0.10527609871051184","0.0","0.009435323885947495","0.0","0.0","0.0","0.0","0.09856194055883896","0.15355280592062498","0.0","0.0","0.0","0.04547758997851781","0.0","0.0","0.027048193128238997","0.0","0.0","0.0","0.0","0.0","0.0","0.0","0.0","0.0","0.0","0.0","0.0","0.03585309041425699","0.0","0.010951585455591674","0.0","0.0","0.06214552719126258","0.0","0.0","0.0","0.018477778594918778","0.0","0.0","0.0","0.0","0.0","0.0354700023421998"
"22","0.0","0.0","0.0","0.0","0.0","0.0","0.0","0.0","0.0","0.0","0.0","0.0","0.0","0.0","0.0","0.0","0.04102253095917651","0.0","0.0","0.0","0.08038320663183293","0.009158088751043835","0.007098502721620534","0.005277364006781471","0.0","0.0","0.0","0.0","0.0","0.0","0.0","0.0","0.0","0.0","0.07746086993912209","0.0","0.0","0.0","0.032417111743250744","0.0","0.0","0.0","0.0","0.0","0.0","0.0","0.1079553519675064","0.0","0.0","0.05309659304169106","0.0","0.06736211735175665","0.0","0.031966470257696646","0.0","0.0","0.0","0.053240544921092266","0.0","0.0","0.024366392680225626","0.0","0.0","0.05187417351361596","0.0","0.0","0.0","0.0","0.0","0.0","0.0","0.0","0.0","0.0","0.0","0.0","0.0","0.0","0.0","0.0","0.029822906509906905","0.0","0.0","0.0","0.0","0.0","0.03310877136887282","0.0","0.0","0.0","0.0","0.08169309778253941","0.0","0.0","0.0","0.0","0.0","0.0","0.0","0.0","0.09452456869130461","0.0","0.0","0.043347327631801","0.011934159243108582","0.0","0.04345320864410786","0.0","0.07530983255191441","0.0","0.0","0.0","0.020228133681659193","0.0","0.0","0.0","0.0","0.0","0.0","0.0","0.0","0.0","0.05512459678711425","0.056150600740790785","0.011934159243108582","0.0","0.0","0.0","0.0","0.0","0.0","0.016310378831845686","0.0","0.0","0.012063777489893186","0.0","0.03591934615829482","0.0","0.0","0.0","0.0","0.0","0.04996271553203074","0.0","0.0","0.011934159243108582","0.0","0.0","0.0","0.0","0.0","0.0","0.0","0.0","0.0","0.0","0.0","0.03201502399550551","0.0","0.012279834404744314","0.0","0.0","0.0","0.0","0.0","0.0","0.040789720862376165","0.0","0.0","0.0","0.0","0.0","0.09733940810843683","0.07270851943011958","0.0","0.0","0.0","0.050930142717787764","0.0","0.015110098439805163","0.0","0.04486531643339174","0.04443298141618634","0.0","0.0","0.0","0.0","0.011832103553884515","0.0","0.0","0.011934159243108582","0.04378397571328737","0.00966107863418017","0.0","0.04145346174902337"
"28","0.0","0.0","0.0","0.0","0.18411892947683028","0.0","0.0","0.0","0.0","0.0","0.0","0.0","0.0","0.0","0.03784649609291649","0.0","0.0","0.018862002160507454","0.0","0.0","0.0","0.0","0.0","0.0","0.0","0.0","0.0","0.0","0.0","0.0","0.0","0.0","0.0","0.0","0.0","0.0","0.0","0.0","0.0436448027412772","0.0","0.0","0.0","0.022090310823212896","0.0","0.0","0.0","0.10103578982876535","0.0","0.0","0.027607381289332034","0.0","0.0","0.0","0.0","0.0","0.0","0.0","0.0","0.0","0.0","0.04692013534792652","0.0","0.0","0.0","0.0","0.0","0.053850245149773324","0.0","0.0","0.0","0.009731962157463882","0.0","0.0","0.0","0.0","0.0","0.0","0.0","0.0","0.0","0.027911362052015838","0.0","0.0","0.0","0.0","0.0","0.07275065731037604","0.0","0.0","0.0","0.0","0.0","0.10203367507537205","0.0","0.0","0.0","0.0","0.0","0.0","0.03945997526821973","0.11058234123982942","0.0","0.0","0.0","0.0","0.0","0.0","0.0","0.11747122421568273","0.0","0.0","0.0","0.0","0.0","0.008656901876280714","0.0","0.0","0.0","0.0","0.0","0.0","0.0","0.0","0.0","0.0","0.0","0.0","0.0","0.0","0.0","0.0","0.059176592827174676","0.0","0.05216213437052611","0.0","0.0","0.0","0.0","0.0","0.0","0.05657586670934494","0.0","0.0","0.0","0.0","0.0","0.2295712877096201","0.036253131085005004","0.0","0.0","0.0","0.08428088686772324","0.0","0.021233638388782745","0.0","0.0","0.0","0.0499382874003069","0.0","0.04721982962295389","0.0","0.0","0.0","0.05370943724679887","0.0","0.0","0.0","0.0","0.0","0.0","0.0","0.0","0.0","0.0","0.0","0.0","0.0","0.0","0.0","0.06051394468640043","0.0","0.024645895377711696","0.0","0.0","0.033543684139872895","0.0","0.0","0.0","0.04158314792954198","0.0","0.0","0.0","0.0","0.0","0.07982314253199752"
"5","0.08217226246201993","0.0","0.06998792175844862","0.0","0.0","0.0","0.0","0.0","0.0","0.04851421693148963","0.0","0.0","0.0","0.0","0.0","0.0","0.0","0.026654858693897235","0.0229040803595045","0.0","0.0","0.012460385074582955","0.009658137169099336","0.0","0.0","0.0","0.0","0.0","0.0","0.0","0.0","0.0","0.0","0.0","0.0","0.0","0.0","0.1121407160775655","0.0","0.0","0.0","0.0","0.0","0.0","0.0","0.0","0.0","0.0930938725783363","0.0","0.0","0.0","0.0","0.040960350553354674","0.0","0.0","0.0","0.0","0.0","0.0","0.0","0.0663052398655789","0.0","0.0","0.0","0.07815229071513424","0.0","0.0","0.0","0.0","0.0","0.0","0.0","0.0","0.0","0.0","0.0","0.09844571427836935","0.0","0.0","0.0","0.0","0.0","0.0","0.0","0.0","0.0","0.0","0.0","0.0","0.0","0.0","0.0","0.04806299932194645","0.0","0.0","0.0","0.0","0.0","0.0","0.0","0.0","0.0","0.0","0.0","0.0","0.0","0.0","0.0","0.0","0.1326679384421283","0.0","0.0","0.0","0.09565769190149759","0.0","0.0","0.0","0.0","0.0","0.0","0.0","0.0","0.0","0.0","0.0","0.0","0.0","0.0","0.0","0.058026470152034","0.05938394630009846","0.0","0.07663046534969352","0.0","0.0","0.0","0.09774285812824898","0.0","0.0","0.0","0.07995024705170446","0.06450555814432642","0.0","0.0","0.0","0.0","0.0","0.0","0.03884996753021866","0.0","0.09935458890827223","0.0","0.0","0.0","0.0","0.0","0.0","0.02972663829877901","0.0","0.0","0.0","0.0","0.0","0.0","0.0","0.008899115005062075","0.0","0.0","0.0","0.0","0.0","0.0","0.0","0.0","0.061433491899459014","0.0","0.0","0.0","0.0","0.0","0.0","0.0","0.0","0.0","0.0","0.0","0.0","0.0","0.0","0.0","0.0","0.0","0.0","0.0","0.0"
"29","0.0","0.0","0.0","0.05340658857674348","0.1059227934877301","0.025845017402497374","0.0","0.0","0.0","0.0","0.05049488843420403","0.016604799702957956","0.0","0.0678591579669503","0.07375629981212183","0.0","0.0","0.04397500404820852","0.0","0.0","0.0","0.0","0.00803684966754991","0.0","0.0","0.0","0.0","0.0","0.0","0.0","0.0","0.0","0.0","0.04297915612210225","0.0","0.09971789073696892","0.0","0.0","0.017412258031476696","0.010260891292726091","0.0","0.0","0.036274857144254206","0.0","0.057414070068726564","0.0","0.0","0.0","0.0","0.011271999702227632","0.05096571813894312","0.0","0.0","0.0","0.0","0.0","0.06098887224455633","0.09872798861279312","0.0","0.0","0.07145430531173078","0.01974878755484717","0.03134069493742725","0.0","0.0","0.0","0.08802598761665383","0.0","0.029735579482833906","0.0072004759993754925","0.28945771524428726","0.0","0.0","0.02487462578028218","0.0","0.0","0.0","0.0","0.0","0.0","0.0","0.06188111435439168","0.0","0.0","0.0","0.0","0.03667033273378303","0.0","0.0","0.0","0.0","0.0","0.09052015023945306","0.0","0.0","0.0","0.0","0.0","0.0","0.044685348763723196","0.0","0.046075619861700154","0.0","0.015420102631155166","0.0","0.0","0.0","0.0","0.0","0.0","0.0","0.0","0.0","0.0","0.014215638765205737","0.060995262162300154","0.07609917011164974","0.0","0.0","0.0","0.0","0.0","0.0","0.0","0.0","0.0","0.0","0.0","0.0","0.0","0.0","0.49395236523216884","0.0","0.05906955467568168","0.0","0.0","0.0813350072689692","0.0","0.0","0.0","0.019629745076756834","0.0","0.0","0.0","0.0","0.0","0.0","0.059531853655882996","0.0","0.020323576338550347","0.06976026823621291","0.08220170595584574","0.0","0.007367291618618653","0.0","0.0","0.0","0.0","0.07695915554901014","0.06616603986641911","0.0","0.0","0.0","0.07029079016753738","0.0","0.0","0.02111977595482859","0.0","0.030666484756783588","0.0","0.0","0.0","0.05197051496058089","0.04679207729452648","0.0","0.0","0.0","0.0","0.0","0.010851754620484117","0.0","0.10431183317807653","0.0","0.0","0.048524483859289334","0.0","0.06573317212290701","0.0","0.06828436063323508","0.0","0.0","0.0","0.0","0.0","0.07987492069256864"
"21","0.0","0.0","0.0","0.0","0.0","0.0","0.0","0.0","0.0","0.0","0.0","0.0","0.0","0.0","0.0","0.0","0.0","0.0","0.0","0.0","0.0","0.0","0.01309593577465588","0.0","0.0","0.0","0.0","0.0","0.0","0.0","0.0","0.0","0.0","0.0","0.0","0.0","0.0","0.0","0.0","0.0","0.0","0.0","0.07685428034383726","0.0","0.0","0.0","0.0","0.0","0.0","0.0","0.12450382953878114","0.0","0.0","0.0","0.0","0.0","0.0","0.0","0.0","0.0","0.0","0.0","0.0","0.0","0.0","0.0","0.0","0.0","0.0","0.0","0.0","0.0","0.0","0.0","0.0","0.0","0.0","0.0","0.0","0.0","0.0","0.0","0.0","0.0","0.0","0.0","0.0","0.0","0.0","0.0","0.0","0.0","0.0","0.0","0.0","0.0","0.0","0.0","0.0","0.0","0.0","0.0","0.0","0.0","0.0","0.0","0.0","0.0","0.0","0.0","0.0","0.0","0.0","0.0","0.0","0.0","0.0","0.0","0.0","0.0","0.0","0.0","0.0","0.0","0.0","0.0","0.0","0.0","0.0","0.0","0.0","0.012397621582338028","0.0","0.0","0.0","0.0","0.0","0.0","0.0","0.06140244142055107","0.0","0.0","0.0","0.0","0.0","0.0","0.0","0.0","0.0","0.0","0.0","0.0","0.0","0.0","0.0","0.0","0.0","0.0","0.0","0.0","0.0","0.0","0.0","0.0","0.0","0.44692289320826056","0.0","0.0","0.0","0.0","0.0","0.0","0.0","0.0","0.0","0.0","0.03877098611647468","0.0","0.0","0.0","0.0","0.0","0.0","0.0","0.3409962165666715","0.0","0.16057914919833774","0.0","0.0","0.0","0.0","0.0","0.0","0.0","0.0"
"20","0.055469056644110386","0.0","0.047244214533064495","0.0","0.0","0.0","0.0","0.0","0.0","0.03274873742537218","0.0","0.0","0.0","0.0","0.0","0.0","0.0","0.01799293122075003","0.015461028974708127","0.0","0.0","0.00841118139869797","0.01986724079823622","0.0","0.0","0.0","0.0","0.0","0.0","0.0","0.0","0.0","0.0","0.0","0.0","0.0","0.0","0.0","0.0","0.0","0.0","0.0","0.07833160659443181","0.0","0.0","0.0","0.0","0.0","0.0","0.0","0.12689709605372734","0.0","0.0","0.0","0.0","0.0","0.0","0.0","0.0","0.0","0.0","0.0","0.0","0.0","0.0","0.0","0.0","0.0","0.0","0.0","0.0","0.0","0.0","0.0","0.0","0.0","0.0","0.0","0.0","0.0","0.0","0.0","0.0","0.0","0.0","0.0","0.0","0.0","0.0","0.0","0.0","0.0","0.0","0.0","0.0","0.0","0.0","0.0","0.0","0.0","0.0","0.0","0.0","0.0","0.0","0.0","0.0","0.0","0.0","0.0","0.0","0.0","0.0","0.0","0.0","0.0","0.0","0.0","0.0","0.0","0.0","0.0","0.0","0.0","0.0","0.0","0.0","0.0","0.0","0.0","0.0","0.0","0.0","0.0","0.0","0.0","0.0","0.0","0.0","0.06258274573353588","0.0","0.0","0.0","0.0","0.0","0.0","0.0","0.0","0.0","0.0","0.0","0.0","0.0","0.0","0.0","0.0","0.0","0.0","0.0","0.0","0.0","0.0","0.0","0.0","0.0","0.8958545258041289","0.0","0.0","0.0","0.0","0.0","0.0","0.0","0.0","0.0","0.0","0.09017492205150539","0.0","0.12422013546472506","0.0","0.0","0.0","0.0","0.0","0.7384729830581509","0.0","0.16366587112647907","0.0","0.0","0.0","0.0","0.0","0.0","0.0","0.0"
"43","0.05361397722453319","0.04610466579465271","0.04566420262414223","0.04563233743307693","0.040518938583906254","0.040078859126691395","0.039495307083010224","0.03721882972999963","0.03356593076930587","0.031653505011294415","0.031010774017564826","0.025749699362070166","0.19747511442080298","0.024139145010816185","0.022626930566579988","0.022433440024702597","0.02199798703632919","0.017391184617781157","0.014943958045586549","0.0147465966851147","0.013052842218086882","0.008129882049996826","0.006301532058397953","0.006075542097484472","0.0","0.0","0.0","0.0","0.0","0.0","0.0","0.0","0.0","0.0","0.0","0.0","0.0","0.0","0.0","0.0","0.0","0.0","0.0","0.0","0.0","0.0","0.0","0.0","0.0","0.0","0.0","0.0","0.06852110312714875","0.0","0.0","0.0","0.0","0.0","0.0","0.0","0.0","0.0","0.0","0.0","0.0","0.0","0.0","0.0","0.0","0.0","0.0","0.0","0.0","0.0","0.0","0.0","0.0","0.0","0.0","0.0","0.0","0.0","0.0","0.0","0.0","0.0","0.0","0.0","0.0","0.0","0.0","0.0","0.0","0.0","0.0","0.0","0.09323962646891774","0.0","0.0","0.0","0.0","0.0","0.0","0.0","0.0","0.0","0.0","0.0","0.0","0.0","0.0","0.0","0.0","0.0","0.0","0.0","0.0","0.0","0.0","0.0","0.0","0.0","0.0","0.0","0.0","0.0","0.0","0.0","0.0","0.0","0.0","0.0","0.0","0.0","0.0","0.0","0.0","0.0","0.0","0.0","0.0","0.0","0.03965177007609283","0.0","0.0","0.0","0.0","0.0","0.0","0.0","0.0","0.0","0.0","0.0","0.0","0.0","0.0","0.0","0.0","0.0","0.0","0.0","0.0","0.0","0.0","0.0","0.0","0.0","0.0","0.0","0.0","0.0","0.0","0.0","0.0","0.0","0.0","0.0","0.0","0.0","0.0","0.0","0.0","0.0","0.0","0.0","0.0","0.0","0.0","0.0","0.0","0.0","0.0","0.0","0.0"
"12","0.0","0.0","0.0","0.0","0.0","0.0","0.0","0.0","0.0","0.09099723287207563","0.0","0.0","0.0","0.0","0.0","0.0","0.0","0.019025266186463965","0.021480383133235168","0.0","0.0","0.11752522212715409","0.08255359232083906","0.02376105973791492","0.0","0.0","0.012305150159797338","0.0","0.0","0.07874959931683079","0.0","0.0","0.08856772812584501","0.0","0.021459973995578373","0.03378982752936065","0.03482033158643622","0.04002097700493232","0.0","0.0","0.04352554889353291","0.0","0.0","0.0","0.011998143500702304","0.0","0.0","0.0","0.0","0.07258966534761958","0.0","0.0","0.0","0.0","0.0","0.0","0.0","0.0","0.0","0.0","0.0","0.0","0.0","0.0","0.0","0.01364385194980346","0.027158178635083303","0.08016776668858928","0.1214342588129832","0.0","0.029448597606993896","0.03547999701629377","0.037274554640573984","0.0","0.0","0.05274840036378484","0.0","0.03646857065059455","0.1358363664828758","0.0","0.028157741865426838","0.0","0.0","0.0459147446658158","0.03617144477362122","0.014357191261099043","0.03669018296127921","0.0","0.0","0.07944187016908716","0.0","0.0","0.0","0.0","0.0","0.0","0.0","0.01658339044321558","0.05280912330448219","0.009950382345425512","0.0","0.0","0.0","0.0","0.04024219427687239","0.03445221790915711","0.0","0.1545039208580826","0.0","0.0","0.0747484586931416","0.0","0.0","0.0","0.0","0.0","0.0","0.013043081717765982","0.0","0.0","0.09482635938372332","0.03660111085474381","0.0","0.0","0.04024219427687239","0.0","0.07547571169688863","0.0","0.6275542875711062","0.08727056406135801","0.0","0.012790458914978835","0.0","0.013153408673274445","0.06245239090597197","0.0","0.0","0.0","0.05967300318927981","0.051822268781325447","0.0","0.0","0.0","0.8236393501574707","0.0","0.04024219427687239","0.0","0.0","0.02772969018842032","0.0","0.0","0.014168399634398013","0.7558848838813582","0.010708715305407516","0.999","0.0","0.0","0.06808608487697498","0.023633576487527647","0.0","0.019386430704428838","0.0","0.09592563973940833","0.0","0.0459147446658158","0.0","0.022600994532631615","0.0","0.10969224484036397","0.09017522807319686","0.02080177115600111","0.05280912330448219","0.0","0.0","0.0","0.0","0.0594117167840567","0.0","0.07284175137119485","0.42203580966790133","0.024567776506772006","0.0","0.04994293087671465","0.0","0.0","0.0","0.0","0.03989806070288924","0.0","0.0","0.04024219427687239","0.04429210020518431","0.03909279191614507","0.0","0.0"
"31","0.0","0.0","0.0","0.023948951214604768","0.04872659220433649","0.0","0.0","0.0","0.0","0.0","0.6618709272761688","0.0","0.0","0.03481625235088497","0.04597354097219976","0.0","0.0","0.0","0.0","0.0","0.0","0.0","0.008026313924292322","0.0","0.0","0.0","0.0","0.0","0.0","0.0","0.0","0.0","0.0","0.028615208985846952","0.0","0.0","0.0","0.0","0.017389431788888726","0.0","0.0","0.0","0.019048550379214612","0.0","0.029858971052178718","0.0","0.0","0.0","0.0","0.011257222905376275","0.0","0.0","0.0","0.0","0.0","0.0","0.6440002224241083","0.0","0.0","0.0703581803179155","0.055102413712795416","0.0","0.02086640633074137","0.0","0.0","0.0","0.04851720569643751","0.0","0.0","0.007191036683026431","0.05876546834375517","0.0","0.0","0.0","0.0","0.0","0.0","0.0","0.0","0.0","0.0","0.027749156579232503","0.0","0.0","0.0","0.0","0.011413548175972503","0.0","0.09311597027991872","0.0","0.0","0.0","0.021343518791422898","0.0","0.0","0.0","0.03817980813640912","0.0","0.0","0.030953557355850477","0.0","0.046015217972729006","0.0","0.010266591975890346","0.0","0.0","0.0","0.0","0.0","0.0","0.0","0.0","0.0","0.0","0.007464876019081149","0.017635196997035744","0.04710082749105543","0.0","0.0","0.0","0.0","0.0","0.0","0.0","0.0","0.0","0.0","0.0","0.0","0.0","0.0","0.05633330336669913","0.02624613540794053","0.04091750202747919","0.0","0.06692221419773775","0.08122838280915133","0.0","0.0","0.0","0.0","0.0","0.0","0.0","0.0","0.0","0.0","0.03126119860438208","0.0","0.012579076246415107","0.0","0.052889911824411835","0.0","0.0","0.0","0.0","0.0","0.0","0.05881528889525563","0.0380835713291246","0.0","0.0","0.0","0.04000941612024124","0.0","0.0","0.021092089417650183","0.0","0.0","0.0","0.0","0.0","0.0","0.02212863067885503","0.0","0.0","0.0","0.0","0.0","0.0","0.0","0.0637567189751628","0.0","0.0","0.03683770406467626","0.0","0.0","0.0","0.035857290311635766","0.0","0.0","0.0","0.0","0.0","0.0"
"39","0.0","0.0","0.0","0.0","0.0","0.0","0.0","0.0","0.0","0.0","0.0","0.0","0.028937447262073264","0.0","0.0","0.12452054838546653","0.03416590603054626","0.0","0.0","0.0","0.06694772409216358","0.0","0.0","0.0","0.0","0.0","0.0","0.0","0.0","0.0","0.0","0.0","0.0","0.0","0.0","0.0","0.0","0.0","0.0","0.0","0.0","0.0","0.0","0.0","0.0","0.0","0.0","0.0","0.0","0.0","0.0","0.0","0.0","0.026623501607923216","0.0","0.0","0.0","0.0","0.0","0.0","0.0","0.0","0.0","0.043203773541963655","0.0","0.0","0.0","0.0","0.0","0.0","0.0","0.0","0.0","0.0","0.0","0.0","0.0","0.0","0.0","0.0","0.0","0.0","0.0","0.0","0.0","0.0","0.0","0.0","0.0","0.0","0.0","0.06803867623282545","0.0","0.0","0.0","0.0","0.0","0.0","0.0","0.0","0.0","0.0","0.0","0.0","0.0","0.0","0.0","0.0","0.0","0.0","0.0","0.0","0.016847144688089944","0.0","0.0","0.0","0.0","0.0","0.0","0.0","0.0","0.0","0.0","0.0","0.0","0.0","0.0","0.0","0.03479383120594722","0.0","0.0","0.0","0.0","0.0","0.0","0.0","0.0","0.0","0.0","0.0","0.0","0.0","0.0","0.0","0.0","0.0","0.0","0.0","0.0","0.0","0.0","0.0","0.0","0.0","0.0","0.0","0.0","0.0","0.0","0.0","0.0","0.0","0.0","0.0","0.0","0.0","0.0","0.06655704076802783","0.0","0.0","0.0","0.0","0.0","0.0","0.0","0.0","0.0","0.04241753079423302","0.0","0.0","0.0","0.0","0.0","0.0","0.0","0.0","0.0","0.0","0.0","0.0","0.0","0.0","0.0","0.0","0.0"
"3","0.0","0.0","0.0","0.0","0.0","0.0","0.0","0.0","0.0","0.0","0.0","0.0","0.0","0.0","0.0","0.0","0.054779680866409455","0.0","0.0","0.0","0.10734019338525108","0.0","0.0","0.0","0.0","0.0","0.0","0.09988818118434097","0.0","0.0","0.0","0.0","0.0","0.083888636421968","0.0","0.07568842424471575","0.0","0.0","0.0","0.0","0.0","0.0","0.049910080108094","0.0","0.0","0.0","0.0","0.0","0.0","0.0","0.0","0.0","0.0","0.04268661631055404","0.0","0.0","0.0","0.0","0.0","0.0","0.0","0.0","0.06117216809349137","0.06927048633621595","0.0","0.0","0.0","0.0","0.0","0.0","0.0","0.0","0.0","0.0","0.0","0.0","0.0","0.0","0.0","0.0","0.0","0.0","0.0","0.0","0.0","0.0","0.0","0.11429589661971984","0.0","0.0","0.0","0.10908936432930723","0.0","0.0","0.0","0.0","0.0","0.0","0.0","0.0","0.0","0.0","0.0","0.0","0.0","0.0","0.0","0.0","0.0","0.0","0.0","0.0","0.027011758701750342","0.0","0.0","0.0","0.0","0.0","0.0","0.0","0.0","0.0","0.0","0.0","0.0","0.0","0.0","0.0","0.0","0.0","0.0","0.0","0.0","0.0","0.0","0.0","0.0","0.0","0.0","0.0","0.0","0.0","0.0","0.0","0.0","0.0","0.0","0.0","0.0","0.0","0.0","0.0","0.0","0.0","0.0","0.0","0.0","0.0","0.0","0.0","0.0","0.0","0.0","0.0","0.0","0.0","0.0","0.0","0.0","0.0","0.0","0.0","0.0","0.0","0.0","0.0","0.0","0.0680098691945044","0.0","0.0","0.0","0.0","0.0","0.0","0.0","0.0","0.0","0.0","0.0","0.0","0.0","0.0","0.0","0.0","0.0"
"15","0.0","0.0","0.0","0.0","0.0","0.0","0.0","0.0","0.0","0.06713849357868067","0.0","0.0","0.0","0.0","0.0","0.0","0.0","0.053980315362002325","0.015848400215484646","0.0","0.09525041685907312","0.09582482850167236","0.07503700942333484","0.02015701450386794","0.0","0.0","0.018157678402147888","0.0","0.0","0.0","0.0","0.0","0.07513389554585373","0.0","0.03166668437767251","0.04986081547762916","0.025690721957556107","0.059055600326561576","0.0","0.0","0.03211350161608882","0.0","0.0","0.0","0.017704654415380282","0.0","0.05710316929499141","0.0","0.0","0.08383799487962741","0.0","0.0","0.0","0.0","0.0","0.0","0.0","0.0","0.0","0.0","0.0","0.0","0.0","0.0","0.0","0.010066544197097793","0.04007504721519369","0.08530436616504257","0.10134964055672155","0.0","0.043454826458685314","0.0523548568822698","0.02750146755454055","0.0","0.0","0.03891819594215828","0.0","0.026906806055197754","0.12538347787659887","0.0","0.041550018868809734","0.0","0.0","0.06775253911833203","0.026687584182690068","0.021185703408064558","0.054140626816848725","0.0","0.0","0.07086437342492953","0.0","0.05377920992002045","0.0","0.0","0.0","0.0","0.0","0.02447071889207409","0.07792599563676954","0.014682944966973258","0.0","0.0","0.1301005239279482","0.0","0.059382032107460264","0.0508382494249463","0.0","0.999","0.0","0.0","0.0","0.0","0.0798980386655405","0.0","0.0","0.07719418512626147","0.0","0.019246582132568624","0.0","0.0","0.11045850815171165","0.054009190577219916","0.0","0.0","0.059382032107460264","0.0","0.09297050682428162","0.0","0.0724310511311681","0.10916629549928976","0.0","0.01887380784290211","0.0","0.01940938237077748","0.05808327597099963","0.0","0.0","0.0","0.07260538359648457","0.0","0.0","0.0","0.0","0.1394602948935265","0.0","0.059382032107460264","0.0","0.0","0.040918378897769135","0.0","0.0","0.02090711943321348","0.019244799023331274","0.015801953335850317","0.0484860608042952","0.0","0.0","0.05023446348897778","0.03487408733581506","0.0","0.014303465196492239","0.0","0.0","0.0","0.06775253911833203","0.0","0.03335039271873351","0.0","0.09305427428730816","0.0","0.030695429632365035","0.07792599563676954","0.0","0.0","0.0","0.0","0.0","0.0","0.0","0.10044152059196423","0.0362526079789958","0.0","0.07369659577848031","0.0","0.0","0.0","0.0","0.05887422304518785","0.0","0.0","0.059382032107460264","0.06535813873357","0.05768595541195249","0.015029239154000337","0.0"
"14","0.13624749497817015","0.0","0.11604498565101806","0.0","0.0","0.0","0.0","0.0","0.0","0.6480564546835597","0.0","0.0","0.0","0.0","0.0","0.0","0.0","0.044195664293886924","0.273752942729198","0.0","0.0","0.5124085706769558","0.2268740874012896","0.999","0.0","0.0","0.0","0.0","0.0","0.0","0.0","0.0","0.05496065600407041","0.0","0.0","0.0","0.31731933473472457","0.0","0.0","0.0","0.03176818330326548","0.0","0.0","0.0","0.0","0.0","0.0","0.0","0.0","0.1363148772004364","0.0","0.0","0.0","0.0","0.0","0.0","0.0","0.0","0.0","0.0","0.0","0.0","0.0","0.0","0.0","0.12046982861833949","0.0","0.032637715630815724","0.07700368824785135","0.0","0.0","0.0","0.3396847859337298","0.0","0.0","0.48069867658231025","0.0","0.026617475636437356","0.07425174715492897","0.0","0.0","0.0","0.0","0.0","0.32963209334946053","0.0","0.0","0.0","0.0","0.3334157920395004","0.0","0.0","0.0","0.0","0.0","0.0","0.0","0.0","0.0","0.0","0.0","0.0","0.0","0.0","0.0","0.0","0.0","0.09131794340770633","0.0","0.0","0.0","0.0","0.0","0.0","0.0","0.0","0.0","0.0","0.0","0.0","0.029151920272000368","0.0","0.0","0.0","0.0","0.0","0.018204787900325002","0.0","0.23124217702768018","0.019400674734662133","0.0","0.0","0.0","0.0","0.18643550551161162","0.0","0.0","0.0","0.015282939438052926","0.0","0.0","0.0","0.0","0.09025749307650283","0.0","0.0","0.0","0.0","0.0","0.0","0.0","0.0","0.0190378586027939","0.0","0.04796468742955238","0.0","0.0","0.2057491164098874","0.0","0.0","0.014149659220170257","0.0","0.0","0.0","0.0","0.0","0.0","0.0","0.06806946347793079","0.0","0.0","0.0","0.0","0.0","0.0","0.0","0.0","0.0","0.0","0.16895235035342135","0.0","0.0","0.0","0.0","0.0","0.0","0.0","0.0","0.0","0.0","0.0","0.0","0.0","0.0","0.0"
"40","0.0","0.0","0.0","0.0","0.0","0.0","0.0","0.0","0.0","0.0","0.0","0.0","0.03035537400397955","0.0","0.0","0.13062202008314447","0.03584002577522958","0.0","0.0","0.0","0.0702281436620148","0.0","0.0","0.0","0.0","0.0","0.0","0.0","0.0","0.0","0.0","0.0","0.0","0.0","0.0","0.0","0.0","0.0","0.0","0.0","0.0","0.0","0.0","0.0","0.0","0.0","0.0","0.0","0.0","0.0","0.0","0.0","0.0","0.027928045666394345","0.0","0.0","0.0","0.0","0.0","0.0","0.0","0.0","0.0","0.04532074624178792","0.0","0.0","0.0","0.0","0.0","0.0","0.0","0.0","0.0","0.29197458924423886","0.0","0.0","0.0","0.0","0.0","0.0","0.0","0.0","0.0","0.0","0.0","0.0","0.0","0.0","0.0","0.0","0.0","0.0713725521494088","0.0","0.0","0.0","0.0","0.0","0.0","0.0","0.0","0.0","0.0","0.0","0.0","0.0","0.0","0.0","0.0","0.0","0.0","0.0","0.0","0.017672650019008192","0.0","0.0","0.0","0.0","0.0","0.0","0.0","0.0","0.0","0.0","0.0","0.0","0.0","0.0","0.0","0.036498719106855704","0.0","0.0","0.0","0.0","0.0","0.0","0.0","0.0","0.0","0.0","0.0","0.0","0.0","0.0","0.0","0.0","0.0","0.0","0.0","0.0","0.0","0.0","0.0","0.0","0.0","0.0","0.0","0.0","0.0","0.0","0.0","0.0","0.0","0.0","0.0","0.0","0.0","0.0","0.06981831696535234","0.0","0.0","0.0","0.0","0.08994523559583778","0.0","0.0","0.0","0.0","0.044495977821507784","0.0","0.0","0.0","0.0","0.0","0.0","0.0","0.0","0.0","0.0","0.0","0.0","0.0","0.0","0.0","0.0","0.0"
"37","0.0","0.07571211226665693","0.0","0.0","0.0","0.0","0.0648583624311138","0.06111997921212883","0.055121265384712306","0.0","0.0","0.0","0.13744083900086906","0.0","0.0","0.03683972327752109","0.4295564701359356","0.0","0.0","0.02421655085295094","0.5077160674468223","0.0","0.0","0.0","0.0","0.0","0.0","0.0","0.0","0.0","0.0","0.0","0.0","0.0","0.0","0.0","0.0","0.0","0.0","0.0","0.0","0.0","0.0","0.0","0.0","0.0","0.0","0.0","0.0","0.0","0.0","0.0","0.0","0.058567104791844356","0.0","0.0","0.0","0.0","0.0","0.0","0.09322998851467719","0.0","0.0","0.09504083909391803","0.0","0.0","0.0","0.0","0.0","0.0","0.0","0.0","0.0","0.0","0.0","0.0","0.0","0.0","0.0","0.0","0.0","0.0","0.0","0.0","0.0","0.0","0.0","0.0","0.0","0.0","0.0","0.14967333521749687","0.06758007185933106","0.0","0.0","0.0","0.0","0.0","0.0","0.0","0.0","0.0","0.0","0.0","0.0","0.0","0.0","0.0","0.0","0.0","0.0","0.0","0.0370608082633686","0.0","0.0","0.0","0.0","0.0","0.0","0.0","0.0","0.0","0.0","0.0","0.0","0.0","0.0","0.0","0.0","0.0","0.0","0.0","0.0","0.0","0.0","0.0","0.0","0.0","0.0","0.0","0.0","0.0","0.0","0.0","0.0","0.0","0.0","0.0","0.0","0.0","0.0","0.0","0.0","0.0","0.0","0.0","0.0","0.0","0.0","0.0","0.0","0.0","0.0","0.0","0.0","0.0","0.0","0.0","0.0","0.0","0.0","0.0","0.0","0.0","0.0","0.0","0.0","0.09331124085863315","0.0","0.0","0.0","0.0","0.0","0.0","0.0","0.0","0.0","0.0","0.0","0.0","0.0","0.0","0.0","0.0","0.0"
"30","0.0","0.0","0.0","0.04298428744744069","0.07871495069707611","0.0","0.0","0.0","0.0","0.0","0.054665993277370775","0.0","0.0","0.03124462080787136","0.08251467391693626","0.0","0.0","0.0","0.0","0.0","0.0","0.0","0.014405866118044555","0.0","0.0","0.0","0.0","0.0","0.0","0.0","0.0","0.0","0.0","0.025679712597730386","0.0","0.0","0.0","0.0","0.031211067568813842","0.2916966099801844","0.0","0.0","0.017094451394136526","0.0","0.0535917662151721","0.0","0.0","0.0","0.0","0.0","0.0","0.0","0.0","0.0","0.0","0.0","0.07659028252245847","0.0","0.0","0.0","0.09889944527650932","0.0","0.01872582226416476","0.0","0.0","0.0","0.08708011875403095","0.0","0.0","0.012906685769178876","0.08288094681365336","0.0","0.0","0.0","0.0","0.0","0.0","0.0","0.0","0.0","0.0","0.049805008667702294","0.0","0.0","0.0","0.0","0.020485374545004306","0.0","0.0","0.0","0.0","0.0","0.038307980113588214","0.0","0.0","0.0","0.0","0.0","0.0","0.05555636215473733","0.0","0.0","0.0","0.009213391781602107","0.0","0.0","0.0","0.0","0.0","0.0","0.0","0.0","0.0","0.0","0.006699090362838386","0.031652174248472074","0.08453796117189408","0.0","0.0","0.0","0.0","0.0","0.0","0.0","0.0","0.0","0.0","0.0","0.0","0.0","0.0","0.05531523949893383","0.0","0.07343994536628516","0.0","0.0","0.14579110894134126","0.0","0.0","0.0","0.0","0.0","0.0","0.0","0.0","0.0","0.0","0.028054262892790872","0.0","0.291961292869332","0.0","0.09492838131232668","0.0","0.0","0.0","0.0","0.0","0.0","0.10556342369749389","0.04747307957303377","0.0","0.0","0.0","0.051028726749366315","0.0","0.0","0.03785670722158844","0.0","0.0","0.0","0.0","0.0","0.0","0.0397171221985746","0.0","0.0","0.0","0.0","0.0","0.0","0.0","0.05721622443037995","0.0","0.0","0.0661174030641546","0.0","0.0","0.0","0.03217886370117436","0.0","0.0","0.0","0.0","0.0","0.0"
"18","0.0","0.0","0.0","0.0","0.008173254630413984","0.0","0.0","0.0","0.0","0.0","0.0","0.0","0.0","0.029215283365628716","0.0","0.0","0.04441460058698069","0.0","0.0","0.0","0.08702993045471677","0.0","0.0","0.0","0.0","0.0","0.0","0.0","0.0","0.0","0.0","0.0","0.0","0.02401181582276054","0.0","0.06136711785680283","0.0","0.0","0.0","0.0","0.0","0.0","0.056450563413705766","0.0","0.0","0.0","0.0","0.0","0.0","0.0","0.11902649678535375","0.0","0.0","0.034609712649960184","0.0","0.0","0.0","0.0","0.0","0.0","0.0","0.0","0.017509580515188975","0.05616354338740771","0.0","0.0","0.0","0.0","0.0","0.0","0.0211256388891427","0.0","0.0","0.0","0.0","0.0","0.0","0.0","0.0","0.0","0.0","0.0","0.0","0.0","0.0","0.0","0.0","0.0926695175438401","0.0","0.0","0.0","0.08844813383980153","0.0","0.0","0.0","0.0","0.0","0.0","0.0","0.0","0.0","0.0","0.0","0.008614982185677501","0.0","0.0","0.0","0.0","0.0","0.0","0.0","0.0","0.021900756903200577","0.0","0.006263984589403941","0.0","0.0","0.0","0.0","0.0","0.0","0.0","0.0","0.0","0.0","0.0","0.0","0.0","0.0","0.0","0.0","0.04281915988195428","0.0","0.0","0.0","0.0","0.0","0.0","0.0","0.0","0.0","0.0","0.0","0.0","0.0","0.0","0.0","0.026232139127777335","0.0","0.0","0.0","0.0","0.0","0.0","0.0","0.0","0.0","0.0","0.0","0.019524258664994257","0.0","0.0","0.0","0.0194316102935921","0.0","0.03845497470159526","0.0","0.0","0.0","0.0","0.0","0.0","0.0","0.0","0.0","0.0","0.0","0.05514145260563112","0.0","0.0","0.0","0.05350003189745355","0.0","0.0","0.025604427983339825","0.0","0.15351474453962324","0.0","0.030088847203321244","0.0","0.0","0.0","0.0","0.0","0.0"
"6","0.0","0.0","0.0","0.0","0.0","0.0","0.0","0.0","0.0","0.0","0.0","0.0","0.0","0.0","0.0","0.0","0.0","0.0","0.0","0.0","0.0","0.0","0.0","0.0","0.0","0.0","0.0","0.0","0.0","0.0","0.0","0.0","0.0","0.0","0.0","0.0","0.0","0.0","0.01595339383016509","0.0","0.0","0.0","0.0","0.0","0.0","0.0","0.09114670555521406","0.0","0.0","0.024905252463448005","0.0","0.0","0.0","0.0","0.0","0.0","0.0","0.0","0.08335217234468098","0.0","0.0","0.0","0.0","0.0","0.0","0.0","0.0","0.0","0.0","0.0","0.0","0.0","0.0","0.0","0.0","0.0","0.0","0.0","0.0","0.020657660386785064","0.0","0.0","0.0","0.0","0.0","0.0","0.0","0.0","0.0","0.0","0.0","0.0","0.0","0.0","0.0","0.0","0.0","0.0","0.0","0.0","0.0","0.0","0.0","0.05483623465269061","0.0","0.0","0.054970178689228245","0.0","0.0","0.0","0.0","0.0","0.0","0.0","0.0","0.0","0.0","0.0","0.09876186420492838","0.0","0.0","0.0","0.0","0.0","0.0","0.0","0.0","0.0","0.0","0.0","0.0","0.0","0.0","0.0","0.0","0.0","0.0","0.0","0.0","0.0","0.0","0.0","0.0","0.0","0.0","0.0","0.0","0.0","0.0","0.0","0.0","0.0","0.0","0.0","0.0","0.0","0.0","0.0","0.0","0.0","0.0","0.0","0.0","0.0","0.0","0.02409844269671753","0.0","0.0","0.0","0.0","0.0","0.0","0.0","0.04339249340258658","0.0","0.0","0.0","0.0","0.0","0.0","0.0","0.0","0.0","0.0","0.0","0.0","0.0","0.0","0.0","0.0","0.0","0.0","0.021420769654876454","0.012599705956305688","0.0"
"16","0.0","0.0","0.0","0.0","0.0","0.0","0.0","0.0","0.0","0.03334605083872955","0.0","0.0","0.0","0.0","0.0","0.0","0.0","0.0","0.007871513510781225","0.0","0.0","0.03854067883632526","0.023234685355440272","0.007403043612295364","0.0","0.0","0.0","0.0","0.029687700479753512","0.0","0.0","0.0","0.46808351563965567","0.0","0.0118981210657083","0.0","0.012759954458560645","0.0","0.0","0.0","0.015949992328093646","0.0","0.0","0.0","0.0","0.048805597807215946","0.0","0.0","0.0","0.041546308889780746","0.0","0.0072539722654079795","0.06819696391332204","0.0","0.0","0.0","0.0","0.0","0.0","0.08550511214270798","0.0","0.0","0.0","0.0","0.0","0.004999806767683174","0.0","0.016386562270449476","0.0386615824097784","0.0","0.0","0.0","0.01365930759436324","0.0","0.0","0.04158759184901143","0.0","0.013363953743957269","0.03727990317113695","0.0","0.20525902744660587","0.0","0.02100753023228449","0.455124092779722","0.013255071591321006","0.426941521408756","0.005085563464408598","0.0","0.0","0.023026542777399874","0.0","0.0","0.0","0.0","0.0","0.0","0.0","0.0","0.04216181543109759","0.0","0.0","0.0","0.0","0.014337808736048636","0.0064257229110253325","0.07812792625476353","0.0","0.04584840382170954","0.0","0.0","0.0","0.0","0.0","0.0","0.0","0.0","0.0","0.38786368804112864","0.0","0.0","0.01463643357408507","0.0","0.0","0.0","0.0064257229110253325","0.02525534818570112","0.009140158395992033","0.0","0.03597473497810961","0.009740582589307007","0.0","0.0","0.0","0.0","0.016922969643925215","0.0","0.0","0.0","0.007673173012779974","0.0","0.0","0.0","0.0","0.058361142643671454","0.0","0.0064257229110253325","0.0","0.0","0.0","0.0","0.0","0.0","0.009558421888943255","0.0","0.02408184280534958","0.0","0.03406401173029935","0.024950231738468418","0.0","0.001886203402173588","0.007104182000349279","0.0","0.0","0.0","0.455124092779722","0.0","0.006265370340385049","0.0","0.034175936656058205","0.0","0.0","0.04216181543109759","0.0","0.0","0.0","0.034057243326479726","0.0","0.0","0.0","0.04293834358025015","0.19572003228456866","0.006891388735955848","0.05582290147480525","0.0","0.0","0.0","0.0","0.04154499238574103","0.0","0.0","0.0064257229110253325","0.0","0.005201825537958764","0.0","0.0"
"23","0.0","0.0","0.0","0.0","0.0","0.0","0.0","0.0","0.0","0.0","0.0","0.0","0.10699620065404715","0.0","0.0","0.0","0.025265685007142092","0.0","0.0","0.0","0.08162701080566236","0.0","0.0","0.0","0.0","0.16032184637787092","0.0","0.15647178514358326","0.0","0.0","0.0","0.0","0.0","0.05256359476596051","0.0","0.0","0.0","0.0","0.0","0.0","0.0","0.0","0.0","0.02790364234749572","0.0","0.0","0.0","0.0","0.0","0.0","0.0","0.0","0.0","0.01968807748904805","0.0","0.0","0.0","0.05980806178213621","0.0","0.0","0.0","0.0","0.0","0.03194918736986589","0.0","0.0","0.0","0.0","0.0","0.0","0.0","0.055717146164275186","0.0","0.0","0.0","0.0","0.0","0.0","0.06856334938227651","0.04262645302403329","0.0","0.0","0.0","0.0","0.0","0.0","0.0","0.0","0.0","0.0","0.0","0.05031459609075112","0.0","0.0","0.0","0.0","0.0","0.13021128338871618","0.0","0.0","0.0","0.0","0.0","0.0","0.0","0.0","0.0","0.0","0.0","0.0","0.0","0.0","0.03549442384722025","0.0","0.0","0.0","0.0","0.0","0.0","0.0","0.0","0.0","0.030962260953990985","0.03153854457337494","0.0","0.0","0.026149085053254893","0.0","0.0","0.0","0.0","0.0","0.0","0.10327937644283271","0.0","0.0","0.0","0.0","0.0","0.0","0.0","0.0","0.06521078073662308","0.0","0.0","0.0","0.0","0.14356010610927875","0.0","0.0","0.0","0.04449959750453666","0.0","0.016816773001107992","0.0","0.0","0.0","0.0","0.0","0.0","0.0","0.0","0.0","0.0","0.0","0.0","0.0","0.0","0.0","0.0","0.0","0.0","0.0","0.0","0.0","0.0","0.0","0.03136776091550663","0.0","0.0","0.0","0.0","0.0","0.0","0.0","0.10193626864843698","0.0","0.0","0.06586665427739626","0.07284731189509756","0.0","0.0","0.0","0.025999109483214926","0.0"
"34","0.0","0.0","0.0","0.017644576172859933","0.054067238995936705","0.0","0.0","0.0","0.0","0.0","0.0","0.0692726098457043","0.0","0.6296159704051255","0.017498231403357368","0.0","0.0","0.0","0.0","0.0","0.0","0.0","0.0","0.0","0.0","0.0","0.0","0.0","0.0","0.0","0.0","0.0","0.0","0.021082477897619908","0.0","0.0","0.0","0.0","0.02395400067466833","0.1471767769943995","0.0","0.0","0.014034167723538825","0.0","0.02199882927867419","0.0","0.0","0.0","0.0","0.0","0.0","0.0","0.06621354102797813","0.0","0.0","0.0","0.010949160592760781","0.0","0.0","0.057099835113809096","0.0","0.0","0.015373487241983542","0.0","0.0","0.0","0.012448762078857516","0.0","0.0","0.005298052235294256","0.2850405049328864","0.0","0.0","0.0","0.0","0.0","0.0","0.0","0.0","0.0","0.0","0.020444407047616325","0.0","0.0","0.0","0.0","0.008409020436383101","0.0","0.0","0.0","0.0","0.0","0.01572500356017547","0.0","0.0","0.0","0.0","0.0","0.0","0.02280527425573554","0.0","0.0","0.0","0.01713869992179189","0.0","0.0","0.0","0.0","0.0","0.0","0.0","0.0","0.0","0.0","0.011819940118020567","0.01299286862081167","0.034701901182372014","0.0","0.0","0.0","0.0","0.0","0.0","0.0","0.0","0.0","0.0","0.0","0.0","0.0","0.0","0.0415039996288603","0.0","0.030146288029795965","0.0","0.0","0.0","0.0","0.0","0.0","0.0","0.0","0.0","0.0","0.0","0.0","0.058607884142331125","0.023031931339588103","0.0","0.18276092203005423","0.0","0.03896705411436035","0.0","0.0","0.0","0.0","0.0","0.0","0.04333262178129278","0.03298318581038366","0.0","0.0","0.0","0.029477248671112503","0.0","0.0","0.015539761012480035","0.0","0.0","0.0","0.0","0.0","0.0","0.0","0.0","0.0","0.0","0.0","0.0","0.0","0.0","0.046973258845792405","0.0","0.0","0.027140465132605554","0.0","0.0","0.0","0.026418137670687594","0.0","0.0","0.0","0.0","0.0","0.0"
"4","0.0","0.0","0.0","0.09115377160273666","0.040469700666543956","0.08006031197263491","0.0","0.0","0.0","0.0","0.061946180516542985","0.05143681754044677","0.0","0.04821962307384064","0.04519886941934236","0.0","0.04104382622764222","0.019600861381977287","0.0","0.0","0.0804249344805379","0.009162842820430252","0.007102187636169371","0.005280103547241019","0.0","0.0","0.012677433272297943","0.0","0.0","0.08113210953093843","0.0","0.0","0.0","0.0","0.06085976983902148","0.03481211348281351","0.0","0.04123178172419441","0.20336537663559268","0.031785242982021136","0.0","0.0","0.0","0.0","0.37653393967973103","0.0","0.1080113928345301","0.0","0.0","0.053124156094896215","0.0","0.06739708580299268","0.0","0.031983064420712","0.0","0.0","0.056564537121008694","0.0","0.0","0.0","0.024379041555405535","0.06117597322916002","0.0","0.05190110199475987","0.0","0.0","0.09229146813348896","0.0","0.0","0.0","0.16948720033490597","0.036553417783144096","0.0","0.07705432227642861","0.0","0.0","0.0","0.0","0.011395414369906492","0.0","0.029838387924283522","0.1056179979793608","0.0","0.0","0.0","0.0","0.054363196255323064","0.0","0.0","0.0","0.0","0.08173550561083275","0.0","0.0","0.0","0.0","0.0","0.017085108514904253","0.0","0.010251423719323473","0.09457363748398567","0.0","0.0","0.021684914864502417","0.011940354402672179","0.0","0.02173788285268255","0.0","0.07534892675368117","0.0","0.07700991739096573","0.0","0.020238634338913618","0.0","0.0","0.13424510366506187","0.08963687037788352","0.0","0.0","0.0","0.0","0.0","0.0","0.0","0.011940354402672179","0.0","0.0","0.0","0.03734683511241592","0.06252584563586364","0.0","0.017569899574405315","0.0","0.013551355212511128","0.012070039935782097","0.0","0.0359379923047336","0.0","0.0","0.05339011275463885","0.0","0.0","0.02499432587665669","0.03528327012939721","0.0","0.011940354402672179","0.0","0.0","0.02856863122026163","0.023939049206461362","0.0","0.014597053965840401","0.05953791844834809","0.011032699475694605","0.07500102054970893","0.0","0.0","0.032031643363325576","0.5051028927457745","0.006143104504133522","0.0","0.0","0.09882779820696391","0.0","0.0","0.0","0.0436902183524456","0.0","0.0","0.09290341213772148","0.0","0.0","0.04130908556610769","0.019580804924295224","0.0","0.0","0.06120917382896425","0.05095658114166883","0.07504552406541691","0.02442664415780281","0.0","0.02244430326803606","0.044456047088778115","0.0","0.0","0.0","0.0","0.011838245735163991","0.0","0.0","0.011940354402672179","0.04380670447954119","0.009666093811410167","0.0","0.0414749807186271"
"7","0.0","0.0","0.0","0.0","0.0","0.0","0.0","0.0","0.0","0.12692335885087214","0.0","0.0","0.0","0.0","0.0","0.0","0.05556698014376196","0.0","0.029960937169447373","0.0","0.10888289782139371","0.14669540432109213","0.0884369882783998","0.028177824280790298","0.0","0.0","0.0","0.0","0.0","0.10984030324860272","0.0","0.0","0.10503091644926217","0.0","0.0","0.0","0.048567558614277605","0.0","0.0","0.0","0.060709635744213244","0.0","0.0","0.0","0.0","0.0","0.0","0.0","0.0","0.07350067660745918","0.0","0.0","0.0","0.043300112804918085","0.0","0.0","0.0","0.0","0.0","0.0","0.0","0.0","0.0","0.0702660489786373","0.0","0.019030507439358534","0.0","0.06237132946995951","0.14715559337658057","0.0","0.0","0.0","0.05199072021566737","0.0","0.0","0.07357371138520233","0.0","0.050866530040214124","0.14189657872830894","0.0","0.0","0.0","0.0","0.0","0.05045209750071062","0.0","0.0","0.0","0.0","0.08764474588506414","0.0","0.11065720803239043","0.0","0.0","0.0","0.0","0.0","0.0","0.0","0.0","0.0","0.0","0.0","0.0","0.0","0.0","0.0","0.1745104222129904","0.0","0.0","0.10425949390787005","0.0","0.027399974510414326","0.0","0.0","0.0","0.0","0.0","0.0","0.0","0.055709904594247565","0.0","0.0","0.0","0.0","0.0","0.034789714969813416","0.0","0.18749061123627675","0.12900665050831087","0.0","0.0","0.0","0.0","0.06441302927672767","0.0","0.0","0.0","0.029206003929399788","0.07228193879527237","0.0","0.0","0.0","0.22025196025241353","0.0","0.0","0.0","0.0","0.0","0.0","0.0","0.0","0.11698684477650069","0.0","0.19320123902804773","0.0","0.0","0.09496678427287783","0.0","0.0","0.027040282692935274","0.0","0.13379752341217194","0.0","0.0","0.0","0.0","0.0","0.13008211056955293","0.12577682277749613","0.0","0.0","0.0","0.0","0.0","0.0","0.082867735768735","0.06898731411610314","0.10160000976743201","0.16276324805093692","0.0","0.0","0.0","0.0","0.0","0.0","0.0","0.0","0.0","0.0","0.0","0.0","0.0","0.0","0.0"
"33","0.0","0.0","0.0","0.0","0.0","0.0","0.0","0.0","0.0","0.0","0.0","0.0","0.0","0.0","0.0","0.0","0.0","0.0","0.0","0.0","0.0","0.0","0.0","0.0","0.0","0.0","0.0","0.0","0.0","0.0","0.0","0.0","0.0","0.0","0.0","0.0","0.0","0.0714169336651031","0.0","0.0","0.0","0.0","0.0","0.0","0.0","0.0","0.0","0.059286931233397726","0.0","0.0","0.0","0.0","0.0","0.0","0.0","0.0","0.0","0.0","0.010858021684768517","0.0","0.042226562151194684","0.0","0.0","0.0","0.09954273803491774","0.0","0.0","0.0","0.0","0.0","0.0","0.0","0.0","0.0","0.0","0.0","0.062695257281655","0.0","0.0","0.0","0.0","0.0","0.0","0.0","0.0","0.0","0.0","0.0","0.08456906702574994","0.0","0.0","0.03523894228648648","0.03060897196293221","0.06763065559692819","0.0","0.0","0.0","0.0","0.0","0.0","0.0","0.0","0.0","0.0","0.0","0.0","0.0","0.0","0.0","0.0","0.0","0.0","0.0","0.06091970228155897","0.0","0.0","0.0","0.0","0.0","0.0","0.0","0.0","0.0","0.0","0.0","0.0","0.0","0.0","0.0","0.0","0.07563745804427978","0.0","0.0","0.0","0.0","0.0","0.062247642598915374","0.0","0.0","0.0","0.05091639941242059","0.04108043294317282","0.0","0.0","0.0","0.0","0.0","0.0","0.0247416429201142","0.0","0.06327407505118642","0.0","0.0","0.0","0.0","0.1001640046512954","0.0","0.0","0.0","0.0","0.0","0.035887534499989625","0.0","0.0","0.0","0.011334821610289097","0.0","0.0","0.0","0.0","0.0","0.0","0.0","0.0","0.039123984305260186","0.0","0.0","0.0","0.0","0.0","0.0","0.0","0.0","0.06895560575292971","0.0","0.0","0.0","0.0","0.0","0.0","0.0","0.0","0.0","0.0","0.0"
