;PackagingImpl.java;UserDBAdapterImpl.java;DbManager.java;User.java;FacadeImpl.java;SecurityUtil.java;UserManagementImpl.java;MediaManagementImpl.java;BaseEJB.java;BadLoginDataException.java;PropertiesException.java;UserAlreadyExistsException.java;FailedDownloadException.java;AppException.java;FailedUploadException.java;DbException.java;UnknownServerException.java;ConversionException.java;IDownloadAudioWatermarkingRemote.java;IPackaging.java;IUserManagementLocal.java;IDownloadTagWatermarking.java;IDownloadTagWatermarkingRemote.java;IPackagingRemote.java;IMediaAccessLocal.java;IDownloadAudioWatermarkingLocal.java;IDownloadCache.java;IDownloadCacheLocal.java;IMediaAccess.java;IMediaAccessRemote.java;IMediaManagementRemote.java;IDownloadMediaAccess.java;ICacheMaintenanceRemote.java;IDownloadMediaAccessRemote.java;IMediaAccessMaintenance.java;IDownloadTagWatermarkingLocal.java;IMediaManagementLocal.java;IMediaAccessMaintenanceRemote.java;IUserDBAdapter.java;IFacade.java;IUserDBAdapterLocal.java;IUserDBAdapterRemote.java;IBusinessInterface.java;IDownloadMediaAccessLocal.java;ICacheMaintenance.java;IDownload.java;IDownloadCacheRemote.java;IDownloadAudioWatermarking.java;IDownloadReEncoder.java;IUserManagement.java;IFacadeLocal.java;IDownloadReEncoderRemote.java;IMediaManagement.java;IUserManagementRemote.java;IFacadeRemote.java;IMediaAccessMaintenanceLocal.java;IPackagingLocal.java;ICacheMaintenanceLocal.java;IDownloadReEncoderLocal.java;Main.java;InterfaceDetails.java;ProvidedInterface.java;GlobalConstantsContainer.java;EJB.java;RequiredInterface.java;Config.java;FSUtil.java;LameUtil.java;JNDIUtil.java;PropertiesUtil.java;CurrentUser.java;AudioFile.java;UserRegData.java;FileContent.java;FileContentLocal.java;AudioFileInfo.java;FileContentRemote.java;TagWatermarkingImpl.java;SessionBean.java;RegisterBean.java;UploadBean.java;WebBeanManager.java;LoginBean.java;MainFilter.java;SessionUtil.java;MessageUtil.java;ReEncoderImpl.java;CacheSingleton.java;IdAndBitrate.java;CacheImpl.java;WavFile.java;WavFileException.java;AudioWatermarkingImpl.java;MediaAccessImpl.java;Audio.java
9.txt;0.47886577447382034;0.6094053315773473;0.48685556883950404;0.6201160421272132;0.5059561620397957;0.6229186608370837;0.6116791464248814;0.4324259728039415;0.6353189670363215;0.6312465559083513;0.6507254255459005;0.628001302521635;0.5747687407969648;0.6368377922868842;0.6088922006101354;inf;0.580002738121112;0.6481517975269805;0.4882962258693359;inf;0.5739517882204216;0.5239088686125801;0.5265967946813817;0.6445665453119059;0.5789389315970558;0.44608902354272467;0.5504456881515137;0.5033106907102528;0.6233690615464971;0.617697909843438;0.6298220735123833;0.5601134954323482;0.6020970400683184;0.5582996725642593;0.6221838670056996;0.4876984824726392;0.590693295033046;0.6147083062093682;0.6249589619135408;0.47400028718084253;0.5720431298373299;0.6166172523796338;0.6534997159558484;0.5179732368953275;0.6074856552638966;0.4290526716358351;0.5486866443635734;0.48691730892667107;0.5685228446248971;0.6235391143621488;0.6107084000378354;0.556165814892327;0.41110940837896526;0.6167936403494589;0.6482051558852631;0.5765201073954495;0.6092999351937776;0.5624481652782614;0.5113669163743224;0.6366672732944814;0.5735189658718146;0.600021374988207;0.5893238261632403;0.6004594210028811;0.6103131417677753;0.6031859266549346;0.4709306447773307;0.5773201158432251;0.5552034679711348;0.6199781321532049;0.6134836002295155;0.4772969188034211;0.6228064301214032;0.4648271261703078;0.4790379722416818;0.4758069309297342;0.4711703643653277;0.47531728394433254;0.61302952627657;0.6144595425326578;0.5103099414929819;0.5515249979120774;0.6146037988919236;0.588797106854878;0.5730573596974133;0.6171248209479682;0.4804052230479457;0.4857369420387237;0.6221408942131458;0.4853391799368907;0.5214247649623492;0.5362941915948976;0.45824123466635597;0.4951214673223538;0.5626780132138455
27.txt;0.5386792760542977;0.598102252789658;0.4846515682642769;0.6098438272745722;0.5337810135331629;0.6115989073804506;0.6010690629621362;0.4195773465093032;0.6182812458971031;0.6120517826836969;0.6387930525375762;0.6216707547556584;0.6098075933492875;0.6289111779269839;0.6109599572687057;inf;0.6247996406522769;0.6464122503894228;0.49493711160196063;inf;0.6182378308446542;0.5537104657310887;0.552829505927957;0.6293715057819932;0.4282041048224804;0.5032470460279842;0.5885282218898408;0.5944080033371986;0.4162573057573836;0.42105532835201903;0.5410129196307648;0.3992482358497033;0.5975783198653317;0.4034091326982513;0.4163005754145987;0.5661195581115344;0.5580994501050018;0.42011507782067203;0.6016724968400186;0.5088382173667165;0.6099051272507006;0.5957815965941831;0.6582942894286001;0.4069572302647538;0.6032098224118627;0.5425059466263719;0.5851065112849592;0.4848865967210949;0.5934372538717531;0.6124245069660673;0.6461039608153667;0.5908517571317874;0.4153788045092955;0.6036956505675444;0.6260431892078645;0.42426657760722447;0.6547263919339994;0.6125509029596597;0.5949445681752659;0.6285287320174335;0.6058105854703034;0.5897778946579995;0.584357656455005;0.5987367229924768;0.6084805641952773;0.6085363076151427;0.523090735495882;0.577930723949203;0.5994993080576861;0.6192835667569254;0.6128515762580774;0.46180777393818717;0.6146814086506784;0.5251451877692329;0.5376711705248018;0.46632992167341675;0.5189346766269003;0.5418705164884116;0.614270022948226;0.6176747270673194;0.5409937649950202;0.6115680777231023;0.6075791457180433;0.6165883216545759;0.6299984542238016;0.6286813443989028;0.532391021217334;0.49041653902330096;0.6098138461148565;0.5637098146637783;0.5362452160798911;0.5480913115363243;0.5099549048878381;0.3746009618069547;0.531425801557045
1.txt;0.6111718540200384;0.5826050511229194;0.5666536739582119;0.5976463564187519;0.5391406373801524;0.6214120920026917;0.5534238448061191;0.5402957178176916;0.6310687788457452;0.6285758142896991;0.6491287963246622;0.5904803062343507;0.6338341463105336;0.6406945067787165;0.6332427934338878;inf;0.6233181295359806;0.6510133842808526;0.5848443186132821;inf;0.5515417848070674;0.5841558234104406;0.591949883254902;0.6484730358529691;0.5919126021604255;0.5835167313190921;0.6350661706908762;0.6269917611749536;0.5969828918627558;0.5924412663171882;0.5672558471437107;0.5903640184667717;0.6194896327234152;0.5853334280898013;0.5834686919955138;0.5896767982347545;0.5616865159482638;0.5811557994116711;0.5973435115004213;0.5379227828550993;0.5863998106208882;0.5940978332714106;0.6390542816470383;0.5862681584121601;0.6150170577741174;0.6123225987145873;0.6267855848143347;0.577832535421468;0.6378580211913456;0.5610786633597937;0.5944383098938011;0.6297667811774219;0.5400820723629478;0.559881621707786;0.5959423240588729;0.5785450797656982;0.6472563473600332;0.6161215460556726;0.6280743134677679;0.5838438983707148;0.5708010861906524;0.5758712570374019;0.6189981926548138;0.5741381712150664;0.5910857866974758;0.6357163925092381;0.6069194840366463;0.6157666262178015;0.5758710037992529;0.5916195798382192;0.5894158299908607;0.6129751118034897;0.5991498824078317;0.5987298630932065;0.6087085756762025;0.6139703380261577;0.6132873208005594;0.5898011443721115;0.5502466651985005;0.6033520232340132;0.586278956920938;0.5453053752483203;0.589378689419624;0.5799726171860248;0.5936264623902253;0.6236433208713491;0.5977387719859989;0.618381225393004;0.6498307624233318;0.6104529830892044;0.6214243223499818;0.6544473898750606;0.5879555008246389;0.5583584113517649;0.5828482420787415
25.txt;0.46672562378704285;0.5588903736499723;0.4144397584810305;0.5494270946541947;0.4490602435704437;0.6195908584214177;0.5667065368282567;0.4482613619603523;0.6268047760162255;0.619211816882949;0.6521792299986088;0.5724995992637405;0.606407086331961;0.6190195862274934;0.611182851754838;inf;0.6254624831016372;0.649098811491651;0.48280865816913815;inf;0.5743605992970361;0.5546909238501492;0.5639280045254976;0.642121380693498;0.5846825929090853;0.4873592730132411;0.5899211233781793;0.5951171607421092;0.5858980285238917;0.5860436954746807;0.6344438271233239;0.5616979071923099;0.6142000008295958;0.5654935143751262;0.5855528124058749;0.5684164189855143;0.6356732872522748;0.5858695145985745;0.5659929682232224;0.44883097415989676;0.5668681354538304;0.5658426216408318;0.6595049541354133;0.5630582913545594;0.6178274083140951;0.4797863696974814;0.5915533599329807;0.4734188367396982;0.5965086915062014;0.5783866112611951;0.6529071624087106;0.5953128829658104;0.43796291829688716;0.5711180129003982;0.6418754034335328;0.5859345654048279;0.6538478984134635;0.619196018488865;0.5967053350294572;0.6329174157789336;0.6101626515514542;0.5834224438929676;0.604476639020644;0.582964909161907;0.6051104083601134;0.6087828708780004;0.5297004936291806;0.5710907947806395;0.5475711990653557;0.6192516932214367;0.5533442647068023;0.46608295053151627;0.5628832392547966;0.5402185233655801;0.5643926908133077;0.4644282437351941;0.5524756864448602;0.47087965602186627;0.5696501043856108;0.5959853744644849;0.5390044577558621;0.5895381540228439;0.5971997916492618;0.608184557534991;0.6103521595533207;0.6025232157380511;0.46470118709327835;0.4893145176501468;0.6220739211560437;0.4852852947270212;0.5534937962545123;0.5696380176749238;0.4184380841427302;0.4163215439222974;0.47818818885686437
35.txt;0.5493546753222823;0.4899216240100916;0.5084881365664676;0.5504586558071984;0.5157796548855904;0.6051082931283517;0.5182167211698993;0.5308683638221052;0.5736442691098274;0.554235224603542;0.6507595037990214;0.5614747082663637;0.6369045873620393;0.6490442161535264;0.6247260924513938;inf;0.6152245328731598;0.6471949267926098;0.5827018678678215;inf;0.5653643050515078;0.5707271580394017;0.5765393374234826;0.648181319002086;0.6244370525261835;0.58770072029458;0.6040906294510067;0.6065765887863004;0.6215212113091351;0.6249610219876606;0.6358991819906862;0.611093847416707;0.615311055004058;0.6114131268612387;0.6241655010419147;0.5818879335317821;0.6401423538193025;0.6253868600182774;0.5631562943361998;0.4822324446037337;0.5656840021606019;0.563666368301548;0.6702952007242085;0.6126626895102503;0.6070146244456353;0.5590517560754843;0.6048581067151207;0.5756956571140095;0.6199621323268714;0.565220557678342;0.6586701598676266;0.6114281956977412;0.5266008429118071;0.5649276923362588;0.6459848790036501;0.626067362214023;0.6609513929920198;0.6158177260730314;0.6168625727729955;0.6437300683569434;0.6261829597506651;0.6122029714245953;0.586575412607349;0.6092021542992594;0.624434869565637;0.6087995686499851;0.514615677453627;0.579008540759078;0.5965916884447355;0.629235972575024;0.5517325281443766;0.5558240272547155;0.4923809741506751;0.5434946637135555;0.5519877775665716;0.5561138916622682;0.5481752803352774;0.5582810520347057;0.5504119733873544;0.60561804559334;0.5629494529408635;0.6151692079087175;0.6070914919558049;0.582899148042736;0.56419868984406;0.6155500481372239;0.5487603890828768;0.534343537300259;0.6257535795756078;0.5687787869880669;0.5519388856580189;0.5716960903936388;0.5617224159289743;0.5220131187627584;0.5773493652220317
24.txt;0.5270014104374706;0.537253394680721;0.4041588777732527;0.5195240868174459;0.49714910681416424;0.6179049420271802;0.5354038319847774;0.4816858297574218;0.6338697907692268;0.619653118956102;0.6399494056491405;0.5560456856188531;0.6316972126497625;0.6125527911795154;0.6350418156720995;inf;0.6048717970020696;0.6521439070352465;0.4959313156735897;inf;0.5421993908488839;0.5467771707490933;0.5586061447380484;0.6574189367242158;0.6081665900277473;0.48887765670309963;0.5945536434378177;0.5948598167264879;0.6147332005892694;0.6193869160349935;0.6281455166778597;0.5934338097499582;0.6247132640689049;0.5991904915162921;0.6218467030486438;0.5504470334631204;0.6198495809549189;0.6231571718511582;0.5443854040856212;0.44878001604307627;0.5367577526273681;0.5522214680981864;0.6394576844321936;0.5841488880224154;0.6257225883555889;0.525530430513747;0.6028149052859575;0.48519919524098204;0.6044937382691502;0.5432652152776569;0.6454435086467862;0.608378863845694;0.4712377740225931;0.5478953755942673;0.6488729161436856;0.6117773336195946;0.6503443739490882;0.6218124186247541;0.5953672737869953;0.6409194207858518;0.6134191986512266;0.5386587252480924;0.5962257496858714;0.5363792210983478;0.557512613645226;0.6015139436848461;0.47267350117974277;0.5780268719743075;0.5971190786035782;0.6222460319270343;0.5260665877600482;0.400288666270885;0.5326647895990979;0.49351753183760233;0.5250533964568344;0.3846228822841215;0.5179891633085608;0.5422150075447849;0.5422327806033314;0.5376235454028515;0.507990253576209;0.5526203712439152;0.5916261243055642;0.6159451942858466;0.6202936234933734;0.5992273008586847;0.5346039078738132;0.48214509094567476;0.6105690509621065;0.5622309840872307;0.5378318402390433;0.5363324091117382;0.5019545838353208;0.5114282048737205;0.4103976067877883
32.txt;0.6035583393618204;0.5771808451931553;0.6003180725240528;0.545633242130244;0.5803153298093771;0.5033791140362178;0.5659309011155386;0.5991860697545767;0.6338538950202298;0.5983851984242172;0.6491014753783957;0.6054886542351757;0.635245043966086;0.6361196986689244;0.6347479159028648;inf;0.6222365900901242;0.6616841694783028;0.5919373397599174;inf;0.6002182597152118;0.5711975816242312;0.5834764700666317;0.6512827041990441;0.6116934607256732;0.5804177570155492;0.6088890723961607;0.6059520744788162;0.6199822355547243;0.6242827741936734;0.6348893461164428;0.6203973354882181;0.6151373030050025;0.6217989494585956;0.618917913035907;0.5728152446855885;0.6202619509431357;0.621736694789151;0.6152517711089905;0.5744936293606343;0.6015189133098229;0.6155067636601863;0.663130510143097;0.6154730646718607;0.6060809462541654;0.5977273435137598;0.6114597987969038;0.5797813662010297;0.6248154127579466;0.6120122929637107;0.6396456738030959;0.6247562723715147;0.6001771389620122;0.6173365265004217;0.6537360582134817;0.6062325859922146;0.6487270182301118;0.602794821649149;0.6134017393456525;0.6231406430108256;0.6237931275229333;0.6144428343191803;0.6169254479315014;0.6027075371951948;0.6266417619896281;0.618678017556135;0.6053911796453952;0.6115880884711979;0.6026785827430479;0.6219712619123782;0.5711582762697839;0.6108125088773574;0.5734818162778902;0.5952460087191505;0.6045893461398532;0.6144282413010307;0.6081595889629424;0.5770970003123599;0.6217023304359788;0.5589590068920685;0.6234698670872759;0.5955015864616476;0.5337050431760174;0.6116880916285533;0.6303615877489264;0.6304864545905483;0.5953801979323986;0.6068113141830663;0.6421539715550652;0.5932637831112989;0.6136547814480324;0.6326789060007248;0.579239083794163;0.5973856142108344;0.6235725382126737
10.txt;0.6163789714692013;0.5205847268098479;0.5722528272352593;0.5218182897978599;0.5724840927559857;0.603478278090178;0.5061075278714582;0.6066161210608362;0.6372124845753327;0.6028336176606119;0.6608240071443205;0.5139940412079744;0.6110745977790298;0.6276112583656037;0.6066869314284307;inf;0.6145940496728035;0.6600092055688882;0.5840974940440855;inf;0.5250229068671921;0.5782405387387943;0.5817924659457391;0.6440523951984757;0.6224998798575768;0.591857184849086;0.6259794187062215;0.6233770485979153;0.614898601388301;0.6113015781312662;0.6201286223519893;0.6097386876426999;0.6256629417127398;0.6045749433474958;0.6080619507499545;0.5891265505697142;0.6240049497206037;0.6080695982448422;0.5345384892868461;0.5500843608743566;0.5347359493888151;0.5362346429451478;0.645600433495647;0.6149661202663529;0.6182751098156141;0.6115200029694454;0.6178840810839501;0.5779729217359534;0.622973323850907;0.5291586196331006;0.6505996791755265;0.6166215763521872;0.6051816715016498;0.5300252698820265;0.6426823944297105;0.615530600857874;0.6571919530503526;0.6252295801668187;0.6223100946004742;0.6464173124748233;0.5989072854900789;0.5820490250446655;0.6399618510087254;0.5832409627953762;0.5841481419778597;0.6268265510182901;0.616316005077411;0.6104496379606628;0.5980120906960312;0.6275297531981757;0.5216245220483461;0.6174716016673396;0.5255079272309489;0.5660578929753985;0.6281124254889094;0.6143292686975105;0.6191718481387253;0.5996758658290154;0.524522987005054;0.5815671438442211;0.6095611107855671;0.5837879895552278;0.5805268791416606;0.6272885794653987;0.6254473730244035;0.6160099129195181;0.6020605937123091;0.6257994843867517;0.6579843311430387;0.618197425483263;0.6291405742324114;0.6513386247879821;0.5970547416630758;0.5987631205442215;0.5804119522716209
11.txt;0.6050107047131624;0.5189383996101951;0.5439184753072519;0.5079696307729294;0.5627522502683601;0.6011847539039306;0.4176320518733355;0.5112489896690361;0.6260119153215068;0.6029468738878422;0.6508361773805932;0.5425862329523957;0.6286963106469955;0.6319536161036198;0.6255025765544671;inf;0.6189366307813102;0.6433937630749558;0.5819668513140763;inf;0.44850112405627435;0.5778915525412475;0.5845757199525904;0.6441141917100626;0.6316713664055138;0.592460976601355;0.6248921787681136;0.6263312439971692;0.6267680438733714;0.6219940088703472;0.5469684669917053;0.6182179583067542;0.6129815009271308;0.6146406251396209;0.608297149084278;0.5930189480187004;0.5553771699787344;0.6076810991844863;0.5266049739636777;0.5406084408907331;0.5339180998055336;0.5302717440236688;0.6444163073183491;0.6226018545776725;0.5989544454469138;0.558427850883364;0.6177705579233581;0.5782240847169065;0.6182601061031632;0.4342674193929788;0.6566554262344765;0.6131081742795373;0.4995336744436778;0.44760417805954045;0.6422396608436233;0.6158613937663485;0.6652426177860009;0.618348955281259;0.6230146276114952;0.6432105252293409;0.612504196586306;0.6038947647369237;0.635709265291609;0.6022731304690717;0.615150384065634;0.624963152144215;0.5980749455059282;0.6246229974506408;0.5988462736569078;0.629209254690041;0.513138188830064;0.6104969634907307;0.514166090923541;0.6042031339783035;0.622569289343702;0.6089658477694685;0.6083260180519101;0.5630766300662883;0.5199168535270922;0.5830360552545069;0.6123429398403838;0.5839985216969528;0.5655554452122437;0.5883208386950076;0.5492544022477418;0.6155414909602206;0.587249666755035;0.6001106102724878;0.6488181606512072;0.5802634077910596;0.6254645310118475;0.6422936434531058;0.561304012019494;0.5855728397667881;0.5804478936430562
17.txt;0.5525708980798338;0.5552806149292706;0.4371411141888353;0.5631060417409367;0.5069650209759801;0.6103756537388757;0.505968598411372;0.3960859844886348;0.6214573607318657;0.6136408755947141;0.6428513978078642;0.568987724363191;0.6161272436397507;0.631116143020165;0.6131132349003995;inf;0.6158813934624285;0.6311929633328267;0.48383140967208127;inf;0.5069683728656169;0.47418890307430994;0.48136369999518297;0.6364515580252664;0.5684773638376488;0.4871556689863628;0.6150190050517437;0.6113570886603594;0.567736752265281;0.5654149506712792;0.5095289848658812;0.5519657539675816;0.6014251131775147;0.550870932676393;0.5492659427753778;0.48577405043028793;0.5156270924028993;0.5505767209228117;0.5559450194479121;0.48352197886279985;0.5541819792921253;0.5550851085962446;0.6381942373207158;0.5527714983174516;0.6017872154422728;0.5479736434680449;0.6078440478267568;0.4737285591740101;0.6060412660915817;0.507434674565247;0.6485635654721701;0.6012304605110167;0.38959376008763336;0.5053555792094252;0.6343571736767981;0.5514454099634437;0.6546500736864298;0.6069570543139508;0.604819517873138;0.624222021014769;0.620384446570175;0.6189067030792813;0.58288036467366;0.6116570835148267;0.6229386796374935;0.6112531678493704;0.531951870436675;0.5732950888743493;0.6133966003215091;0.6279937133722102;0.5617201980864263;0.48073107376097246;0.5599546175558007;0.5433725686382773;0.5534492264509332;0.48603943209857897;0.5447962741128857;0.46390475147279064;0.5553485080649394;0.6088144085125905;0.5463054897669205;0.5870456042966156;0.5958602326595392;0.6037346774129498;0.6150349754981812;0.6148623184186959;0.5372742341797041;0.5092387131311469;0.6141104825260495;0.571156202263395;0.5477262347178128;0.5610508836171297;0.4919539623018329;0.4613665279776991;0.4784598436238738
8.txt;0.6339805152184963;0.6197622276417522;0.5992976730350489;0.6348378079390711;0.6360806867171084;0.6235285965077363;0.5348958643653167;0.4651708298334876;0.6303753316294483;0.633347636339159;0.6463647593982896;0.6440405167321228;0.6571111110908655;0.6520172885587409;0.6539878103285021;inf;0.6463507199490065;0.6359931396911996;0.5933661727610539;inf;0.5089170078237562;0.6038151724045344;0.6041413872421858;0.6371647781175178;0.5227352645384279;0.5950573645326037;0.659028259966821;0.6478165673332742;0.5212826752245558;0.5190023979362338;0.4175698096623667;0.5277488708393833;0.6164180629506913;0.5241116021028374;0.4971581061603523;0.6087589785270604;0.41269784342569654;0.500420656280832;0.6195599369209768;0.6344249240730638;0.6115409787544392;0.6173715011388183;0.6300647487951033;0.5260005975277886;0.6189056915203751;0.6351605327641977;0.6405089476896033;0.5871327625717324;0.6412936986062534;0.5137527025723685;0.6426256682581869;0.6264356521985212;0.43966104164648506;0.5187062879210925;0.6407430496060412;0.5018629192424544;0.646153651039585;0.6154227037393817;0.633743271842192;0.6361949473262725;0.6120997700459696;0.6225409430135115;0.6249426866571456;0.6239994927402527;0.6229236539742027;0.6387825095038719;0.6290539533027497;0.6363029018529018;0.6250237061036181;0.6340716204399165;0.6329780304803982;0.619900559372045;0.633457350564886;0.6159878066756121;0.6229506891237735;0.6265828353905126;0.6124804216221379;0.6148010321557623;0.6279525853431008;0.639695156718942;0.6438977219166051;0.5968232277548907;0.6456138381028309;0.6253880218535743;0.6551688023627592;0.6279325868246495;0.6267616692589296;0.6337561074453099;0.6489364906237192;0.6357131711634952;0.6338512048201425;0.6586712715300083;0.6048310558854337;0.534133650507803;0.6137159429513753
2.txt;0.6142742892359889;0.5154545872282963;0.5805214059158481;0.5063903235543878;0.5548810787177196;0.5878305617332288;0.4956354750493874;0.6088554158652557;0.6387644473435561;0.5845203364942736;0.6675972106286321;0.5252829705331438;0.6033566866814304;0.6345186096287039;0.6001216255696231;inf;0.6259996209911971;0.6544576364414372;0.5881344587587469;inf;0.5129764675257046;0.5726367772222398;0.584895158215877;0.6507777614923893;0.6116869295693919;0.5857126582277972;0.6224928230684866;0.6101694600465856;0.6138412041826752;0.6136719804852664;0.6320580119711126;0.606881995796724;0.6249450723071384;0.6058186884389863;0.6093734644664054;0.5803624665271533;0.631983473404959;0.6069590675839518;0.5256626392457613;0.5319820664960712;0.5167931498362639;0.5323368021502061;0.6449411347332529;0.6034518769859768;0.6209865875391203;0.588586804150003;0.6247461561993461;0.5799393251752425;0.6234627028891939;0.5262438781417589;0.6454392134013983;0.625189308467338;0.6024100110275777;0.5280835608659066;0.6465017865154542;0.6058234530883687;0.6552676556669481;0.615654206459129;0.6098461769797103;0.6442263856807927;0.5999798001900051;0.5684451808840243;0.6438018340681285;0.5798990021408198;0.567822188194648;0.6279972296472934;0.6177703391341984;0.6324611635956732;0.5931351655357031;0.6207603635576264;0.5036866847844695;0.6263017834373693;0.5168693721712856;0.6068453094299867;0.6217491251925836;0.6232065118630888;0.6158023227024482;0.5877297786127177;0.50712683425147;0.5695471164143271;0.6079252747781411;0.5955474587686198;0.5295530432901475;0.6306129847169052;0.6006703282506765;0.6269039605625844;0.6023902001823815;0.6304383876242995;0.6581748006605773;0.6074130482784507;0.6367594503384378;0.6552620265850426;0.5883980075085418;0.5922434242182575;0.5900197293925138
26.txt;0.547706421906382;0.5447387252695308;0.44419144601968913;0.5549148446496119;0.48880763256612003;0.6095608667492814;0.5485733752230763;0.419259195167222;0.6221381914784909;0.6082127591860667;0.6401590146566392;0.5699363236958918;0.6099410583661796;0.6090798225868822;0.565151229629338;inf;0.6189561849426272;0.6436292017404558;0.4914920175331355;inf;0.5492952289069367;0.5533829941207932;0.5533349146735849;0.6277475760338367;0.4892731214457871;0.49394254509884117;0.5867272289803626;0.5856801329918755;0.49155172303823236;0.4904130521062717;0.55545216154813;0.46357339965442457;0.6049082690972756;0.46416130953470175;0.49607227977167684;0.5579817755797803;0.5607970401676126;0.4910545837979616;0.5476499388494374;0.44786583075185715;0.5408984078768457;0.5391287399055219;0.6453091473784448;0.4616847428986133;0.6189160427492023;0.5293672902411426;0.5788565980480062;0.48956205011399917;0.5868246579002621;0.5551219478336872;0.6483729822257283;0.5750627688445779;0.40924871901057136;0.5451883261195427;0.6363453283074261;0.48940903646838674;0.6501338572335841;0.6141297343467126;0.5760348659600016;0.6288805742039205;0.614934303399925;0.6108203488741726;0.5873355116979789;0.5996925979603674;0.6148364738260882;0.5961690352415846;0.5249507970134842;0.5812965847000393;0.6010394649968606;0.6156258711482407;0.5528274697432684;0.47286857058964954;0.5542301904899213;0.524939248570416;0.5335484756363907;0.47796776770757;0.5178854095855356;0.550835334674567;0.5556714885529787;0.6076982094797633;0.4885674858163961;0.5974128865914166;0.5937231876169146;0.604835755187659;0.6214415071606101;0.6228871328091841;0.5351819286642231;0.49898648973187143;0.6073559846421135;0.5670394391530522;0.5451459211270618;0.5556038479545952;0.5197613592109077;0.38330042289129174;0.4932093903978233
13.txt;0.61005842620477;0.5204683652827272;0.5451665420551189;0.5012933638682535;0.5437548383825198;0.5122084082885237;0.4698442913643471;0.5315150241799752;0.6394952449714738;0.5891160535719627;0.6549679873107608;0.555253942334739;0.631074341064839;0.6338700828274864;0.6263665060704997;inf;0.6241066627069821;0.6550403450547007;0.5842799291146497;inf;0.5130055671053115;0.5790887172393328;0.5835731238609724;0.6415583115771903;0.5827109194977862;0.5830220733253384;0.6283591910352491;0.6228414639575278;0.5869130262593164;0.5833057261895963;0.5590744264891474;0.5875023113753027;0.6109805493204667;0.5813510704876228;0.5770368133582321;0.5838286485724558;0.5610748397257412;0.5760261927515338;0.5594896827637803;0.5213062033689042;0.5517270744632965;0.552391329789622;0.6494434076343453;0.5838820032633898;0.6009439612102102;0.6066588338144974;0.6163530674450285;0.5775345878413649;0.6335972815444163;0.5188472362826115;0.6443463665317779;0.6214120601815852;0.5315324417850454;0.5153028897702506;0.6395463633755201;0.572408018302286;0.6601536784099721;0.6145633727115972;0.623886227038026;0.6385687935425619;0.6178817879343583;0.620751159244446;0.6151441101197492;0.6135399592889756;0.627906410623734;0.6193942486145677;0.6025201952568857;0.5991543378236729;0.6101675125871121;0.6315076285114207;0.5051045474349458;0.6110360217865535;0.5195392551001478;0.5929491424467265;0.6076283582349653;0.6161426597051461;0.601350968205445;0.5824302258740485;0.5581166456476889;0.5563811700168151;0.6143052953099014;0.5893642068447427;0.5476077225671568;0.6107435620553754;0.6047602542340622;0.621356676392293;0.592156309470087;0.608950955581107;0.6345254663370061;0.5956356869413602;0.6177566378402551;0.6373098869775008;0.5837417344082723;0.5540033701091268;0.5766637132013922
19.txt;0.4991532323886238;0.5782243606586878;0.46216812720960826;0.5909767995645633;0.4883680866501047;0.6184840265143045;0.5836644106878538;0.4695182499756066;0.6336167248699628;0.6270758184570505;0.6605590132680945;0.579982584868406;0.5645414802529812;0.6319062989700734;0.5964161326861642;inf;0.6244335296837091;0.6473799972615392;0.4923052527575791;inf;0.5854331487238056;0.5237901578081102;0.5378845394085534;0.6501621995001287;0.615368709141292;0.48704644026504457;0.568926946060896;0.5598718183604204;0.6139971648705602;0.6188184706168078;0.6375584084542707;0.5526351765963515;0.6175024312886703;0.5568575985861272;0.6195594364165391;0.5322298432631604;0.6306849594680202;0.6203881443572157;0.5888064520617202;0.4605760337795187;0.5781554696204039;0.5875920757618281;0.6596142948326468;0.5527817251735255;0.6170351814819127;0.5107556692438876;0.56894094703961;0.4804982685798619;0.5655071146049537;0.5936479689284414;0.65235267203971;0.5624053686319619;0.4493657965006271;0.5913811955507814;0.654700197460983;0.6162341853861026;0.6527487944029718;0.6143463146822479;0.5524300364866481;0.6335612381960712;0.5818512468966957;0.5697733804765713;0.5830347617372815;0.5673562870906744;0.5741669462543851;0.6056372147684992;0.46599001500041315;0.566460726247892;0.5668333822874936;0.5907035764209592;0.5855111541121649;0.44742663031676966;0.5935067329349927;0.47628142092473946;0.49784964754613037;0.45202045178229083;0.4905698158109844;0.5262429897730806;0.5816962643062661;0.5948542814262989;0.5049975206213795;0.5858861976327414;0.6092108788437008;0.6104243754892112;0.61230913417954;0.6167532720731158;0.508082942786403;0.5111771651492231;0.6169363637895083;0.5408674422484758;0.5094961644367892;0.5088052087443509;0.5133006804516551;0.497696248594851;0.5223682510239546
36.txt;0.538706111534372;0.4636629779678524;0.48784047639999417;0.5491291920808913;0.4996813590006384;0.603377236162182;0.503065165737109;0.5171744844498359;0.6404994763348102;0.5341089752555006;0.6463877547674626;0.5509371846272145;0.6026544658186436;0.6226106136110425;0.5421030729829223;inf;0.6145871447936893;0.6363976285114586;0.5676633137753159;inf;0.5382674299823758;0.5575232168661827;0.5652775947806016;0.6500047015753537;0.6141861803099292;0.5594971815699339;0.584253152457878;0.5816426659226173;0.6191138527258262;0.623049200417622;0.6352965150690091;0.5894214299364687;0.6163341668790233;0.5928816467272192;0.6220198988536906;0.5593319601498544;0.6291320071207673;0.623406412197873;0.5525968452108055;0.44397510219002145;0.5438250751099528;0.5514283111156661;0.6477330148202777;0.5836859282606095;0.6099027714005202;0.5922147980205215;0.5864982134697182;0.5568930825775147;0.6033370942266435;0.5452708448393271;0.6507626943793148;0.5960941577209147;0.5111646494955436;0.5465429272673912;0.648525019419752;0.6151377145636826;0.6544612830453366;0.6132059313275694;0.5925431743291131;0.65118667413982;0.6302871809536877;0.6242589361706758;0.5618453886979522;0.6084508280888922;0.6204261841729098;0.5912727623587624;0.525992171419009;0.5883551903310719;0.6077349734910779;0.628749262746796;0.5453651965895182;0.5345729395758884;0.4737634640308669;0.5160039159019881;0.5228835128406283;0.5386556816365001;0.5255002019451708;0.5909586569956858;0.5486030384060783;0.6073330453653133;0.4951890901614228;0.5948074635041253;0.6051208749418213;0.6165973045916715;0.6238353506193534;0.6208713416626818;0.566361132214085;0.5549202548254273;0.6212946518064623;0.5945845221675872;0.5421843351344576;0.5527022556275875;0.5891018363909065;0.5237742434790388;0.5676578085733118
22.txt;0.5408044992195323;0.6170671328840149;0.479606392992834;0.6309580597692055;0.5512609755053042;0.626238886851675;0.6197668805076902;0.5020802610473363;0.6268859617602311;0.6368508725084864;0.6505648153923547;0.6212669504660092;0.6174221195344801;0.650593295247347;0.6128680026165146;inf;0.6173215259453831;0.6445483404029883;0.5129358646842831;inf;0.6193091631146678;0.5636676346772312;0.5705532912966526;0.6583616000605934;0.632694594112838;0.5157592046601006;0.6042022226603407;0.5998020102823741;0.6330085978691354;0.6343386827586649;0.6344507971140918;0.6144566308770424;0.6142958803866653;0.6167074805582763;0.62297821282968;0.5736955231696923;0.6325915978195378;0.6258034835655304;0.62540178744275;0.5292545537046651;0.6223423819080192;0.6258751093357368;0.6644061820613044;0.6142406797962209;0.6039129760714158;0.5630656760691961;0.6055509808063783;0.5050296405778691;0.6234780640607651;0.6165409278868418;0.6548520013110113;0.6130858501327161;0.49363780499122417;0.6224930860052466;0.6476184554621103;0.6248542162704924;0.6603687267051963;0.6144187133714096;0.6116801500952884;0.6196850445837401;0.6121937128714218;0.6150031349274085;0.5740072573070136;0.606589893287149;0.615311188169435;0.617434644569346;0.5205128711346881;0.5814259435378717;0.6055677287581119;0.6220401956894093;0.6270807298291707;0.47329868620237525;0.631044403127981;0.5316022315480686;0.544114121206945;0.4785502251710692;0.5407884054315649;0.557925414792922;0.6248676267059028;0.634086906031873;0.5719889770618064;0.6087307677274256;0.6420681352961235;0.6156093917001619;0.6329042331548199;0.6190597418844828;0.5475684347597636;0.4884563274421922;0.613647959848435;0.5695639102538645;0.545496956897746;0.56285774457262;0.5263738725546948;0.5386904170560791;0.5439054321619261
28.txt;0.41961150861905067;0.6257390015579911;0.42814908314993344;0.6340316729410899;0.47768574054795315;0.6374013938973713;0.6337991324688248;0.4211655346329651;0.6465419127611022;0.6524699625007417;0.6550453675249983;0.6117903303345498;0.5963213427137596;0.6380302948017068;0.6146325513094755;inf;0.6240738724399663;0.6560362978088135;0.47534549380527147;inf;0.6333542430490368;0.5507210898552124;0.5674785564325237;0.6570240277684335;0.6312785817747812;0.47177450891938894;0.5857562087137347;0.5968779786091487;0.6302562379205353;0.6352035644817146;0.6506491639550133;0.6031440571640673;0.6203248163838097;0.6102878725285336;0.6325147436046777;0.5649783001998937;0.6429333999375282;0.6362384548470884;0.6368062507441383;0.4522988761495753;0.629800825625428;0.6364231165709598;0.6757284155613106;0.6074798378410274;0.6234656010596158;0.4446230439667093;0.5997750840125708;0.46070911306008105;0.595665666681388;0.6469412744547736;0.6566746194388932;0.6015017502575118;0.39236739715829533;0.6402645896329843;0.6564901516574746;0.6333760937108804;0.6578122665253981;0.6218550021790907;0.597576746827792;0.6382181671911029;0.6250609922054845;0.597553036039949;0.6069289533579558;0.6063197426628842;0.6098903380972839;0.6126172261809053;0.5021061396661046;0.5750772849346341;0.6131776800670858;0.629320427012875;0.6273891070203641;0.41708355788849766;0.6385022499331439;0.5081365893686635;0.5191110612721569;0.4152039846976103;0.5165572465181776;0.47542731822705975;0.6271345632483302;0.6294270912540997;0.5551791415543377;0.6126748019241601;0.6373956046711926;0.6293934598513645;0.6210971071304467;0.6288741351561279;0.48821999285058676;0.4880727818780493;0.618468219926785;0.4905483471316077;0.5269820011389419;0.5232878801784793;0.4036315941400368;0.47287240276377035;0.5146024035264581
5.txt;0.6176655147235215;0.6164785076977555;0.6146603181318285;0.630153260076936;0.6175668041440986;0.6380465030067574;0.625102724528932;0.6198454763648429;0.6387787839220643;0.6285565237881853;0.6466026750646591;0.5972774701603384;0.6259998713290215;0.6461838477663159;0.6257169210207403;inf;0.6242733727145493;0.6414288804298283;0.5915455903201281;inf;0.6119413444336351;0.5929475956920107;0.6000453821255208;0.6457225807565212;0.6081478788516433;0.5872326337128818;0.6425633021231532;0.631131271505274;0.6053140258602381;0.6104748190113956;0.6314350001539876;0.6154668202158393;0.6343653174298913;0.6161371561930358;0.5966445630762263;0.5971146431342661;0.6170330740016634;0.6025637185625852;0.6231059020399332;0.6161150950200855;0.607018659454997;0.6216287595020651;0.6536098277265906;0.6138643319414437;0.6133229293132066;0.6227478544589504;0.6407438419308172;0.5800518057424496;0.6367466950941324;0.6261930848685503;0.6259852882419586;0.6329019720380518;0.6180394084530259;0.6261329332154583;0.6321571903002262;0.5981337385143369;0.6445144803744912;0.6188960156497118;0.6232893380203841;0.4938438284364223;0.5175564518284723;0.48936124063091585;0.6352295605853711;0.5355182112587112;0.4797367146862003;0.641307373132366;0.6149987393789189;0.6189637825712981;0.5429616164118402;0.5569546381049381;0.6126262273729556;0.6260074434839964;0.6332583688797104;0.6062655518315696;0.6097762099955027;0.6235874413450591;0.6223228473662079;0.6019578328802594;0.6013216591494511;0.6184570099611941;0.6324327825191165;0.5939453357513147;0.6389325644815236;0.5145470588505819;0.6326461477973461;0.622950215341957;0.6043026867267635;0.6328880462270776;0.6585336541055573;0.620813242600058;0.6304738524536905;0.665508247544086;0.5978574241454808;0.6050338937286748;0.6176149505727796
29.txt;0.607809249542741;0.4192337870193128;0.5636329775330166;0.5316145146353626;0.548827704369786;0.611394299395714;0.48630113213511333;0.6005365449706196;0.6310788490045433;0.5675262896508865;0.6525226470187242;0.5277294639658525;0.6200274073564501;0.6390425571605126;0.6133315120969309;inf;0.6270434738818362;0.6471916591764391;0.588461451041383;inf;0.5331476804380436;0.5813390544326812;0.590055898557135;0.6401861232307419;0.574388872281425;0.5880569920956304;0.6245301562221995;0.6230391333748895;0.5667619146530732;0.5686250568620185;0.6249923758345226;0.5709505015633852;0.6137008730096029;0.5703339318736981;0.5636509836555726;0.5908654077754518;0.6292602406215122;0.5628060535517575;0.48360297428260984;0.5261593513424733;0.4791942202944173;0.48379431523960087;0.6624118406957233;0.575862285327527;0.6091451706070251;0.6065583680116616;0.6206594000526546;0.5790586399538852;0.6221481692381334;0.5387394396821465;0.642641937112107;0.6210025511202601;0.6033461581083521;0.5346112561415509;0.6308633022771994;0.5694157545725733;0.6547573313387308;0.6202203630662045;0.6206251751642852;0.6353880759969767;0.5610556747743913;0.5435366889003745;0.6161473282110801;0.5115802295740173;0.5195522261828014;0.6205007327407845;0.6072342376130392;0.6102698419889327;0.5604238755973077;0.5811101178739979;0.52898983278309;0.6108380753005165;0.4811748800528581;0.5899052635547349;0.6154852101293903;0.6124381818123699;0.6086211159851056;0.5828418033207714;0.5304769003206597;0.6121056983560674;0.6126892774573154;0.5556996661876781;0.6033080870125321;0.606987363166166;0.6283019702814185;0.6243811195361371;0.5848702604259289;0.607540113364424;0.636576302438633;0.5959966756215697;0.6130811328722492;0.6454447363411159;0.5806836833156711;0.5242258896070914;0.575931652287145
21.txt;0.5198518003319353;0.6327660258309316;0.5612733195420357;0.6445807115575436;0.5834543563586285;0.6354714254399262;0.6278831943225937;0.5324001540953451;0.6477464675717354;0.645777073946264;0.6506076022167354;0.6469878077083355;0.6140972059321403;0.6706069464075416;0.6080006997735501;inf;0.6348178164978325;0.6111355430837124;0.5912337292752415;inf;0.6296707763989973;0.5700739386180138;0.5899882266588509;0.6812474545726329;0.628260308720575;0.5895947885161639;0.6177406144298911;0.6226775740666741;0.6195187410511077;0.6312111613017545;0.6210059095908339;0.5993003267547998;0.6262252518391196;0.6058859317727238;0.6113196346994453;0.587188656973511;0.6202025896283841;0.6166069560095221;0.633430427916348;0.5603384556418508;0.6428476735885749;0.6461554332826455;0.6700461510815621;0.6039345286140889;0.6088885295294761;0.6191698493407741;0.6256245136863072;0.5734702699026798;0.618167595192492;0.6203808954629451;0.6773574375119508;0.6245517723113323;0.5166529901417897;0.6311790054316517;0.6787354288395345;0.6146671945805848;0.6761587146781385;0.6243578262877318;0.622324873994031;0.6420776451910735;0.6305063068136711;0.6272100357116271;0.5751589976601915;0.6352498057795825;0.6333540971808521;0.6203651074330211;0.4738652231553745;0.598315151415691;0.6370804472066038;0.6327028799156025;0.6309322530757646;0.4840412179681812;0.6440672533145718;0.4866775947270376;0.5068087347126147;0.4970367477518127;0.49454287419753373;0.6075086402888819;0.6258621804216612;0.6363018136082568;0.5690840228182396;0.6355322515976186;0.6463579844382376;0.6313955560213187;0.6416696495870203;0.6380360083880051;0.583103823037146;0.5709547836656025;0.6036821394085109;0.6239877016713283;0.5192663020654543;0.4893971047253609;0.6068372424430504;0.561438717210437;0.6217152072375826
20.txt;0.5421591284120246;0.6197767565013476;0.4615285033990117;0.6380162933439623;0.557808020119593;0.6357369859737529;0.6305137542728987;0.49977344483638597;0.6325605470619922;0.6293739073676737;0.6527682504865595;0.6376329278354612;0.6141900648446585;0.6425575546592419;0.6205636900601552;inf;0.6365803251639389;0.5895098615003553;0.4838814804825012;inf;0.638348236737583;0.5656122262398868;0.580958822235996;0.6573184240824371;0.645613469252142;0.48906387248063865;0.6072200099686254;0.6168259347034749;0.636495492982473;0.6328106045137272;0.636952405816659;0.6120609970727244;0.6266968563184007;0.6130908794534788;0.6318617889634098;0.5879907732674546;0.6456919600304292;0.6281464831329202;0.6234950628527371;0.528033183704657;0.6262159891720961;0.6242413333460936;0.6705913160789163;0.6216368956844314;0.6251566686494738;0.547538453460466;0.6143634857990362;0.4644248314461665;0.5077951604433331;0.6373860417534722;0.6700566417035322;0.5153074455970802;0.4846462420905075;0.632089567249131;0.6582033977690972;0.6396758697008532;0.6753862874157199;0.6343147505040093;0.5178213998561207;0.6470034959825904;0.6343630121828947;0.6262356139579748;0.5951623909438504;0.619463526652287;0.6308700409268083;0.6162129434564573;0.5049967154129129;0.5569996961997733;0.6193570067235077;0.6340843248041379;0.6294872850177182;0.43128709375889424;0.6311648312880626;0.47385860692048204;0.5381511608547347;0.43787730950705883;0.5315377047390599;0.5676839821320587;0.625538695756252;0.630191447452839;0.553136903695721;0.6273965121532683;0.6375735492605102;0.614709828373576;0.6369092788179896;0.6264765460337183;0.472687575761806;0.4845219533247127;0.5741112885685756;0.5848786952501527;0.5058106778148378;0.5266352112759126;0.5050205625157634;0.5460820152520255;0.5148952261722464
12.txt;0.605803390866518;0.38872423045026994;0.5637394366412404;0.48800648327241175;0.5588433830776126;0.607511433084928;0.4840980616136588;0.5983611578864179;0.5979258593357444;0.6060975143875653;0.6528216110377312;0.5157128706271479;0.641588969744271;0.61066388793118;0.6318826444562317;inf;0.6116480369787335;0.6382549579005241;0.585273578746745;inf;0.5018263460055536;0.5821288382149419;0.5874131327761888;0.6306572563652277;0.6266505250459244;0.5937177638252914;0.6106109703626156;0.6189909479140481;0.6238325108269572;0.6184939015728094;0.6263083841720153;0.6281821951340417;0.5940526111130983;0.6220715956384062;0.6192195402433189;0.5978810186775894;0.6366120889732891;0.6157501618652255;0.35300620461013316;0.5432422704708986;0.369449645247891;0.3676952101033552;0.6565973308309316;0.6283062120668917;0.6099850155403853;0.6007103586007181;0.6046257375892771;0.5781307835170448;0.6197085259627938;0.4862593456852734;0.6581617972850203;0.6193501579960341;0.5983239344118021;0.48716778828907725;0.6376443171476126;0.6209334741334558;0.660481242462933;0.6147904849801377;0.6218246103248449;0.6256163624971985;0.631463849306807;0.6223962486022779;0.6181749536929809;0.6042971870255196;0.633844531649658;0.5923106912160337;0.599933832016051;0.6280288698961305;0.6122299355662616;0.6312221457099318;0.49286128310043986;0.5925287717755148;0.47714231943305313;0.6040972357478142;0.6180323987384991;0.5970183671904608;0.5940277916289747;0.5837719195339148;0.49927308290096545;0.617450545657893;0.611937650028923;0.6038272135556322;0.5850306281467974;0.5981800200068689;0.6166962671892643;0.6163681178108167;0.6018951773090577;0.6060510599980653;0.6351596251696252;0.597699513186956;0.6118194156453084;0.6267173605288804;0.5806523157591982;0.5846810130827802;0.5636977398365228
31.txt;0.504229381919016;0.592730818843485;0.5363179647219208;0.6085557963923015;0.5474204688691627;0.6127279104273866;0.5976277741101063;0.523926948734301;0.6130957220779107;0.6158161185253082;0.6405109447951851;0.6152558665817048;0.6092179420235629;0.6288311413427895;0.5988810560124186;inf;0.6037437511727884;0.6296193653207579;0.5785565714099697;inf;0.6147971657927493;0.5704169776944934;0.5818626513350897;0.6540103455008155;0.6347343669971297;0.5772004875335716;0.5950529251996013;0.5957725214872724;0.6315494391377298;0.6359762645423379;0.6420174297791602;0.6125731835963976;0.6097938001903533;0.6130168821707696;0.6290900893287764;0.5798544709685827;0.6401873108919848;0.6315760332416529;0.6098223230685937;0.5278274015829356;0.6140018507831754;0.614196883772013;0.6533084145260035;0.6111994327586494;0.6009836262159521;0.5886350375512515;0.5962501184140492;0.5647526836682004;0.6188180561571621;0.6051643210068329;0.6539704874566274;0.617991634498765;0.5164039161346342;0.6176166593062559;0.6506314368804877;0.6303690044110662;0.6573616128012477;0.6064168679340962;0.6146146756398009;0.6167507575855126;0.6172305703968899;0.6060007728756152;0.5827927955523571;0.5967869022738219;0.6133696936441699;0.5940555809043654;0.49678444007061123;0.5612588475155269;0.5983211971919363;0.6128648097675548;0.5989438899039827;0.5073448277155856;0.6083565961860028;0.4992609470440126;0.515154211595178;0.5104215658156765;0.511916599705998;0.579260133511613;0.6015476073303749;0.6072192166832495;0.5581450890304618;0.6015137764841006;0.6120974975907277;0.5977308125509223;0.6177776939519142;0.606378379722571;0.5529919944094602;0.5482889938732661;0.6272400861724254;0.5882690991676331;0.5214115983460467;0.5301526190093694;0.5739275925754351;0.5561108952117986;0.6093455582784375
3.txt;0.6182023122467756;0.5275597824955027;0.5711001990981447;0.5336752123850576;0.4760580489981092;0.5970794074505369;0.5141795126428462;0.6077141011960414;0.642626604239027;0.5841932081856667;0.6578947051226136;0.5455117467224467;0.6149813755399549;0.6408961284258912;0.6110898709707979;inf;0.6319334191487471;0.6534511174769301;0.588034741423717;inf;0.5517673472148645;0.5727244969833375;0.5841778833951451;0.6641229359325187;0.6314803950700946;0.5907188512249126;0.6303879528693273;0.6319109654565439;0.6288932293692598;0.633479077197761;0.6430604576262842;0.6196050224043981;0.6289047951829483;0.6212904928680809;0.6201930906609456;0.5868553334882759;0.6520381878771512;0.624344952643169;0.5526657011225574;0.4500257184438284;0.5504260766881857;0.5557573960081685;0.6579768562043516;0.6206736204969011;0.626489379568668;0.5943126605860665;0.6289340360679065;0.5722339545478139;0.6267612964209229;0.5488843787773771;0.581421565964496;0.6255406487498374;0.6038870174634623;0.5527542492010175;0.5726134614352089;0.62558053680815;0.6736494297482001;0.6337278627606909;0.6272683628197114;0.6291591713658192;0.6132788364250189;0.6016009047323887;0.6340471381823198;0.5984060484747766;0.6097003489234405;0.6242832108017635;0.6069483807145405;0.6204788570193774;0.6081191799273868;0.623265772198601;0.5296452463619342;0.6123727054149712;0.5334358902802828;0.6090218781536777;0.6172196115098032;0.6081806114277738;0.6183283904091573;0.5854688724579263;0.5340126945261082;0.5704705390228794;0.6042316127132287;0.5989902567690802;0.565772684350832;0.6213519356590814;0.6185828668798633;0.6210219973117299;0.5978481640382468;0.6281603284171223;0.650294687296696;0.607582526048357;0.6242709634118903;0.6489148608236792;0.5858446376776442;0.5881813669284633;0.5752825863078572
15.txt;0.5030105746015907;0.6241363474674062;0.5336242126001718;0.6267438704695083;0.5507299779651722;0.6354483433012201;0.6248796906247885;0.5124914404208893;0.6392327754794658;0.6282818227363023;0.6665744179061175;0.6215450250578265;0.6006454083290994;0.6544300447523594;0.5936349824949264;inf;0.6322247169182063;0.6332377838325978;0.5684933168885709;inf;0.6458700911709704;0.5590791321814441;0.5820969689329147;0.6721564200548172;0.6465392457180932;0.5685647660898208;0.6191777092097999;0.6198340750223691;0.6406902410948754;0.6439330426096442;0.6559783755344701;0.6098669099304131;0.6369282419668638;0.6159931636284828;0.6413540230849034;0.5812955537363053;0.6575442831169489;0.6470516807969213;0.6291204770134151;0.5257400507495925;0.6363601732665458;0.6361426536538002;0.6744112747274876;0.618266604838562;0.6191198516998291;0.5313294928436637;0.6196215866547111;0.5538232621686167;0.5948926332194209;0.6430680824836315;0.666971803125441;0.596068243890429;0.4911633280197014;0.6488607943689796;0.6656661192485689;0.6438312117383003;0.6801203725738525;0.6338508562186915;0.5954049554958208;0.62346147623007;0.6400819198022678;0.6199944371912538;0.6069583397943298;0.6205405369209765;0.632351942571246;0.6165582926475793;0.47550837853393974;0.5583735073146525;0.6162625309919634;0.633638542158726;0.6146556732502066;0.48083154376500686;0.6338515458005874;0.4956057667939091;0.5003913361423911;0.48162172843420986;0.5119099032003402;0.5499596337027616;0.6125856529522197;0.5393735763128037;0.5362535855285024;0.6287210758184356;0.6113620071616621;0.5784164488517385;0.5437353193629444;0.6133380457591139;0.5239062417365326;0.5182867635481538;0.5941976498195287;0.5722499156932725;0.5169576422763067;0.5026775696274102;0.5465938266775031;0.5579991814863788;0.5852040796863442
14.txt;0.5287991528333902;0.6113324381011979;0.5281435361441627;0.615602299679745;0.531089388303894;0.5892030429009041;0.5974118250544245;0.49640865779266374;0.6313271298235592;0.6176120298648999;0.6178144620864111;0.61986507041477;0.5072215575784427;0.6255364676938612;0.5684374104115778;inf;0.6146170776846879;0.6316388500399324;0.4311396170771148;inf;0.6106561067559816;0.4193433111298733;0.4381044962918589;0.6583395121920562;0.6250909998261037;0.4316247306868372;0.5214346109593975;0.5251610332350309;0.61730156279431;0.6235896482392653;0.6270878977915438;0.5184124933165354;0.6136132237827844;0.5277246334059136;0.6071281306205494;0.4385896415459428;0.6271664211406375;0.6142058967732642;0.6241562400456908;0.5094486821741144;0.6277727703898638;0.6270151919874566;0.6367263568382253;0.5283914771562219;0.6052798032655585;0.5173361805489064;0.5241824182008409;0.41191472765468806;0.5206241835357889;0.6016116559771453;0.6470493798321842;0.5236572082140264;0.4805185392601552;0.6113915112800776;0.6473283292731482;0.6146940411034384;0.659979064166574;0.6133472272940952;0.5246357967195212;0.641342919678029;0.6208375550860984;0.6124230172130515;0.5795675791177322;0.6061607300684239;0.6117206618197684;0.61301475662858;0.4962868475972155;0.572916414540809;0.6100852386787015;0.596930879411451;0.6037872405535046;0.49811729559114976;0.6247397405504925;0.49343782327905716;0.5115672915224453;0.5049569585358267;0.503355228801511;0.5084818146808003;0.608891524704279;0.612397596441043;0.4788576758789522;0.6018425649560232;0.6090769888663923;0.6183314862232473;0.6212116576506393;0.6161103183798295;0.5429562748241299;0.5545395535054248;0.6043240564209903;0.5779100442090546;0.5186118099899375;0.5218952234045656;0.5051498496818404;0.5482506910530293;0.5746483121875743
37.txt;0.5248113938177176;0.6277452600699953;0.4431860793470926;0.6337943101573148;0.5238334449481613;0.630982592898166;0.6314957910869683;0.47601928119985604;0.6521781087407219;0.6189853280018172;0.6644843554902888;0.6152643409281134;0.478483847687379;0.6236393058790556;0.5623345236685048;inf;0.61503407485068;0.6346444535601018;0.38201264978026733;inf;0.6462773859054857;0.4662219630548195;0.4834357438663887;0.6667108817953514;0.6321591846689394;0.38004581968922374;0.5053798558999553;0.5104964007802245;0.6275394316509976;0.6317340232900553;0.6513680591925023;0.5152256560208799;0.6271411771319407;0.5260049313792917;0.6271580382072802;0.49093235245029004;0.6517928837202968;0.6290379452111963;0.6303601467876774;0.5010288408026065;0.6291871074795797;0.6333186159236199;0.6731750802549278;0.5262353873562915;0.6164508639726444;0.44281145004602945;0.5141437919568277;0.34448462132974206;0.48119961760505253;0.6469066545682901;0.6774585997559522;0.4796743033320938;0.45378650342049875;0.6463415303527978;0.6676015569143932;0.6350050716431445;0.6746385833463941;0.6364086595530818;0.47522810353067146;0.634073481776909;0.6458565488389103;0.6220346018657081;0.6049927868604613;0.6147355327698304;0.6023088806777696;0.6132840182851725;0.48275751770220704;0.5511199371384689;0.625363806476799;0.640033001553968;0.629983380213915;0.3888196062727723;0.639136630237531;0.4986033060008812;0.5225500016372578;0.3985813606723457;0.5113556993839006;0.529772393286489;0.6347639130577282;0.6185385933860545;0.4803580408839875;0.6116715738288712;0.6214614772981972;0.6248511620538744;0.6272019818911501;0.6181007609604141;0.4996729906802489;0.46905591388981777;0.5700456896691839;0.5431159880118646;0.5143902187803536;0.4957421704408617;0.4511526696220317;0.5270452611198435;0.4802517118318409
30.txt;0.6100567669836432;0.37308119935598394;0.5598881755977756;0.45798964983575857;0.5633276501152367;0.61474103606686;0.4587227552008882;0.5861659865710791;0.5360877601288632;0.6066696120559004;0.6590484385049343;0.4754254170793858;0.6397856053067446;0.625905125278622;0.6279372154839634;inf;0.6251939393096566;0.6413693153963983;0.5865078948203921;inf;0.47888185696338553;0.5816040605490398;0.5877987588639334;0.6348110093675257;0.6265065269016122;0.5949884654043391;0.6226347667039632;0.6250686751874;0.6195354482766687;0.6188136264288572;0.632467804707308;0.6230219553864265;0.6153464918193603;0.618315163914144;0.6207531371124796;0.5982987859148086;0.6398814555382678;0.6177415756280422;0.38060466962678735;0.5429070700932294;0.3912337960397779;0.3907376473178344;0.6565477010044753;0.6240180051759779;0.6191287266026407;0.5585046072985095;0.6125499327084667;0.5787459267005282;0.6226910859900714;0.4697562682308554;0.658471411691755;0.6183789504556183;0.5813045280570098;0.4720740220333998;0.6375603160990029;0.62355264763996;0.661704345775947;0.6241808996348189;0.6237432350476161;0.6318793055168688;0.615072176715318;0.5961606697799702;0.6248317724508623;0.5894780729958332;0.6079534746130744;0.6068045678050816;0.5683096961057726;0.6222346217318121;0.591078006683678;0.6218889489784837;0.462785054534556;0.6056834763955979;0.46568945596339134;0.5971074963055694;0.6214536157239873;0.607163503130113;0.6035373218962401;0.5618712366445076;0.467875295705445;0.6131606327015751;0.6061949628459865;0.5994021113758138;0.5865597994978264;0.569688590371092;0.5487819765563607;0.6110050919050241;0.5815963762902714;0.5891015848191452;0.6402958839418955;0.5780246153854022;0.6115476893023766;0.6371570004067719;0.5617993971918578;0.5743917680993091;0.5710087211247905
18.txt;0.5404669902205788;0.5415697205766864;0.40860905032048384;0.5447330351923195;0.48815607129983857;0.6143727518679226;0.5455370682635312;0.473495542633078;0.6446375065728859;0.6182052958248097;0.6549946356619352;0.5271834193726188;0.5543677629377314;0.6215578718690848;0.5883288540741523;inf;0.616482008152217;0.6583717507659694;0.45373653996591135;inf;0.5522302818550388;0.5243627525369363;0.5330083290315129;0.6451563814653563;0.6162581322923932;0.4537688444910259;0.5744182102286559;0.5662315318397046;0.6154486417523358;0.6201169265262905;0.6328292561985723;0.5542571115465268;0.627113985823888;0.5606968163456726;0.6262390524573197;0.5342966183368798;0.6336656868574049;0.6263929661611708;0.5465752534811616;0.43891925954565186;0.541116307912152;0.5445379619778272;0.6474095934180973;0.5560479447347692;0.6344056527362161;0.5052397059726782;0.5703681818322633;0.44448841419920293;0.5727308204824083;0.5569454984447716;0.6549317530313805;0.5648088333168815;0.45654286353270834;0.5478446630888609;0.6443680660847025;0.6229432895861349;0.6563809758309085;0.6322386368478388;0.5606670675731058;0.6456680733452869;0.6233746426159141;0.6131302669760331;0.5987331210991036;0.6064740755556094;0.6143041025790031;0.620648452666043;0.5027579929272116;0.5728488469689748;0.6105893651780868;0.6317978973563282;0.5451786978214346;0.44602788457386316;0.5561341189389744;0.5052211108845601;0.5303829931465752;0.4508589383419023;0.5237883513162715;0.5351605330100845;0.5482904151678957;0.6008003016351143;0.5060441569059502;0.5827971854456891;0.6021914938635169;0.6314252851388665;0.6316175112158582;0.6138291145086834;0.5275954691507279;0.4974451143267533;0.6233379911346197;0.5536469138013406;0.5360736745956564;0.5428688130029745;0.4830122848504865;0.511641390350418;0.4737764387991082
6.txt;0.5458025583346666;0.5495314306891755;0.4475968355525259;0.5629329815753812;0.3971665509377612;0.6194893979424614;0.551515274840119;0.4628537275443786;0.6281148652089359;0.6212901159898434;0.6507717659109593;0.5731301467661152;0.5399026610775055;0.6110935700334074;0.545162485050273;inf;0.6349013979479672;0.6413172132718563;0.446240073760745;inf;0.5697665571389012;0.4949245410589586;0.5126015701965542;0.6613448004211427;0.6182474720759207;0.4490484221081198;0.5318176642583908;0.5418880838455061;0.6094507280468942;0.6181041041392518;0.6399055302740859;0.5254318685779662;0.6230391033438447;0.5363142377565535;0.610095857334001;0.516081956806201;0.6382102418286394;0.6144369660980227;0.5601263011513353;0.362762013346918;0.5620468168860453;0.5697983384968843;0.6635335394391776;0.5363625868590386;0.6258973102800609;0.47626902644888025;0.5420355149113287;0.42585937182593414;0.5242227191093028;0.5628763149624588;0.5957400982276799;0.5351960270386661;0.4472910285792785;0.5692464775593695;0.5917546489066006;0.6152876047008039;0.6654434933848382;0.6256743681003507;0.5310367126849216;0.6358973650900573;0.6228484723429657;0.6064107246084672;0.6030129841296545;0.604984253686792;0.6166078053445234;0.6108495888224037;0.5135836733518473;0.5512248540751252;0.6056316782540145;0.6265640861517698;0.5557398725194633;0.4746211127512262;0.5713294695011412;0.5279301911323262;0.5481184231452091;0.47874055577876123;0.5429079727577211;0.5243691493917038;0.5583896216584039;0.6045949316468427;0.43592931398489315;0.6016501111490261;0.5939235789020063;0.612963930091209;0.6203665062621565;0.6215564397507437;0.4812773831306066;0.5073381848819517;0.6154894710680088;0.5410645508017641;0.5366390594792002;0.5537601164026142;0.49145745412201014;0.4901162461962822;0.49310020785942044
16.txt;0.516605968154183;0.5899697344980203;0.5053131374301654;0.5952064092205689;0.5269190566074206;0.5996661873430803;0.5956083943679179;0.4983112406745384;0.6082889596066475;0.6052491426169584;0.6217894834340214;0.5939473288596325;0.5821194893879593;0.6120423138666898;0.5700640627536029;inf;0.5990052286475822;0.6138325327397585;0.45109108692932126;inf;0.6035362542885649;0.3651085560770959;0.3799678744198382;0.6271870038030147;0.6099290522388281;0.4534580259363056;0.5821020133983493;0.5826075710228394;0.6108174944927618;0.6098292470605026;0.60934113413002;0.5888590817720231;0.5921432756419256;0.5896437007548436;0.6037984748257563;0.3849917370734811;0.6083281036361209;0.6036577053123414;0.5902556383988857;0.502601079751404;0.5933374252622375;0.5909015862226962;0.6350786076992153;0.589982423842907;0.595475767559734;0.5530267027891579;0.5832839959064;0.43309495055179553;0.5641461700696945;0.600409290500097;0.6313723704821169;0.5665703402544722;0.4933345142680432;0.5998071045312752;0.6260395957144796;0.6029274081173092;0.6366307663546801;0.5956443412257896;0.5655572580693872;0.6113041410534382;0.6085811851805266;0.5907706177907567;0.5654740136604658;0.5849169420369149;0.5888759861049104;0.5789392928206175;0.5021059792300044;0.5313269663763674;0.5929585389830948;0.601543462994948;0.600332223592294;0.4778587329433913;0.5961736122529306;0.5022900361323464;0.5178619544439572;0.479883871300787;0.5087777556645156;0.4269191331562705;0.6004686416599301;0.5926179879053776;0.5038673250219728;0.5863401991800614;0.584388301377976;0.5871118403955037;0.6007957332869769;0.5980183332109628;0.5201501313400534;0.5051692053135204;0.5593107428883423;0.5715976785081052;0.5095184243881463;0.516880986992456;0.48979264271875617;0.5364830735118389;0.5272627903404141
23.txt;0.5969731571261016;0.5915426590064782;0.6059219803284289;0.6111108036298712;0.6005089564194045;0.6110308267727178;0.59923252591659;0.6006466552969497;0.5925569796955714;0.6063873249923002;0.637913153542258;0.6046430669081959;0.6280371121146571;0.6306431056605967;0.6215786548047312;inf;0.5786567096999542;0.6511079432222692;0.5908136476383378;inf;0.6133982580151663;0.5890566441165885;0.5998395758016483;0.6532178791636185;0.6295829064000109;0.591516037211304;0.6182342323281952;0.6164605302883241;0.6273271924019814;0.6273890591065352;0.6333764112564941;0.6219408044588887;0.6241814607345592;0.6251568510020458;0.6199111715905028;0.5984941934081262;0.6336541842690222;0.6248297895484514;0.6105201520955857;0.5996522754097782;0.6085329836888508;0.62086439998463;0.6562706812628462;0.6224783137380917;0.6063936792046952;0.6104111031297471;0.6194314697255913;0.5799154262827203;0.6310299223106397;0.6158105120885916;0.6424293830616105;0.6325952371467117;0.6030212853739692;0.6257297581455574;0.6425712346672865;0.6250992631483899;0.6492639866687613;0.6118500995692225;0.6260466793737304;0.6076583257532866;0.5914991983647394;0.5836488694831053;0.6101557370958439;0.5763325493507049;0.6121487971143577;0.6036056349057712;0.5874693169604776;0.6093601191027468;0.5929913994591938;0.6080752634370896;0.5920262431954538;0.5969013903872337;0.6114807693920702;0.6006530099037379;0.613394534088812;0.6018450762785761;0.6083448682564934;0.5903809685253388;0.5935224528582863;0.6132118753306223;0.6136278654050005;0.5947169523997295;0.6094730306495437;0.6103925517178177;0.6310872490455893;0.6167263591434875;0.5969386203443917;0.5963867830690481;0.633709739051555;0.6011097309604865;0.6043903781387091;0.6124554243898451;0.5852232364871655;0.6000750674907438;0.6180408413671089
34.txt;0.5422390263811213;0.5533322731577853;0.5000683292946753;0.5495959807666009;0.48481456716883775;0.6130930571858094;0.550008466009766;0.4425739354798633;0.6247914476538121;0.609852803681098;0.648092495199013;0.574279513920568;0.5693112662261156;0.6233549003094875;0.6055718302775207;inf;0.6188643058638071;0.6481702795400826;0.5165041681138887;inf;0.5624404170850835;0.502728708545756;0.5122132153295634;0.6423101425113109;0.5095454047942207;0.5208327761282324;0.5434971636753041;0.5445742224017867;0.5063163840497564;0.5126470073838312;0.5701681119228234;0.44081745452600823;0.6092437368073038;0.4447859905522635;0.5090744711544556;0.5164536220670305;0.576456179357076;0.5121778467607879;0.5581412066098959;0.47132533747441796;0.5595201023835541;0.5582674956761221;0.6588088171299282;0.4424537634257058;0.6140192743928975;0.4850383474112634;0.5412745101612556;0.507992368852066;0.5571534386811542;0.5627208099064585;0.6536400232602643;0.5543378017540249;0.4338163339713418;0.5587557702806079;0.6473413457895368;0.5086729129814707;0.6524351298602361;0.6111319179767487;0.553236403835825;0.6391395407801811;0.6190769006897456;0.6012125382559529;0.5911370319938472;0.6000102547425269;0.6138590555522874;0.6113438587587302;0.5160912568195246;0.5786349980474125;0.5906378841676848;0.6263544409116831;0.5565233549236682;0.53499109069176;0.5567887937247331;0.5285497759903167;0.5498364730352356;0.5392176632750034;0.5335328917821623;0.5155737567154499;0.5638640613683116;0.6030555889329768;0.5004076952420444;0.594371779227949;0.5940304029268081;0.5818268838780996;0.5689856768910603;0.621446804101179;0.5160859268137492;0.5325606214545645;0.6205785817916918;0.536642240872549;0.5538419949111786;0.5580118174520659;0.5184433951228649;0.4017826241450362;0.5521562965920059
4.txt;0.4685162963794529;0.5340531419894733;0.395579933579441;0.5344869841685503;0.42190014119948394;0.6120996453821701;0.527114679972358;0.41391415138191645;0.6316224657037854;0.6106979443982912;0.6429517367094755;0.5476301097488718;0.616367790044345;0.6124921496747733;0.6126536087900699;inf;0.6221097421458811;0.6472882608744577;0.49830599449850616;inf;0.5448461527991214;0.558315137270786;0.5674526686678528;0.6443837863102555;0.6328893585384403;0.5030041380645185;0.6021762629875168;0.6080249745993358;0.6324601617515087;0.6310347209729611;0.6359704082709174;0.6085400397763183;0.6184898084586511;0.6092534407451301;0.6282160527413838;0.5727410718593746;0.6379930575935223;0.6306451403400599;0.5386205283801109;0.3702160286243409;0.5446665221034416;0.5470906340305055;0.6497128296500444;0.6109720901142954;0.6184237876130491;0.46399027720730357;0.601208657073456;0.48706076216457667;0.5964113842719867;0.5397532819516584;0.659457500865981;0.600266492689514;0.40067507360983434;0.5440726004492714;0.64568025525406;0.6286165044654607;0.6653287081737667;0.6257884105723507;0.6054125650964266;0.6430448667632417;0.634369959263977;0.6203446700621041;0.6029299675128901;0.6169964744302094;0.6364370862397362;0.5994266953925789;0.5138234961836742;0.583918191605133;0.6204964249783974;0.6228880615105926;0.5341266893600468;0.4499392731279789;0.5508194298715625;0.5274769258091738;0.5371835125707338;0.4505172124213783;0.525694180494599;0.4846381197992139;0.5341986646719138;0.597437537384293;0.5426408984529616;0.5911146156515358;0.5870046128486559;0.6188721407986054;0.54271726848346;0.6113486863623524;0.49080317064973994;0.4959821668448439;0.6293180873329625;0.49957924764191614;0.538088126149285;0.5441886835621894;0.4391564507902064;0.461616850581221;0.4883406241940529
7.txt;0.5676638175644151;0.6175807326168923;0.596056674632905;0.6381036103695648;0.6050285266370227;0.6277891952798814;0.5690326813615624;0.4903412206552643;0.6260213317171288;0.6279347644437767;0.6399539411045362;0.6319745853014066;0.6419667799611254;0.6407620540036181;0.6441977901335928;inf;0.6471067867958591;0.6434515777553709;0.5841152786516082;inf;0.5539502971347435;0.591584022785673;0.5916521094536861;0.6395821508854028;0.568710212798645;0.5788055092043431;0.6411541421435664;0.6191001983613201;0.5768681302769916;0.5680674411062059;0.5122043100870617;0.5746097277165038;0.613683779615592;0.5676653293317002;0.5604472783308109;0.5873107531005058;0.5112974818719256;0.5522234410506953;0.6285048337094379;0.6180663464975445;0.6112939596827512;0.6187339136038247;0.5336843124746911;0.566083163613955;0.6136433409061187;0.6252462778030838;0.626758402677282;0.5832904172954148;0.6340065209010828;0.5610900992184166;0.6230649798370759;0.6186315201886925;0.4876010232059297;0.5576630425613709;0.6331048041123899;0.5550302562653048;0.6397899983452239;0.6039404087348859;0.6109733158727305;0.6221512193339875;0.4701555457782539;0.5789702084115349;0.6166730886739182;0.5723222853037743;0.5833426496912986;0.6454682404432915;0.6124053812507521;0.6189603938415329;0.5241841998349036;0.5709537233990257;0.6293857658139086;0.6220422686612713;0.6333694924288709;0.5985210175716293;0.6061141467343882;0.6194729650688232;0.6103535032232479;0.576302870690666;0.6280028365717596;0.63154316480075;0.6394817591069715;0.5795464245895364;0.6405377090706982;0.6120762145924834;0.6421672711805717;0.622887278556027;0.5872484484552644;0.6204672930981382;0.6570638155670413;0.5942271327821063;0.6217923464657104;0.6486408892138138;0.5719984586103574;0.5448047224551898;0.62429659098641
33.txt;0.48410835477438385;0.566745803245583;0.4901360814420725;0.6288068918968214;0.5170403982028163;0.6147409360590351;0.5801494210050028;0.4710411052514439;0.629259314842294;0.593186314491675;0.6441071700208437;0.6318063831695426;0.6299987606559247;0.6356691696281264;0.6296263572625567;inf;0.5781328422813192;0.6485389747249128;0.5349910887457172;inf;0.5725557195667306;0.5735440801322064;0.5733513926015152;0.6394448236012718;0.5750414326571055;0.49249769708034;0.5945809580105144;0.5428099990013583;0.621386358780681;0.6159920094677974;0.6236715318521026;0.6000221426593579;0.6044432962190985;0.5955053039013412;0.6238733974861759;0.5339968000031899;0.582164552739476;0.6165863382325559;0.6203298376999451;0.47513613499999646;0.5668603485797021;0.6120819577925913;0.6481077421679103;0.5544308890383454;0.6026462021102805;0.5217974786448499;0.5884722165079596;0.53390685216811;0.6144745405156425;0.6219394583243997;0.6012994902816269;0.5981445852401853;0.4668309342088018;0.6162074906995011;0.6365817781517988;0.575715054406314;0.6047281748437572;0.5618610144222648;0.5560993925918684;0.6321229649138209;0.5681798003036779;0.6080058605138836;0.5711731821760742;0.5992905896786711;0.6238371473587697;0.5982113124910984;0.5058985169150293;0.5825107946964755;0.5593368934190458;0.6128107146104828;0.6170676038512579;0.48855985693787;0.5861406783152434;0.47048043738586937;0.4827306860070417;0.48977937317355225;0.4814601990919271;0.5300952789268214;0.6124416011083204;0.6176914489491032;0.5622921318957703;0.5559003771524123;0.6224943934645972;0.6105753512133102;0.6271949142149158;0.6254370259589321;0.5204093503607186;0.5116959288138042;0.6230399630210196;0.5339775113192258;0.5254936555291063;0.5457077527404768;0.5173918995891664;0.50109670967642;0.5698984806131185
