;Implementation/mediastore.ejb.packaging/src/edu/kit/ipd/sdq/mediastore/ejb/packaging/PackagingImpl.java;Implementation/mediastore.ejb.userdbadapter/src/edu/kit/ipd/sdq/mediastore/ejb/userdbadapter/UserDBAdapterImpl.java;Implementation/mediastore.ejb.userdbadapter/src/edu/kit/ipd/sdq/mediastore/ejb/userdbadapter/DbManager.java;Implementation/mediastore.ejb.userdbadapter/src/edu/kit/ipd/sdq/mediastore/ejb/userdbadapter/User.java;Implementation/mediastore.ejb.facade/src/edu/kit/ipd/sdq/mediastore/ejb/facade/FacadeImpl.java;Implementation/mediastore.ejb.usermanagement/ejbModule/edu/kit/ipd/sdq/mediastore/ejb/usermanagement/SecurityUtil.java;Implementation/mediastore.ejb.usermanagement/ejbModule/edu/kit/ipd/sdq/mediastore/ejb/usermanagement/UserManagementImpl.java;Implementation/mediastore.ejb.mediamanagement/src/edu/kit/ipd/sdq/mediastore/ejb/mediamanagement/MediaManagementImpl.java;Implementation/mediastore.basic/src/edu/kit/ipd/sdq/mediastore/basic/BaseEJB.java;Implementation/mediastore.basic/src/edu/kit/ipd/sdq/mediastore/basic/exceptions/BadLoginDataException.java;Implementation/mediastore.basic/src/edu/kit/ipd/sdq/mediastore/basic/exceptions/PropertiesException.java;Implementation/mediastore.basic/src/edu/kit/ipd/sdq/mediastore/basic/exceptions/UserAlreadyExistsException.java;Implementation/mediastore.basic/src/edu/kit/ipd/sdq/mediastore/basic/exceptions/FailedDownloadException.java;Implementation/mediastore.basic/src/edu/kit/ipd/sdq/mediastore/basic/exceptions/AppException.java;Implementation/mediastore.basic/src/edu/kit/ipd/sdq/mediastore/basic/exceptions/FailedUploadException.java;Implementation/mediastore.basic/src/edu/kit/ipd/sdq/mediastore/basic/exceptions/DbException.java;Implementation/mediastore.basic/src/edu/kit/ipd/sdq/mediastore/basic/exceptions/UnknownServerException.java;Implementation/mediastore.basic/src/edu/kit/ipd/sdq/mediastore/basic/exceptions/ConversionException.java;Implementation/mediastore.basic/src/edu/kit/ipd/sdq/mediastore/basic/interfaces/IDownloadAudioWatermarkingRemote.java;Implementation/mediastore.basic/src/edu/kit/ipd/sdq/mediastore/basic/interfaces/IPackaging.java;Implementation/mediastore.basic/src/edu/kit/ipd/sdq/mediastore/basic/interfaces/IUserManagementLocal.java;Implementation/mediastore.basic/src/edu/kit/ipd/sdq/mediastore/basic/interfaces/IDownloadTagWatermarking.java;Implementation/mediastore.basic/src/edu/kit/ipd/sdq/mediastore/basic/interfaces/IDownloadTagWatermarkingRemote.java;Implementation/mediastore.basic/src/edu/kit/ipd/sdq/mediastore/basic/interfaces/IPackagingRemote.java;Implementation/mediastore.basic/src/edu/kit/ipd/sdq/mediastore/basic/interfaces/IMediaAccessLocal.java;Implementation/mediastore.basic/src/edu/kit/ipd/sdq/mediastore/basic/interfaces/IDownloadAudioWatermarkingLocal.java;Implementation/mediastore.basic/src/edu/kit/ipd/sdq/mediastore/basic/interfaces/IDownloadCache.java;Implementation/mediastore.basic/src/edu/kit/ipd/sdq/mediastore/basic/interfaces/IDownloadCacheLocal.java;Implementation/mediastore.basic/src/edu/kit/ipd/sdq/mediastore/basic/interfaces/IMediaAccess.java;Implementation/mediastore.basic/src/edu/kit/ipd/sdq/mediastore/basic/interfaces/IMediaAccessRemote.java;Implementation/mediastore.basic/src/edu/kit/ipd/sdq/mediastore/basic/interfaces/IMediaManagementRemote.java;Implementation/mediastore.basic/src/edu/kit/ipd/sdq/mediastore/basic/interfaces/IDownloadMediaAccess.java;Implementation/mediastore.basic/src/edu/kit/ipd/sdq/mediastore/basic/interfaces/ICacheMaintenanceRemote.java;Implementation/mediastore.basic/src/edu/kit/ipd/sdq/mediastore/basic/interfaces/IDownloadMediaAccessRemote.java;Implementation/mediastore.basic/src/edu/kit/ipd/sdq/mediastore/basic/interfaces/IMediaAccessMaintenance.java;Implementation/mediastore.basic/src/edu/kit/ipd/sdq/mediastore/basic/interfaces/IDownloadTagWatermarkingLocal.java;Implementation/mediastore.basic/src/edu/kit/ipd/sdq/mediastore/basic/interfaces/IMediaManagementLocal.java;Implementation/mediastore.basic/src/edu/kit/ipd/sdq/mediastore/basic/interfaces/IMediaAccessMaintenanceRemote.java;Implementation/mediastore.basic/src/edu/kit/ipd/sdq/mediastore/basic/interfaces/IUserDBAdapter.java;Implementation/mediastore.basic/src/edu/kit/ipd/sdq/mediastore/basic/interfaces/IFacade.java;Implementation/mediastore.basic/src/edu/kit/ipd/sdq/mediastore/basic/interfaces/IUserDBAdapterLocal.java;Implementation/mediastore.basic/src/edu/kit/ipd/sdq/mediastore/basic/interfaces/IUserDBAdapterRemote.java;Implementation/mediastore.basic/src/edu/kit/ipd/sdq/mediastore/basic/interfaces/IBusinessInterface.java;Implementation/mediastore.basic/src/edu/kit/ipd/sdq/mediastore/basic/interfaces/IDownloadMediaAccessLocal.java;Implementation/mediastore.basic/src/edu/kit/ipd/sdq/mediastore/basic/interfaces/ICacheMaintenance.java;Implementation/mediastore.basic/src/edu/kit/ipd/sdq/mediastore/basic/interfaces/IDownload.java;Implementation/mediastore.basic/src/edu/kit/ipd/sdq/mediastore/basic/interfaces/IDownloadCacheRemote.java;Implementation/mediastore.basic/src/edu/kit/ipd/sdq/mediastore/basic/interfaces/IDownloadAudioWatermarking.java;Implementation/mediastore.basic/src/edu/kit/ipd/sdq/mediastore/basic/interfaces/IDownloadReEncoder.java;Implementation/mediastore.basic/src/edu/kit/ipd/sdq/mediastore/basic/interfaces/IUserManagement.java;Implementation/mediastore.basic/src/edu/kit/ipd/sdq/mediastore/basic/interfaces/IFacadeLocal.java;Implementation/mediastore.basic/src/edu/kit/ipd/sdq/mediastore/basic/interfaces/IDownloadReEncoderRemote.java;Implementation/mediastore.basic/src/edu/kit/ipd/sdq/mediastore/basic/interfaces/IMediaManagement.java;Implementation/mediastore.basic/src/edu/kit/ipd/sdq/mediastore/basic/interfaces/IUserManagementRemote.java;Implementation/mediastore.basic/src/edu/kit/ipd/sdq/mediastore/basic/interfaces/IFacadeRemote.java;Implementation/mediastore.basic/src/edu/kit/ipd/sdq/mediastore/basic/interfaces/IMediaAccessMaintenanceLocal.java;Implementation/mediastore.basic/src/edu/kit/ipd/sdq/mediastore/basic/interfaces/IPackagingLocal.java;Implementation/mediastore.basic/src/edu/kit/ipd/sdq/mediastore/basic/interfaces/ICacheMaintenanceLocal.java;Implementation/mediastore.basic/src/edu/kit/ipd/sdq/mediastore/basic/interfaces/IDownloadReEncoderLocal.java;Implementation/mediastore.basic/src/edu/kit/ipd/sdq/mediastore/basic/config/Main.java;Implementation/mediastore.basic/src/edu/kit/ipd/sdq/mediastore/basic/config/InterfaceDetails.java;Implementation/mediastore.basic/src/edu/kit/ipd/sdq/mediastore/basic/config/ProvidedInterface.java;Implementation/mediastore.basic/src/edu/kit/ipd/sdq/mediastore/basic/config/GlobalConstantsContainer.java;Implementation/mediastore.basic/src/edu/kit/ipd/sdq/mediastore/basic/config/EJB.java;Implementation/mediastore.basic/src/edu/kit/ipd/sdq/mediastore/basic/config/RequiredInterface.java;Implementation/mediastore.basic/src/edu/kit/ipd/sdq/mediastore/basic/config/Config.java;Implementation/mediastore.basic/src/edu/kit/ipd/sdq/mediastore/basic/utils/FSUtil.java;Implementation/mediastore.basic/src/edu/kit/ipd/sdq/mediastore/basic/utils/LameUtil.java;Implementation/mediastore.basic/src/edu/kit/ipd/sdq/mediastore/basic/utils/JNDIUtil.java;Implementation/mediastore.basic/src/edu/kit/ipd/sdq/mediastore/basic/utils/PropertiesUtil.java;Implementation/mediastore.basic/src/edu/kit/ipd/sdq/mediastore/basic/data/CurrentUser.java;Implementation/mediastore.basic/src/edu/kit/ipd/sdq/mediastore/basic/data/AudioFile.java;Implementation/mediastore.basic/src/edu/kit/ipd/sdq/mediastore/basic/data/UserRegData.java;Implementation/mediastore.basic/src/edu/kit/ipd/sdq/mediastore/basic/data/FileContent.java;Implementation/mediastore.basic/src/edu/kit/ipd/sdq/mediastore/basic/data/FileContentLocal.java;Implementation/mediastore.basic/src/edu/kit/ipd/sdq/mediastore/basic/data/AudioFileInfo.java;Implementation/mediastore.basic/src/edu/kit/ipd/sdq/mediastore/basic/data/FileContentRemote.java;Implementation/mediastore.ejb.tagwatermarking/src/edu/kit/ipd/sdq/mediastore/ejb/tagwatermarking/TagWatermarkingImpl.java;Implementation/mediastore.web/src/edu/kit/ipd/sdq/mediastore/web/beans/SessionBean.java;Implementation/mediastore.web/src/edu/kit/ipd/sdq/mediastore/web/beans/RegisterBean.java;Implementation/mediastore.web/src/edu/kit/ipd/sdq/mediastore/web/beans/UploadBean.java;Implementation/mediastore.web/src/edu/kit/ipd/sdq/mediastore/web/beans/WebBeanManager.java;Implementation/mediastore.web/src/edu/kit/ipd/sdq/mediastore/web/beans/LoginBean.java;Implementation/mediastore.web/src/edu/kit/ipd/sdq/mediastore/web/filters/MainFilter.java;Implementation/mediastore.web/src/edu/kit/ipd/sdq/mediastore/web/utils/SessionUtil.java;Implementation/mediastore.web/src/edu/kit/ipd/sdq/mediastore/web/utils/MessageUtil.java;Implementation/mediastore.ejb.reencoder/src/edu/kit/ipd/sdq/mediastore/ejb/reencoder/ReEncoderImpl.java;Implementation/mediastore.ejb.cache/ejbModule/edu/kit/ipd/sdq/mediastore/ejb/cache/CacheSingleton.java;Implementation/mediastore.ejb.cache/ejbModule/edu/kit/ipd/sdq/mediastore/ejb/cache/IdAndBitrate.java;Implementation/mediastore.ejb.cache/ejbModule/edu/kit/ipd/sdq/mediastore/ejb/cache/CacheImpl.java;Implementation/mediastore.ejb.audiowatermarking/src/edu/kit/ipd/sdq/mediastore/ejb/audiowatermarking/WavFile.java;Implementation/mediastore.ejb.audiowatermarking/src/edu/kit/ipd/sdq/mediastore/ejb/audiowatermarking/WavFileException.java;Implementation/mediastore.ejb.audiowatermarking/src/edu/kit/ipd/sdq/mediastore/ejb/audiowatermarking/AudioWatermarkingImpl.java;Implementation/mediastore.ejb.mediaaccess/src/edu/kit/ipd/sdq/mediastore/ejb/mediaaccess/MediaAccessImpl.java;Implementation/mediastore.ejb.mediaaccess/src/edu/kit/ipd/sdq/mediastore/ejb/mediaaccess/DbManager.java;Implementation/mediastore.ejb.mediaaccess/src/edu/kit/ipd/sdq/mediastore/ejb/mediaaccess/Audio.java
9.txt;0.7492991089820862;0.5864279866218567;0.6424831748008728;0.48868486285209656;0.7303181290626526;0.48107996582984924;0.5658145546913147;0.8230094313621521;0.3908849060535431;0.42515790462493896;0.3009651005268097;0.4803760349750519;0.5341510772705078;0.36984121799468994;0.47947821021080017;0.0;0.5305200815200806;0.3149638772010803;0.660152018070221;0.0;0.5664923787117004;0.5990136861801147;0.650978684425354;0.3313470780849457;0.5703431367874146;0.7117908000946045;0.6773959398269653;0.7246939539909363;0.4976917505264282;0.5188812613487244;0.4599943459033966;0.6479076147079468;0.5542001724243164;0.6521536111831665;0.5188828110694885;0.689824104309082;0.5006405711174011;0.541400134563446;0.4923802614212036;0.7450625896453857;0.598522961139679;0.5208272337913513;0.28678426146507263;0.6945157051086426;0.5325556993484497;0.763519823551178;0.694969892501831;0.6361253261566162;0.6117751598358154;0.4728691577911377;0.36044374108314514;0.6423764824867249;0.8347981572151184;0.5077694654464722;0.32978230714797974;0.5854014754295349;0.3964662551879883;0.5914256572723389;0.7064306139945984;0.34953367710113525;0.5579584836959839;0.5782795548439026;0.568045973777771;0.6143248081207275;0.5125969052314758;0.5076915621757507;0.819766104221344;0.6380664110183716;0.6414322257041931;0.4710957705974579;0.5312291383743286;0.7505172491073608;0.5074309706687927;0.8340106010437012;0.7605801224708557;0.7338874936103821;0.7697640061378479;0.7090144753456116;0.5419243574142456;0.5153287649154663;0.6686244606971741;0.6854360103607178;0.438313752412796;0.5218743681907654;0.5818703770637512;0.5250033736228943;0.7893720865249634;0.7164010405540466;0.4467938542366028;0.7166932225227356;0.703460156917572;0.6152830123901367;0.7504215836524963;0.8016310334205627;0.745083212852478;0.5565593838691711
27.txt;0.6629259586334229;0.6073146462440491;0.5752608180046082;0.4839591979980469;0.6865485310554504;0.4967164099216461;0.5758617520332336;0.7963013052940369;0.42180153727531433;0.43297189474105835;0.3172628581523895;0.4586634635925293;0.4112144410610199;0.359249085187912;0.42399176955223083;0.0;0.42286568880081177;0.2837207019329071;0.6442393064498901;0.0;0.5148308873176575;0.5071849226951599;0.5892309546470642;0.3547782897949219;0.6583452820777893;0.6121456623077393;0.5557478666305542;0.5546708703041077;0.7166253924369812;0.6879339814186096;0.5511552095413208;0.7387484312057495;0.5450661182403564;0.7344698905944824;0.6840664148330688;0.5377683639526367;0.5049076676368713;0.6812905073165894;0.5110504031181335;0.7052909135818481;0.536294162273407;0.5457175970077515;0.23042477667331696;0.7083108425140381;0.5085848569869995;0.6280467510223389;0.612111508846283;0.6024559736251831;0.5154547691345215;0.5025269389152527;0.2917177677154541;0.5786928534507751;0.8008347749710083;0.5408692955970764;0.38168975710868835;0.6588066220283508;0.24606552720069885;0.493683785200119;0.5495650768280029;0.3455616533756256;0.5177164077758789;0.5703181624412537;0.5574063062667847;0.5939271450042725;0.4511728882789612;0.4873723089694977;0.7195533514022827;0.563996434211731;0.558517575263977;0.4602627456188202;0.4959942698478699;0.733665406703949;0.5090395212173462;0.7711594700813293;0.6693592667579651;0.6862514615058899;0.7583258748054504;0.6243252158164978;0.48940470814704895;0.43146398663520813;0.5884925127029419;0.5505821108818054;0.4010447561740875;0.5407000780105591;0.44087979197502136;0.4602208137512207;0.6967109441757202;0.6802977919578552;0.4390002489089966;0.6300544738769531;0.6447529196739197;0.5314546823501587;0.6943930983543396;0.858478844165802;0.6697786450386047;0.6151538491249084
1.txt;0.5687272548675537;0.5947819948196411;0.6511009335517883;0.4885307252407074;0.6680009365081787;0.47986647486686707;0.6175606846809387;0.6844505071640015;0.4363483488559723;0.4344754219055176;0.3228391706943512;0.5103791952133179;0.3758356273174286;0.3602135479450226;0.36248230934143066;0.0;0.43402063846588135;0.3139135539531708;0.493797242641449;0.0;0.6260080337524414;0.4318948984146118;0.5138851404190063;0.32576486468315125;0.5484450459480286;0.5116856694221497;0.41668301820755005;0.48973119258880615;0.5122260451316833;0.5266497731208801;0.5640692114830017;0.5273752212524414;0.5166372656822205;0.5530350804328918;0.562886655330658;0.5207812786102295;0.5760564804077148;0.5739881992340088;0.5092427730560303;0.6871806383132935;0.5785300135612488;0.5306540727615356;0.3735802173614502;0.5687441825866699;0.5065156817436218;0.5208854675292969;0.489168643951416;0.4303532838821411;0.37055695056915283;0.5906838774681091;0.49957937002182007;0.45105406641960144;0.6836416721343994;0.5925947427749634;0.5174239873886108;0.5946522355079651;0.3311672508716583;0.5231711864471436;0.47511231899261475;0.5549538731575012;0.5926148295402527;0.6168149709701538;0.5390436053276062;0.5905805826187134;0.5063942074775696;0.39922505617141724;0.5861779451370239;0.5061984062194824;0.5511888861656189;0.4595721662044525;0.5664809942245483;0.499602347612381;0.47651243209838867;0.6576173901557922;0.6094210743904114;0.48280519247055054;0.6164085268974304;0.5711671710014343;0.6274974346160889;0.5001317858695984;0.4386443793773651;0.7193412780761719;0.43366605043411255;0.5834752321243286;0.476870059967041;0.510007917881012;0.6147013902664185;0.5332658290863037;0.2786068320274353;0.5526576638221741;0.5166943669319153;0.2921690046787262;0.5847718715667725;0.6786898970603943;0.6378322839736938;0.47572532296180725
25.txt;0.7679513692855835;0.670419454574585;0.692592442035675;0.6268610954284668;0.7760941982269287;0.4715288579463959;0.6435180306434631;0.8183417320251465;0.41252565383911133;0.47693148255348206;0.2783942222595215;0.5593278408050537;0.49152156710624695;0.4358234107494354;0.47707000374794006;0.0;0.42681747674942017;0.29349762201309204;0.6745316982269287;0.0;0.5509567856788635;0.592248797416687;0.6421318054199219;0.32468822598457336;0.5106188654899597;0.6692978739738464;0.5796807408332825;0.5853274464607239;0.502574622631073;0.5191761255264282;0.4083167314529419;0.6232698559761047;0.4776316285133362;0.6297076344490051;0.49668771028518677;0.6190606355667114;0.3872533440589905;0.5212148427963257;0.5795302391052246;0.7975373864173889;0.6035723090171814;0.5821141600608826;0.24313603341579437;0.6229522824287415;0.4554506838321686;0.7959635853767395;0.6155259609222412;0.658079981803894;0.5488772392272949;0.5334732532501221;0.2740668058395386;0.5899109244346619;0.8345475792884827;0.5496124625205994;0.3247777819633484;0.5156879425048828;0.2701074182987213;0.45332765579223633;0.5893945693969727;0.35113561153411865;0.5333225131034851;0.6371358036994934;0.48547619581222534;0.6442474126815796;0.509387731552124;0.5007702708244324;0.7643262147903442;0.6136363744735718;0.6380026340484619;0.4526035189628601;0.6282920837402344;0.7601844668388367;0.5914903879165649;0.7834125757217407;0.6547070145606995;0.7597084045410156;0.7305436730384827;0.7642577886581421;0.5923724174499512;0.5827723145484924;0.6478650569915771;0.6402643918991089;0.515637993812561;0.5720170140266418;0.57462477684021;0.585425853729248;0.7837011218070984;0.6688397526741028;0.3956153392791748;0.7182906866073608;0.6762490272521973;0.5375568270683289;0.8206308484077454;0.8305515646934509;0.7705076932907104;0.6419877409934998
35.txt;0.6702337265014648;0.7324431538581848;0.722069263458252;0.6025861501693726;0.6978914737701416;0.5146346092224121;0.6658798456192017;0.7157295346260071;0.4859049618244171;0.5582494139671326;0.29006028175354004;0.5279957056045532;0.3652685880661011;0.29381266236305237;0.4121796786785126;0.0;0.47722434997558594;0.30750855803489685;0.4624615013599396;0.0;0.5405306220054626;0.4904736578464508;0.5477797985076904;0.30009740591049194;0.462455153465271;0.44797220826148987;0.5343325138092041;0.5349728465080261;0.45833930373191833;0.4754093289375305;0.4188652038574219;0.5027174353599548;0.5380750894546509;0.5230439901351929;0.48128989338874817;0.521058976650238;0.39512479305267334;0.499310165643692;0.5665689706802368;0.7202478647232056;0.5776739120483398;0.5608963370323181;0.1904115080833435;0.5114074349403381;0.5405594706535339;0.5739848613739014;0.5677829384803772;0.4059586822986603;0.44153738021850586;0.5393580794334412;0.2805802524089813;0.4938218593597412;0.7100836038589478;0.5423510074615479;0.3355597257614136;0.49079015851020813;0.23991180956363678;0.5113588571548462;0.48586970567703247;0.31988584995269775;0.4616028964519501;0.5289444923400879;0.549977719783783;0.5798134207725525;0.4447539746761322;0.5006551146507263;0.7508651614189148;0.5737598538398743;0.598097562789917;0.4515431225299835;0.6028043627738953;0.6155608296394348;0.6790019273757935;0.7288265228271484;0.6313979029655457;0.6109761595726013;0.6714616417884827;0.6487789750099182;0.5836115479469299;0.5280826687812805;0.5456823110580444;0.5613334774971008;0.4622563123703003;0.5425760746002197;0.5549408793449402;0.49774572253227234;0.6880190372467041;0.6814284920692444;0.41179800033569336;0.6578751802444458;0.6557253003120422;0.49560025334358215;0.6185242533683777;0.7604936957359314;0.6557907462120056;0.43651649355888367
24.txt;0.6952695846557617;0.6696450710296631;0.7155060172080994;0.6561122536659241;0.7379266023635864;0.4612569212913513;0.6643593907356262;0.7838397026062012;0.357469767332077;0.46137550473213196;0.31680023670196533;0.5261757373809814;0.3497910499572754;0.4357230067253113;0.34350618720054626;0.0;0.4595308005809784;0.26118287444114685;0.5952876806259155;0.0;0.5943419933319092;0.5767022967338562;0.5839612483978271;0.23556390404701233;0.45546022057533264;0.6283547282218933;0.5484849810600281;0.5591275691986084;0.4313771426677704;0.4247548282146454;0.4138619303703308;0.5305898785591125;0.42537829279899597;0.5198933482170105;0.41947656869888306;0.6044012904167175;0.4361664652824402;0.4248996675014496;0.580255389213562;0.7873222231864929;0.6020951271057129;0.5404833555221558;0.31863313913345337;0.5449890494346619;0.42604950070381165;0.6787488460540771;0.5461626052856445;0.6105207800865173;0.5039346814155579;0.5915869474411011;0.3087145984172821;0.5106247663497925;0.8047381043434143;0.5506042838096619;0.3004031479358673;0.45103126764297485;0.26609647274017334;0.4440441131591797;0.5505273342132568;0.29582369327545166;0.5045703053474426;0.5241700410842896;0.49323174357414246;0.576414942741394;0.3645283579826355;0.4988403618335724;0.773069441318512;0.5829075574874878;0.5428659915924072;0.43599510192871094;0.6467181444168091;0.825323760509491;0.6136848330497742;0.7812178730964661;0.6745314002037048;0.8334876298904419;0.7118498682975769;0.6881837248802185;0.5915834307670593;0.5755642056465149;0.6366977691650391;0.6494603753089905;0.46524837613105774;0.4798930585384369;0.47685515880584717;0.5264230370521545;0.7118438482284546;0.6788914799690247;0.4714750349521637;0.6411811113357544;0.6346755623817444;0.577639102935791;0.7269353270530701;0.7400941848754883;0.7831998467445374;0.71966952085495
32.txt;0.6009421348571777;0.6089207530021667;0.6471326351165771;0.5402161478996277;0.6657168865203857;0.6114220023155212;0.6117686629295349;0.6485095024108887;0.3891333043575287;0.5172513723373413;0.28892946243286133;0.4895898699760437;0.34581926465034485;0.3432534635066986;0.3382871747016907;0.0;0.44500064849853516;0.2275393009185791;0.4293261766433716;0.0;0.5239868760108948;0.44454383850097656;0.49997013807296753;0.2787969410419464;0.45330071449279785;0.445686399936676;0.48843827843666077;0.5221935510635376;0.4156634509563446;0.4343583881855011;0.4159742295742035;0.4539323151111603;0.5126090049743652;0.47538435459136963;0.45254939794540405;0.5072616934776306;0.4260340929031372;0.4681563377380371;0.48184236884117126;0.6747546792030334;0.5329415798187256;0.4881729185581207;0.2164553701877594;0.48959341645240784;0.5014283061027527;0.5456130504608154;0.5212790369987488;0.37675416469573975;0.3851463794708252;0.4893336594104767;0.3424399197101593;0.4391888976097107;0.6390820145606995;0.49513885378837585;0.3527660071849823;0.485817551612854;0.28517988324165344;0.5196127891540527;0.46319663524627686;0.3523614704608917;0.42484167218208313;0.4860885441303253;0.5524832606315613;0.5510215163230896;0.3936547338962555;0.45660725235939026;0.5994582176208496;0.516035795211792;0.5483324527740479;0.42936789989471436;0.5326220393180847;0.49631625413894653;0.5705876350402832;0.6351365447044373;0.5587183237075806;0.49964267015457153;0.594645082950592;0.6073055267333984;0.47130197286605835;0.5270625948905945;0.41624510288238525;0.5940006375312805;0.524833083152771;0.5422905683517456;0.46104228496551514;0.44030413031578064;0.618048906326294;0.5743786096572876;0.3164019286632538;0.6124234795570374;0.5306200385093689;0.37321874499320984;0.5845491290092468;0.6583628058433533;0.5965928435325623;0.3835892379283905
10.txt;0.5161381959915161;0.6772912740707397;0.6852027773857117;0.6170927286148071;0.638084352016449;0.5329288840293884;0.7063432335853577;0.6107274293899536;0.3581402599811554;0.5310752391815186;0.2275310605764389;0.6092000603675842;0.4607602059841156;0.37870359420776367;0.4747704863548279;0.0;0.41035139560699463;0.2316952794790268;0.441775381565094;0.0;0.5999914407730103;0.4252997636795044;0.4967489540576935;0.30266833305358887;0.4774472415447235;0.42810723185539246;0.3802134394645691;0.41834500432014465;0.4746445119380951;0.48839935660362244;0.4376215636730194;0.5113228559494019;0.4355429708957672;0.5309810638427734;0.5059882402420044;0.471198171377182;0.4157409965991974;0.5198577046394348;0.5949603915214539;0.6507015824317932;0.6033375263214111;0.5831048488616943;0.2999846935272217;0.5207774639129639;0.429900199174881;0.5149466395378113;0.44909393787384033;0.37846553325653076;0.3875626027584076;0.6119197607040405;0.3007730543613434;0.45290425419807434;0.6044914722442627;0.5974365472793579;0.3544575870037079;0.5132453441619873;0.24553628265857697;0.4096314013004303;0.44460800290107727;0.27220848202705383;0.5382530093193054;0.5982569456100464;0.4055187404155731;0.5799493789672852;0.5647532939910889;0.3793911933898926;0.5367200970649719;0.5215802788734436;0.5486217141151428;0.3845055103302002;0.6181463599205017;0.4381600022315979;0.5690712332725525;0.5904315114021301;0.4680386483669281;0.4524100720882416;0.5232443809509277;0.5659077763557434;0.6019232273101807;0.5868396162986755;0.45290130376815796;0.6018477082252502;0.5701664686203003;0.4851055443286896;0.45512524247169495;0.4986594021320343;0.6221362948417664;0.45938390493392944;0.24201086163520813;0.5299583077430725;0.4367770254611969;0.2644738554954529;0.5542447566986084;0.6420131921768188;0.5754971504211426;0.38385772705078125
11.txt;0.5563557147979736;0.7008809447288513;0.7213526368141174;0.6636428236961365;0.6753982305526733;0.5378093719482422;0.7791273593902588;0.6859235167503357;0.4212861657142639;0.5105900168418884;0.2603370249271393;0.4969119429588318;0.37115976214408875;0.34256723523139954;0.3763909637928009;0.0;0.41610875725746155;0.2951843738555908;0.4328005015850067;0.0;0.6717696785926819;0.43746843934059143;0.49919071793556213;0.288363516330719;0.38940930366516113;0.4022755026817322;0.40296420454978943;0.411342978477478;0.38957682251930237;0.4201962351799011;0.48089107871055603;0.4430124759674072;0.49635258316993713;0.47039395570755005;0.48641636967658997;0.45577093958854675;0.44211524724960327;0.49872174859046936;0.6162847876548767;0.6813284754753113;0.5953284502029419;0.5921037793159485;0.28483036160469055;0.444661408662796;0.48426640033721924;0.5624315142631531;0.4595716595649719;0.3755366802215576;0.3947097063064575;0.7350077629089355;0.26290163397789;0.45140400528907776;0.6772989630699158;0.682051420211792;0.3395630419254303;0.47729188203811646;0.1966092586517334;0.4532514214515686;0.4250756502151489;0.28085246682167053;0.46407148241996765;0.5312706232070923;0.41971853375434875;0.5783218741416931;0.44826173782348633;0.40927213430404663;0.5742477774620056;0.48445597290992737;0.5053222179412842;0.39389532804489136;0.64268958568573;0.4828936755657196;0.6079826354980469;0.5834483504295349;0.4904027283191681;0.499602347612381;0.5550536513328552;0.6238300204277039;0.6375843286514282;0.5828197002410889;0.46573227643966675;0.6194934844970703;0.6355047225952148;0.5056867599487305;0.5604636669158936;0.5009174942970276;0.6218371987342834;0.5062308311462402;0.2623461186885834;0.5826064944267273;0.447856605052948;0.3113718032836914;0.6038028597831726;0.642154335975647;0.6301839351654053;0.4006875455379486
17.txt;0.6229126453399658;0.6569947600364685;0.6710895299911499;0.5402106642723083;0.6689965128898621;0.48776617646217346;0.6494145393371582;0.8072855472564697;0.4322095811367035;0.4556644558906555;0.2697145342826843;0.4778379499912262;0.3842943608760834;0.3317789137363434;0.377482146024704;0.0;0.4386080801486969;0.3354300856590271;0.5983051061630249;0.0;0.606923520565033;0.5915309190750122;0.6317721009254456;0.30560213327407837;0.4705638587474823;0.5688262581825256;0.45733755826950073;0.45787617564201355;0.4924398958683014;0.5026383996009827;0.602213978767395;0.5379700064659119;0.4997085928916931;0.5535672903060913;0.5356740355491638;0.5850067138671875;0.561090886592865;0.5444926619529724;0.5949033498764038;0.6930830478668213;0.5826486349105835;0.5844507813453674;0.2924601137638092;0.5264084935188293;0.4790537357330322;0.5918117165565491;0.5106227397918701;0.5734376311302185;0.5025505423545837;0.6464155316352844;0.2619255483150482;0.5442422032356262;0.8206275105476379;0.6244337558746338;0.34460708498954773;0.5210534930229187;0.20532269775867462;0.4522897005081177;0.5178660750389099;0.35549017786979675;0.4559445083141327;0.4582744538784027;0.5575984120368958;0.5302634239196777;0.3779737651348114;0.4582465887069702;0.7184321880340576;0.5780532956123352;0.49081769585609436;0.4174094796180725;0.5563615560531616;0.7196858525276184;0.5401440262794495;0.7258798480033875;0.6252387166023254;0.6722988486289978;0.6922303438186646;0.6793842315673828;0.5829364061355591;0.4460470378398895;0.5304436683654785;0.6342095136642456;0.4209972023963928;0.5492740869522095;0.49500125646591187;0.5215250253677368;0.6932420134544373;0.6258057355880737;0.4115382730960846;0.587063729763031;0.6428757905960083;0.5101454854011536;0.69026118516922;0.7452391386032104;0.757007360458374;0.63740473985672
8.txt;0.41722816228866577;0.477371484041214;0.4723614752292633;0.2979726493358612;0.43488866090774536;0.3825664520263672;0.4981176555156708;0.6309271454811096;0.38293734192848206;0.3530210256576538;0.2570028305053711;0.3158285617828369;0.2237994521856308;0.2351483255624771;0.22527045011520386;0.0;0.3064693808555603;0.30008476972579956;0.39529865980148315;0.0;0.5706304907798767;0.27208155393600464;0.3695155680179596;0.2945402264595032;0.5189698338508606;0.3907107412815094;0.23936951160430908;0.31614458560943604;0.5209700465202332;0.5178370475769043;0.6727548241615295;0.4613582491874695;0.4608129858970642;0.48759034276008606;0.5927859544754028;0.354299932718277;0.6658971905708313;0.5852781534194946;0.4176759421825409;0.42538872361183167;0.46822047233581543;0.4481777548789978;0.3176003396511078;0.48524072766304016;0.4301263391971588;0.3388791084289551;0.3353290259838104;0.3248097896575928;0.2915354073047638;0.5655021667480469;0.28635528683662415;0.37381434440612793;0.6276151537895203;0.5591320395469666;0.32379040122032166;0.5897409319877625;0.2593782842159271;0.44627681374549866;0.37318867444992065;0.3193669617176056;0.45822983980178833;0.4090642035007477;0.5028295516967773;0.43259018659591675;0.3550415337085724;0.27918124198913574;0.4323067367076874;0.3588966131210327;0.39345237612724304;0.3512895107269287;0.3708377778530121;0.39569035172462463;0.36277031898498535;0.5114092230796814;0.4804925322532654;0.36322489380836487;0.5027983784675598;0.418168842792511;0.41829490661621094;0.2776513993740082;0.25989657640457153;0.5211652517318726;0.2303256392478943;0.4527558982372284;0.28878486156463623;0.3865194022655487;0.4664112627506256;0.3919857144355774;0.2261067032814026;0.3948934078216553;0.3880908489227295;0.20883026719093323;0.4557866156101227;0.5856917500495911;0.5080199837684631;0.3789878487586975
2.txt;0.4835186302661896;0.6415129899978638;0.6571740508079529;0.6459189653396606;0.6322988271713257;0.5336673259735107;0.6963030695915222;0.5608574151992798;0.33550751209259033;0.4953862428665161;0.18210375308990479;0.5343331694602966;0.44478219747543335;0.322258859872818;0.4722708761692047;0.0;0.3471149504184723;0.2405746728181839;0.39354774355888367;0.0;0.5619572401046753;0.4167575240135193;0.4649340510368347;0.2539858818054199;0.4436630606651306;0.39690783619880676;0.3758717477321625;0.40994390845298767;0.43610501289367676;0.4370761811733246;0.3470986783504486;0.4913783669471741;0.4085623323917389;0.4956638813018799;0.4867371618747711;0.45911499857902527;0.3434033989906311;0.4853747487068176;0.5677511096000671;0.6579708456993103;0.5763756632804871;0.5399537682533264;0.2833600342273712;0.5002924203872681;0.4024757742881775;0.5506736040115356;0.42109182476997375;0.3462773561477661;0.3587995767593384;0.5695847868919373;0.28522032499313354;0.4063017666339874;0.5637497901916504;0.5429825782775879;0.31072211265563965;0.49344906210899353;0.23553547263145447;0.40215566754341125;0.41587671637535095;0.2592034935951233;0.4549677073955536;0.5974445343017578;0.35234445333480835;0.550851583480835;0.5691566467285156;0.3383474051952362;0.4866454601287842;0.4515867829322815;0.49290186166763306;0.3319486975669861;0.6335906386375427;0.38285842537879944;0.586091935634613;0.528869092464447;0.4338023364543915;0.41228941082954407;0.47582608461380005;0.550582230091095;0.6193745136260986;0.6214486360549927;0.47866156697273254;0.5688650608062744;0.6832063794136047;0.4307844936847687;0.5469534397125244;0.4289160668849945;0.5622164607048035;0.4118407368659973;0.22185462713241577;0.5048152804374695;0.37271252274513245;0.22021915018558502;0.5256177186965942;0.6005602478981018;0.5076997876167297;0.3280704915523529
26.txt;0.6590379476547241;0.6954711675643921;0.6999260783195496;0.6087409853935242;0.7313942909240723;0.510556161403656;0.6643346548080444;0.8127245903015137;0.4211830198764801;0.4805349111557007;0.3239942193031311;0.5317854881286621;0.44371265172958374;0.466450035572052;0.48984989523887634;0.0;0.4703693687915802;0.311649888753891;0.6797277331352234;0.0;0.5894305109977722;0.5526941418647766;0.6392245888710022;0.38099852204322815;0.6435996294021606;0.6505658030509949;0.5899803638458252;0.5963340997695923;0.6766858696937561;0.6718524694442749;0.5569565892219543;0.7415202260017395;0.5386200547218323;0.7470835447311401;0.6410209536552429;0.5901381373405457;0.5127493739128113;0.6576253175735474;0.6111336946487427;0.7710520625114441;0.6320075988769531;0.6321231722831726;0.30151158571243286;0.7227850556373596;0.4718206226825714;0.6885746717453003;0.6520243883132935;0.6317461133003235;0.5735636353492737;0.5789171457290649;0.2969968616962433;0.6371060609817505;0.8317428231239319;0.6099821329116821;0.3844773769378662;0.6359426975250244;0.27611151337623596;0.48913922905921936;0.6127157211303711;0.35929784178733826;0.4835175573825836;0.5271864533424377;0.5708056688308716;0.5815094709396362;0.433180034160614;0.5229478478431702;0.7563680410385132;0.5927886962890625;0.567184567451477;0.4707104563713074;0.6011574864387512;0.7501614689826965;0.598838746547699;0.7881072759628296;0.692298412322998;0.706658124923706;0.7698280811309814;0.6485320925712585;0.5950517058372498;0.49147945642471313;0.6987045407295227;0.6164968013763428;0.48630863428115845;0.5550246238708496;0.5058006644248962;0.48203951120376587;0.7324917316436768;0.678885817527771;0.4788234531879425;0.6363409757614136;0.6721184253692627;0.561669647693634;0.7115405201911926;0.8574562668800354;0.7338219285011292;0.6384878158569336
13.txt;0.6031696200370789;0.7385584712028503;0.7869775295257568;0.6749861240386963;0.7313401699066162;0.6508382558822632;0.7764596939086914;0.7351782917976379;0.40160098671913147;0.5916550755500793;0.2956808805465698;0.5901037454605103;0.40030530095100403;0.4027550518512726;0.4169824719429016;0.0;0.4607945680618286;0.2958628833293915;0.5082994699478149;0.0;0.6739475131034851;0.47074568271636963;0.5675088167190552;0.3695007562637329;0.5288470387458801;0.473326712846756;0.4930320084095001;0.5148741602897644;0.5313841104507446;0.5616171956062317;0.5909102559089661;0.5526430010795593;0.581237256526947;0.5906729102134705;0.5717846751213074;0.5173113942146301;0.5467296838760376;0.5983273386955261;0.6138672232627869;0.7539363503456116;0.6277636885643005;0.6287043690681458;0.3211221396923065;0.5621289610862732;0.5622009634971619;0.5525594353675842;0.5707302689552307;0.4230514168739319;0.42170095443725586;0.6951368451118469;0.36842501163482666;0.5127008557319641;0.7305822968482971;0.6908255219459534;0.45974674820899963;0.5743126273155212;0.2635723650455475;0.5315380096435547;0.48190775513648987;0.37162888050079346;0.487000435590744;0.5018061399459839;0.5787032842636108;0.5549620985984802;0.4323669970035553;0.508826732635498;0.6638880968093872;0.6413941979408264;0.5637414455413818;0.46329259872436523;0.6724975109100342;0.5400721430778503;0.6546603441238403;0.6951737403869629;0.6116015315055847;0.5270832777023315;0.6689272522926331;0.626754641532898;0.6315316557884216;0.561931312084198;0.48429742455482483;0.6617652177810669;0.5901225209236145;0.6060270071029663;0.5071662068367004;0.5525803565979004;0.6884737610816956;0.6229042410850525;0.38273248076438904;0.6285833120346069;0.5828516483306885;0.3839511573314667;0.6161301136016846;0.7357704043388367;0.6898600459098816;0.4597717225551605
19.txt;0.7215333580970764;0.5992997884750366;0.6292434930801392;0.5030885934829712;0.7254965305328369;0.4686826467514038;0.5666546821594238;0.8064361810684204;0.37367895245552063;0.4326043426990509;0.23745819926261902;0.5315818190574646;0.5401554703712463;0.37267255783081055;0.48596104979515076;0.0;0.4257640540599823;0.30305033922195435;0.669348418712616;0.0;0.5181342959403992;0.606772243976593;0.6359058022499084;0.2897835969924927;0.5014249682426453;0.6831408739089966;0.6089438199996948;0.6106101274490356;0.48678871989250183;0.49091190099716187;0.42812034487724304;0.6354528069496155;0.45675092935562134;0.6256778240203857;0.48332634568214417;0.633487343788147;0.4277549088001251;0.49684008955955505;0.5166441202163696;0.753713071346283;0.5557743310928345;0.5191028714179993;0.24292796850204468;0.6350821256637573;0.45460954308509827;0.7365840077400208;0.6206551194190979;0.6719374656677246;0.605301558971405;0.4881511330604553;0.28382009267807007;0.6167241334915161;0.8251537680625916;0.49945709109306335;0.3064603805541992;0.5068913102149963;0.2752717137336731;0.4527030885219574;0.6382582783699036;0.34702765941619873;0.5064926743507385;0.6078850626945496;0.5473021268844604;0.5898875594139099;0.5372118949890137;0.49254512786865234;0.8222513794898987;0.6402723789215088;0.5759252905845642;0.425666868686676;0.5428582429885864;0.7902445793151855;0.5069682002067566;0.8172319531440735;0.6928252577781677;0.7477492690086365;0.7437722086906433;0.6775043606758118;0.5610828995704651;0.5051175355911255;0.6652001738548279;0.6197864413261414;0.4222707152366638;0.5269175171852112;0.5351885557174683;0.5161210894584656;0.7762035131454468;0.6963773369789124;0.4395443797111511;0.649908185005188;0.7434871792793274;0.6550107002258301;0.7350965738296509;0.7938094139099121;0.7546558380126953;0.6069355607032776
36.txt;0.6622608304023743;0.7152078151702881;0.7271170020103455;0.5852320194244385;0.7283936142921448;0.5401672124862671;0.6786733865737915;0.743194043636322;0.3651916980743408;0.576370120048523;0.30233535170555115;0.5498064160346985;0.4470851719379425;0.4070953130722046;0.5315284132957458;0.0;0.4597800076007843;0.34927257895469666;0.5127143263816833;0.0;0.5672779083251953;0.5188761353492737;0.5621155500411987;0.28355854749679565;0.5023443102836609;0.5168657898902893;0.5921310186386108;0.5894096493721008;0.49891915917396545;0.49663758277893066;0.43980586528778076;0.5769537091255188;0.5331273078918457;0.5761790871620178;0.5155484676361084;0.5539423227310181;0.4345485270023346;0.5198571681976318;0.5620779991149902;0.7647302746772766;0.5838950276374817;0.549750804901123;0.29271286725997925;0.5803170800209045;0.5310903787612915;0.6006356477737427;0.6044172048568726;0.47875505685806274;0.47400566935539246;0.5614185929298401;0.30934077501296997;0.5110079050064087;0.7466115951538086;0.5509065985679626;0.34019842743873596;0.526566207408905;0.25904911756515503;0.5245463848114014;0.5223737359046936;0.2770844101905823;0.4434297978878021;0.4798775315284729;0.6235402226448059;0.5497100353240967;0.4400363862514496;0.5612715482711792;0.7701756358146667;0.5797454118728638;0.5510589480400085;0.4515714943408966;0.5995264649391174;0.669012188911438;0.6669778227806091;0.7856678366661072;0.6701183915138245;0.6431738138198853;0.7096589207649231;0.6168171167373657;0.5702071785926819;0.5294483304023743;0.6721965670585632;0.6016431450843811;0.4779536724090576;0.5106789469718933;0.49576637148857117;0.4888218939304352;0.684662401676178;0.6678931713104248;0.44213807582855225;0.6365889310836792;0.6627572774887085;0.5496172904968262;0.6127501130104065;0.7663480043411255;0.6813697814941406;0.48159074783325195
22.txt;0.6653565764427185;0.5504744648933411;0.5460940599441528;0.4067171812057495;0.6546072959899902;0.49631837010383606;0.519636869430542;0.7540757656097412;0.41026997566223145;0.4091626703739166;0.28900301456451416;0.4605778455734253;0.3852028548717499;0.285877525806427;0.38490816950798035;0.0;0.4325840473175049;0.316670686006546;0.5281994342803955;0.0;0.4893221855163574;0.46595752239227295;0.501759946346283;0.24873360991477966;0.46384939551353455;0.5411056876182556;0.49756336212158203;0.5072748064994812;0.4591367244720459;0.4511255621910095;0.46951359510421753;0.49618667364120483;0.5173189640045166;0.49744945764541626;0.5081358551979065;0.5020331740379333;0.4735296368598938;0.5002180337905884;0.4410873353481293;0.663827121257782;0.4778267741203308;0.44381552934646606;0.21936070919036865;0.5066749453544617;0.5509188175201416;0.5564161539077759;0.513178288936615;0.5185364484786987;0.41949743032455444;0.47276613116264343;0.315406858921051;0.4511461853981018;0.7514835000038147;0.46862053871154785;0.3342388868331909;0.5133520364761353;0.24150511622428894;0.5174242258071899;0.46865609288215637;0.411476731300354;0.5265657305717468;0.5081948041915894;0.5958748459815979;0.5769435167312622;0.4679223299026489;0.46344056725502014;0.7209604382514954;0.5546264052391052;0.5388596653938293;0.4468894600868225;0.4538322985172272;0.7119643092155457;0.45517000555992126;0.7574760913848877;0.651687502861023;0.6649190187454224;0.6975667476654053;0.6137711405754089;0.4595267176628113;0.38894444704055786;0.48763564229011536;0.5716811418533325;0.30104202032089233;0.5300431251525879;0.4354698956012726;0.4915495812892914;0.661316454410553;0.6922703981399536;0.462523490190506;0.6203407049179077;0.6226373910903931;0.5071046948432922;0.658427357673645;0.7338569164276123;0.6739344596862793;0.5742344260215759
28.txt;0.7228195667266846;0.4618109166622162;0.5111696124076843;0.38797134160995483;0.6602785587310791;0.3583797514438629;0.41858169436454773;0.7616163492202759;0.2839256525039673;0.3362612724304199;0.25658684968948364;0.48186978697776794;0.5089213848114014;0.33343154191970825;0.41894760727882385;0.0;0.38340210914611816;0.25035059452056885;0.642507016658783;0.0;0.3824480473995209;0.5935835838317871;0.6029226779937744;0.2461029589176178;0.42537248134613037;0.6601063013076782;0.5825849175453186;0.5730620622634888;0.4077443778514862;0.41283100843429565;0.33057963848114014;0.5695508718490601;0.4004509747028351;0.5553920269012451;0.40284568071365356;0.60524582862854;0.3335418105125427;0.41591817140579224;0.38539791107177734;0.6731290221214294;0.43303459882736206;0.4013949930667877;0.15623094141483307;0.5670090913772583;0.41092392802238464;0.7870272397994995;0.5780413746833801;0.663702666759491;0.574639081954956;0.33604896068573;0.20208574831485748;0.5711147785186768;0.7866629958152771;0.36587774753570557;0.21428926289081573;0.4273228049278259;0.24127808213233948;0.4009250998497009;0.5955250859260559;0.31286194920539856;0.42345577478408813;0.5339446067810059;0.4601901173591614;0.5184171795845032;0.4683130383491516;0.41190722584724426;0.7250621318817139;0.6070989370346069;0.5437748432159424;0.4170445203781128;0.44137680530548096;0.7418599724769592;0.4234442710876465;0.7215175628662109;0.6025809645652771;0.7296406030654907;0.6506446003913879;0.7034748792648315;0.43515095114707947;0.4328973889350891;0.5841972827911377;0.541533887386322;0.30355340242385864;0.45140522718429565;0.5029651522636414;0.44576552510261536;0.7389411330223083;0.6396691799163818;0.4219944179058075;0.6603269577026367;0.6207253336906433;0.5587931871414185;0.7629101872444153;0.7431503534317017;0.7005155682563782;0.591089129447937
5.txt;0.4868018329143524;0.4806056022644043;0.4834665060043335;0.31229355931282043;0.5288447141647339;0.38188084959983826;0.44512978196144104;0.5364421010017395;0.32774001359939575;0.36014291644096375;0.25773531198501587;0.49017632007598877;0.37943920493125916;0.25565141439437866;0.35757485032081604;0.0;0.3400169014930725;0.2767748534679413;0.39742401242256165;0.0;0.4379556179046631;0.32590386271476746;0.3953383266925812;0.2605784833431244;0.45647889375686646;0.4111272096633911;0.29989686608314514;0.3651241660118103;0.434501588344574;0.4391116797924042;0.3926865756511688;0.4384447932243347;0.41950395703315735;0.4557165801525116;0.49901846051216125;0.3999938666820526;0.40059328079223633;0.4976945221424103;0.39316675066947937;0.5225386023521423;0.4506625533103943;0.4139878749847412;0.22880299389362335;0.4680311679840088;0.44864416122436523;0.4324628710746765;0.3652759790420532;0.34730055928230286;0.2880571782588959;0.3929891884326935;0.3735208511352539;0.3542696237564087;0.5225375294685364;0.41499632596969604;0.38767391443252563;0.5148827433586121;0.26347705721855164;0.4240514039993286;0.3724680244922638;0.6094017624855042;0.5651915669441223;0.6609379649162292;0.41086170077323914;0.5368183255195618;0.6211398839950562;0.30933523178100586;0.4861990213394165;0.43160802125930786;0.5234364867210388;0.42239710688591003;0.4199918806552887;0.38887736201286316;0.32579952478408813;0.5601272583007812;0.4930802285671234;0.3879771828651428;0.49924835562705994;0.4747418165206909;0.46963992714881897;0.36777395009994507;0.3068011999130249;0.5582997798919678;0.2700077295303345;0.5238041877746582;0.36030685901641846;0.4180739223957062;0.5332457423210144;0.408529132604599;0.20130300521850586;0.4618723690509796;0.39800596237182617;0.20030774176120758;0.4970112144947052;0.5870097279548645;0.5023480653762817;0.35101833939552307
29.txt;0.6022371649742126;0.7817398309707642;0.72173011302948;0.5936094522476196;0.6975221633911133;0.5261912941932678;0.7108258008956909;0.6731369495391846;0.43525469303131104;0.5511308908462524;0.27872300148010254;0.5851343870162964;0.42613640427589417;0.33855560421943665;0.447266161441803;0.0;0.3763655722141266;0.305138498544693;0.4779568910598755;0.0;0.5913020372390747;0.42331233620643616;0.5124359726905823;0.336386501789093;0.5527393221855164;0.4594627618789673;0.43881550431251526;0.47449275851249695;0.5611991882324219;0.5670689344406128;0.46168753504753113;0.5710330009460449;0.5178984999656677;0.5923426747322083;0.5861133933067322;0.4805935025215149;0.43388620018959045;0.596557080745697;0.6731984615325928;0.6962319612503052;0.6770356297492981;0.6569057703018188;0.22920843958854675;0.5785995125770569;0.5115410089492798;0.5492637753486633;0.5117719769477844;0.4042506515979767;0.4135461151599884;0.5872238278388977;0.3390249013900757;0.48992040753364563;0.6508862972259521;0.5950495004653931;0.4032020568847656;0.5873395800590515;0.2668346166610718;0.48626384139060974;0.4769252836704254;0.35942479968070984;0.5828840732574463;0.7035989761352539;0.5490888953208923;0.6610008478164673;0.6611021161079407;0.45578742027282715;0.6161298155784607;0.5418934226036072;0.6256027817726135;0.46363621950149536;0.6198990345001221;0.4958016574382782;0.6342656016349792;0.6686712503433228;0.5616458058357239;0.49163493514060974;0.6082742810249329;0.6159294247627258;0.6132360100746155;0.513853132724762;0.45817962288856506;0.6348373293876648;0.4694140553474426;0.6008358001708984;0.4572550058364868;0.4697088599205017;0.6774638891220093;0.5802199840545654;0.3425804376602173;0.6153247356414795;0.5711415410041809;0.3152729868888855;0.6189891695976257;0.7619869709014893;0.6114288568496704;0.43042710423469543
21.txt;0.5277028679847717;0.4063519537448883;0.42837628722190857;0.30304625630378723;0.5051020383834839;0.36667492985725403;0.3915046155452728;0.604784369468689;0.24280282855033875;0.2911234200000763;0.23508664965629578;0.310055136680603;0.3156481385231018;0.14937826991081238;0.30452868342399597;0.0;0.2870587408542633;0.38657379150390625;0.32312390208244324;0.0;0.3376340866088867;0.3784542381763458;0.36047136783599854;0.11020970344543457;0.3243619203567505;0.3433573842048645;0.40393325686454773;0.3793365955352783;0.34614336490631104;0.30268824100494385;0.3397781252861023;0.40066787600517273;0.33562642335891724;0.36578696966171265;0.37276771664619446;0.3743787705898285;0.3561969995498657;0.3383711278438568;0.3062686622142792;0.5101022124290466;0.31322920322418213;0.2785934507846832;0.15531602501869202;0.38338789343833923;0.3968499004840851;0.43270406126976013;0.37022218108177185;0.34169602394104004;0.366512268781662;0.3485620617866516;0.1639235019683838;0.3410989046096802;0.605370044708252;0.3108960688114166;0.15586084127426147;0.35796812176704407;0.13155393302440643;0.34895506501197815;0.368245929479599;0.24695055186748505;0.3695615231990814;0.34132280945777893;0.5154321789741516;0.3671885132789612;0.32286545634269714;0.35380280017852783;0.6498838067054749;0.4508247673511505;0.3488583266735077;0.3449763059616089;0.3830849230289459;0.5271400809288025;0.35134947299957275;0.5918631553649902;0.5096185803413391;0.47517770528793335;0.49560514092445374;0.4528629183769226;0.3890949487686157;0.3077583611011505;0.42148062586784363;0.40277209877967834;0.22122208774089813;0.4041006565093994;0.3493657410144806;0.35840630531311035;0.5443997979164124;0.5382617115974426;0.456000953912735;0.4590694010257721;0.5872523784637451;0.5130636692047119;0.44572684168815613;0.5914580821990967;0.5045406818389893;0.31993481516838074
20.txt;0.5865874290466309;0.5398868322372437;0.5098227858543396;0.35825201869010925;0.6277443766593933;0.4079163670539856;0.45773598551750183;0.715296745300293;0.3614901900291443;0.410945326089859;0.26509740948677063;0.34690478444099426;0.418832004070282;0.31127437949180603;0.38837099075317383;0.0;0.31484052538871765;0.5298402309417725;0.6304162740707397;0.0;0.36672094464302063;0.5063651204109192;0.531627893447876;0.2436845451593399;0.3677558898925781;0.6090095043182373;0.4835073947906494;0.4544248580932617;0.3863843083381653;0.39627352356910706;0.38306790590286255;0.5015599131584167;0.3913477063179016;0.4997697174549103;0.4023025333881378;0.4916984736919403;0.34586942195892334;0.4145318269729614;0.4667621850967407;0.6314084529876709;0.4556519687175751;0.46041029691696167;0.18131592869758606;0.4772926867008209;0.3814487159252167;0.6188260316848755;0.49968141317367554;0.649921715259552;0.6994374394416809;0.36884522438049316;0.1956123262643814;0.6674696803092957;0.719641387462616;0.3890818655490875;0.26490551233291626;0.39294835925102234;0.15818403661251068;0.3506631851196289;0.6545674800872803;0.2705433964729309;0.3895663022994995;0.401189386844635;0.5073728561401367;0.46391841769218445;0.3566024899482727;0.4630531370639801;0.7287030220031738;0.655193567276001;0.451410710811615;0.4090031683444977;0.4124903380870819;0.7622982859611511;0.4408756196498871;0.7157225608825684;0.580352246761322;0.7125818729400635;0.6216239333152771;0.6059018969535828;0.4346122145652771;0.3806638717651367;0.5623639822006226;0.47083163261413574;0.2920842468738556;0.5145931243896484;0.43064382672309875;0.47435399889945984;0.7821086049079895;0.6545520424842834;0.6123933792114258;0.5675436854362488;0.7499596476554871;0.6252054572105408;0.7027861475944519;0.6976757645606995;0.6792821288108826;0.661167562007904
12.txt;0.5948101282119751;0.8050270080566406;0.6949930191040039;0.6555431485176086;0.6818051934242249;0.4821217954158783;0.7258289456367493;0.653153121471405;0.4923275113105774;0.49373382329940796;0.22456437349319458;0.5042859315872192;0.2758639454841614;0.3864239454269409;0.31496691703796387;0.0;0.44836655259132385;0.2825564742088318;0.424063503742218;0.0;0.576647937297821;0.38781973719596863;0.47139227390289307;0.3119308650493622;0.3600934147834778;0.3809792995452881;0.4271475076675415;0.42903292179107666;0.3517118990421295;0.40432530641555786;0.40457454323768616;0.3802069127559662;0.5028607249259949;0.4292328655719757;0.39865562319755554;0.41449135541915894;0.35150012373924255;0.43864789605140686;0.7881054878234863;0.6715527176856995;0.7320924401283264;0.7302957773208618;0.21035701036453247;0.3920815885066986;0.4501967430114746;0.5276281833648682;0.49031907320022583;0.3508043885231018;0.36987096071243286;0.6145306825637817;0.2359926998615265;0.44366398453712463;0.6220628619194031;0.6037557125091553;0.32973524928092957;0.40480706095695496;0.1945141702890396;0.4467361271381378;0.4036577045917511;0.31461063027381897;0.4271843731403351;0.4454614520072937;0.48941197991371155;0.5836789608001709;0.3233795166015625;0.5221855640411377;0.5921506285667419;0.4748840630054474;0.5469393730163574;0.3863196074962616;0.6293736696243286;0.5167879462242126;0.6445605158805847;0.5962121486663818;0.5066657662391663;0.5168673992156982;0.5938657522201538;0.622204065322876;0.60178542137146;0.4406217634677887;0.43050438165664673;0.5717717409133911;0.4965241849422455;0.5875570178031921;0.4818706214427948;0.4636121094226837;0.6031827330589294;0.5654366612434387;0.30867817997932434;0.6211313605308533;0.5066208243370056;0.3386520743370056;0.6136089563369751;0.663061797618866;0.5886083841323853;0.44025304913520813
31.txt;0.7203400731086731;0.6147551536560059;0.5979911684989929;0.49896907806396484;0.7218469381332397;0.4883332848548889;0.5938357710838318;0.7301697134971619;0.44340506196022034;0.47410380840301514;0.29016730189323425;0.4746878147125244;0.40759867429733276;0.33752015233039856;0.4467180073261261;0.0;0.4705248475074768;0.33527839183807373;0.4296170473098755;0.0;0.4675484299659729;0.43009352684020996;0.46539023518562317;0.23397834599018097;0.36810100078582764;0.43586546182632446;0.5135418772697449;0.5084414482116699;0.3458372950553894;0.3623672127723694;0.35253408551216125;0.4205610752105713;0.4763176739215851;0.4308025538921356;0.3858395218849182;0.4614852964878082;0.3508079946041107;0.3976735770702362;0.45497211813926697;0.7044955492019653;0.4775286018848419;0.4471006393432617;0.23738214373588562;0.4353460371494293;0.48169979453086853;0.5770782232284546;0.5181556940078735;0.4032759964466095;0.3995622992515564;0.4590764045715332;0.2786434590816498;0.4282529354095459;0.700201690196991;0.4514786899089813;0.3012303113937378;0.40443751215934753;0.21922557055950165;0.47229042649269104;0.44078052043914795;0.3677848279476166;0.5020293593406677;0.5045074224472046;0.5424935817718506;0.6102268099784851;0.42201662063598633;0.5188409686088562;0.7497133612632751;0.5963572859764099;0.6028135418891907;0.4657563865184784;0.5389710068702698;0.6258388161659241;0.5556269288063049;0.7312664985656738;0.6226531267166138;0.6033353805541992;0.657814621925354;0.6478240489959717;0.5142338275909424;0.4827461242675781;0.5383658409118652;0.5920910835266113;0.40698596835136414;0.5474098324775696;0.5025081038475037;0.5129739046096802;0.688062310218811;0.6410689353942871;0.3671090304851532;0.6721164584159851;0.6411669850349426;0.5209845900535583;0.6465897560119629;0.7145702242851257;0.6184741258621216;0.4238807260990143
3.txt;0.5611606240272522;0.6804402470588684;0.6953389644622803;0.647969663143158;0.7497090697288513;0.4821443259716034;0.7017257809638977;0.5990791320800781;0.39423033595085144;0.5121507048606873;0.2612316608428955;0.5437772274017334;0.43733641505241394;0.34228241443634033;0.44815322756767273;0.0;0.3859383761882782;0.28428351879119873;0.4164521396160126;0.0;0.5294421315193176;0.4661649167537689;0.49042654037475586;0.22629810869693756;0.3760863244533539;0.4070238173007965;0.4172147512435913;0.4138537645339966;0.38311663269996643;0.38550513982772827;0.3267524242401123;0.45311567187309265;0.41841548681259155;0.4539344012737274;0.4396393299102783;0.47024670243263245;0.30839088559150696;0.43717777729034424;0.5716797709465027;0.7944458723068237;0.5508437752723694;0.5297588109970093;0.2610613703727722;0.4461052119731903;0.44414329528808594;0.561776340007782;0.4392758905887604;0.39121606945991516;0.3949504494667053;0.5635430812835693;0.42099323868751526;0.42084282636642456;0.5992569327354431;0.5254021883010864;0.4724346101284027;0.4321913719177246;0.17965899407863617;0.39772307872772217;0.416479229927063;0.4194828271865845;0.5053264498710632;0.5781973004341125;0.45329609513282776;0.5733205676078796;0.48962491750717163;0.41812941431999207;0.5894440412521362;0.47611314058303833;0.49175703525543213;0.389180451631546;0.6759164929389954;0.472768098115921;0.6152014136314392;0.6085047125816345;0.5259155631065369;0.4801017940044403;0.5396643280982971;0.5915398001670837;0.6666882634162903;0.6589630246162415;0.49244895577430725;0.5909402370452881;0.612436830997467;0.5384981036186218;0.49481001496315;0.5229579210281372;0.612592339515686;0.487820029258728;0.2666960656642914;0.5475587248802185;0.5052163004875183;0.2834279239177704;0.5660146474838257;0.6285549402236938;0.5714380145072937;0.41131168603897095
15.txt;0.5944114923477173;0.4918234050273895;0.5308211445808411;0.42771804332733154;0.6182191371917725;0.3521225154399872;0.4515026807785034;0.6503918766975403;0.2914525866508484;0.4088974893093109;0.1883585900068283;0.42897021770477295;0.46489131450653076;0.24233004450798035;0.46812885999679565;0.0;0.33092978596687317;0.3378535211086273;0.4622064232826233;0.0;0.32514050602912903;0.49694111943244934;0.48324745893478394;0.16406604647636414;0.299144446849823;0.45853516459465027;0.45729154348373413;0.4181448519229889;0.3157641887664795;0.3068685233592987;0.24831034243106842;0.4321693778038025;0.3178923428058624;0.4124451279640198;0.31917449831962585;0.4676922559738159;0.23327137529850006;0.3172985911369324;0.40173986554145813;0.6344477534294128;0.38721874356269836;0.37466421723365784;0.15241752564907074;0.40727877616882324;0.35767483711242676;0.6124739646911621;0.4390028715133667;0.48502665758132935;0.5061292052268982;0.3357897400856018;0.1722247451543808;0.47691774368286133;0.6616215705871582;0.32688555121421814;0.20642323791980743;0.31215760111808777;0.12648868560791016;0.30107957124710083;0.479897677898407;0.32324203848838806;0.33094897866249084;0.4177624583244324;0.4238516688346863;0.4522421360015869;0.361115038394928;0.398263543844223;0.7316121459007263;0.6199483275413513;0.45556458830833435;0.34033122658729553;0.47788456082344055;0.6403444409370422;0.43895047903060913;0.657316267490387;0.5469019412994385;0.6020634770393372;0.5405561327934265;0.6109631657600403;0.49477919936180115;0.5528484582901001;0.5813853740692139;0.4548913240432739;0.39295101165771484;0.47555065155029297;0.5241581797599792;0.48622187972068787;0.705793023109436;0.6229971647262573;0.46448832750320435;0.5652917623519897;0.6601452827453613;0.5637565851211548;0.6214973330497742;0.6402817368507385;0.6186923384666443;0.47446584701538086
14.txt;0.523598849773407;0.4178824722766876;0.45131200551986694;0.3721654415130615;0.5836208462715149;0.41275933384895325;0.44030657410621643;0.6448966264724731;0.24312788248062134;0.3028721511363983;0.32420095801353455;0.3821171522140503;0.5525906682014465;0.2797584533691406;0.49015137553215027;0.0;0.34794238209724426;0.25594568252563477;0.5212101936340332;0.0;0.3633252680301666;0.5711580514907837;0.519116222858429;0.11774493008852005;0.3240503668785095;0.5327516198158264;0.5592735409736633;0.4879426062107086;0.36147060990333557;0.3173762857913971;0.3053470253944397;0.5482285618782043;0.33182036876678467;0.4874098002910614;0.3954569101333618;0.5182890295982361;0.30545443296432495;0.3592939078807831;0.3228764533996582;0.6082037687301636;0.3145220875740051;0.29443812370300293;0.23008598387241364;0.49541687965393066;0.38752642273902893;0.5931121110916138;0.4949732720851898;0.5861998796463013;0.5476506948471069;0.39639174938201904;0.16759532690048218;0.48642534017562866;0.6625118255615234;0.3499685525894165;0.1817162185907364;0.3669169247150421;0.10811842232942581;0.32934632897377014;0.5043537020683289;0.1826872080564499;0.32787635922431946;0.366531640291214;0.4601762592792511;0.40887197852134705;0.34935182332992554;0.32415181398391724;0.6608754396438599;0.49341821670532227;0.36075109243392944;0.3949570655822754;0.42423146963119507;0.641132652759552;0.3708389103412628;0.6835582256317139;0.5487328171730042;0.5869047045707703;0.5805370807647705;0.5051274299621582;0.3917824625968933;0.3839568495750427;0.6217769384384155;0.4122624099254608;0.2902873158454895;0.3642311692237854;0.32846832275390625;0.37133124470710754;0.5992740988731384;0.528173565864563;0.43636149168014526;0.47841620445251465;0.5701756477355957;0.5701451301574707;0.535150408744812;0.6007292866706848;0.5461094379425049;0.4527134299278259
37.txt;0.6019977331161499;0.4534565210342407;0.4757080078125;0.3648313581943512;0.6339386701583862;0.36615654826164246;0.39967143535614014;0.7184121012687683;0.25216710567474365;0.39525002241134644;0.19388937950134277;0.4461132287979126;0.6534942388534546;0.3641439974308014;0.5564846396446228;0.0;0.3757961690425873;0.3238902986049652;0.7117262482643127;0.0;0.31430622935295105;0.6350845694541931;0.6043081879615784;0.1837739646434784;0.35400423407554626;0.7172406315803528;0.642421305179596;0.5730938911437988;0.3739762306213379;0.3583405613899231;0.28143924474716187;0.6047541499137878;0.33964332938194275;0.5590084791183472;0.3635324239730835;0.5912884473800659;0.26848652958869934;0.36017197370529175;0.39017626643180847;0.6471002697944641;0.38961726427078247;0.3754386007785797;0.15501847863197327;0.5586562156677246;0.38068076968193054;0.737186074256897;0.5931031107902527;0.7870541214942932;0.7063217759132385;0.3074263632297516;0.14782604575157166;0.6431691646575928;0.7389603853225708;0.31514960527420044;0.1788066327571869;0.3576492369174957;0.14923226833343506;0.3245360255241394;0.6555584669113159;0.2805219292640686;0.35792291164398193;0.42756351828575134;0.4289094805717468;0.46611836552619934;0.43697211146354675;0.4176383912563324;0.7469584345817566;0.646880567073822;0.4598044157028198;0.3521505892276764;0.38197293877601624;0.8193369507789612;0.3764486312866211;0.739660382270813;0.5936617851257324;0.7615906596183777;0.6383412480354309;0.6179444789886475;0.3748590648174286;0.3818965554237366;0.7040407061576843;0.4902137517929077;0.3304387032985687;0.42261525988578796;0.4357689321041107;0.4817805290222168;0.7580485343933105;0.6665562987327576;0.5595378279685974;0.5938684940338135;0.6785654425621033;0.6815952658653259;0.725426197052002;0.6811345219612122;0.6982993483543396;0.6781607270240784
30.txt;0.5770251154899597;0.8469623923301697;0.7693379521369934;0.7190605998039246;0.6901729702949524;0.4898870289325714;0.7720116376876831;0.6540011763572693;0.5744790434837341;0.5053414106369019;0.21955251693725586;0.5973312854766846;0.33160677552223206;0.357818067073822;0.38529571890830994;0.0;0.41106003522872925;0.2967142164707184;0.4414394497871399;0.0;0.6242806315422058;0.43549326062202454;0.5157507658004761;0.32376596331596375;0.41626879572868347;0.39973747730255127;0.40854230523109436;0.4214583933353424;0.417831152677536;0.4576832354068756;0.4143467843532562;0.4438931345939636;0.47397059202194214;0.48512396216392517;0.4431568384170532;0.46011462807655334;0.3623284101486206;0.47851991653442383;0.8112853169441223;0.6984823942184448;0.7576678991317749;0.7530339956283569;0.230069100856781;0.45005378127098083;0.4361279010772705;0.552527904510498;0.481819748878479;0.36573082208633423;0.3840191960334778;0.6668661832809448;0.25861263275146484;0.4605869650840759;0.635572612285614;0.6482069492340088;0.3520840108394623;0.44668081402778625;0.20811133086681366;0.41853201389312744;0.4222923219203949;0.3230212926864624;0.45712682604789734;0.546513020992279;0.4907219707965851;0.6081611514091492;0.44768258929252625;0.4916398227214813;0.6315745115280151;0.508802592754364;0.5737190842628479;0.398191899061203;0.6892872452735901;0.5024228692054749;0.6463232040405273;0.6227381825447083;0.527347207069397;0.4998437762260437;0.589848518371582;0.6406932473182678;0.6870599985122681;0.48099467158317566;0.4761832356452942;0.5947796106338501;0.5430180430412292;0.5932077765464783;0.5336353182792664;0.5065970420837402;0.6399664878845215;0.5526216626167297;0.30725616216659546;0.6071895956993103;0.536527693271637;0.3186867833137512;0.6160734295845032;0.6961582899093628;0.6232622265815735;0.44720032811164856
18.txt;0.6235389709472656;0.6542193293571472;0.6989323496818542;0.6268942356109619;0.7070188522338867;0.46416527032852173;0.6319482922554016;0.74403315782547;0.32624518871307373;0.4877970814704895;0.275162935256958;0.6574081182479858;0.5751148462295532;0.4366089105606079;0.5398554801940918;0.0;0.4544147551059723;0.2572908103466034;0.7094151377677917;0.0;0.5599884390830994;0.5819362998008728;0.6332424879074097;0.3235055208206177;0.5140165090560913;0.7045777440071106;0.5646220445632935;0.5723398327827454;0.5088812708854675;0.5231468677520752;0.4249657988548279;0.6478801965713501;0.4087512493133545;0.6490257382392883;0.4657173752784729;0.6093615293502808;0.403448224067688;0.4962567687034607;0.5940102338790894;0.7637628316879272;0.613847553730011;0.5922608971595764;0.3136143684387207;0.6421625018119812;0.37378159165382385;0.7088050246238708;0.6032038927078247;0.7026023864746094;0.5745602250099182;0.5467032194137573;0.2864764630794525;0.6094010472297668;0.7750592231750488;0.5588749647140503;0.33874279260635376;0.489343523979187;0.26749512553215027;0.3832148313522339;0.6090614199638367;0.30589619278907776;0.45310747623443604;0.5424529910087585;0.489368200302124;0.5534212589263916;0.48041799664497375;0.4292779564857483;0.749946653842926;0.6180067658424377;0.5361554026603699;0.4126876890659332;0.627774715423584;0.7853369116783142;0.5709977149963379;0.7898828387260437;0.6511192321777344;0.7434104681015015;0.7239368557929993;0.6264341473579407;0.6023416519165039;0.5457626581192017;0.6731855869293213;0.6479688286781311;0.48206397891044617;0.4688016176223755;0.4690765142440796;0.5223953127861023;0.7123421430587769;0.624671995639801;0.41138291358947754;0.5862340331077576;0.6298700571060181;0.5797820091247559;0.7140323519706726;0.7402541041374207;0.7694035768508911;0.6943129897117615
6.txt;0.662486732006073;0.6475005745887756;0.6543790102005005;0.5669233798980713;0.7923915982246399;0.46549272537231445;0.6283249258995056;0.783311665058136;0.37780433893203735;0.4355465769767761;0.28265586495399475;0.5041279196739197;0.5821687579154968;0.463035523891449;0.5524708032608032;0.0;0.3734303116798401;0.3263480067253113;0.6966762542724609;0.0;0.5213310718536377;0.6610110402107239;0.6482430100440979;0.22886016964912415;0.48228415846824646;0.7096083760261536;0.6527555584907532;0.6120971441268921;0.5044723749160767;0.4741659164428711;0.3758450150489807;0.6966140866279602;0.4250377416610718;0.6507210731506348;0.5108011960983276;0.6440811157226562;0.3728104531764984;0.4944632947444916;0.5695543885231018;0.8325239419937134;0.5651160478591919;0.5293995141983032;0.22061751782894135;0.6592909097671509;0.4318828284740448;0.7793828845024109;0.6239519119262695;0.7418307662010193;0.6576368808746338;0.5333282351493835;0.337041437625885;0.6274502277374268;0.8017275333404541;0.5041824579238892;0.36452725529670715;0.5029823184013367;0.21078310906887054;0.4189418852329254;0.6476402878761292;0.3350960910320282;0.47946280241012573;0.5533918142318726;0.4702751934528351;0.5719895362854004;0.46173304319381714;0.48251667618751526;0.7544199824333191;0.611994206905365;0.538246214389801;0.43784019351005554;0.582261860370636;0.7625850439071655;0.5238059163093567;0.7814248204231262;0.6309309005737305;0.7257235646247864;0.6884440183639526;0.6773958802223206;0.5756811499595642;0.5214802026748657;0.7547980546951294;0.6017529964447021;0.49672141671180725;0.5224480032920837;0.513296365737915;0.4874066114425659;0.7724664807319641;0.6247559189796448;0.4218914806842804;0.635013222694397;0.6632764339447021;0.5738634467124939;0.7461943626403809;0.7848023772239685;0.7263940572738647;0.6440500617027283
16.txt;0.6195507645606995;0.5270184874534607;0.49696800112724304;0.4206548035144806;0.6326649188995361;0.3878365457057953;0.4664463400840759;0.700804591178894;0.315182626247406;0.3741801381111145;0.22781647741794586;0.4465912878513336;0.44005563855171204;0.2857823073863983;0.46973928809165955;0.0;0.3423193097114563;0.2722000181674957;0.5480093955993652;0.0;0.3552713990211487;0.6716809868812561;0.6412293910980225;0.19845737516880035;0.32476797699928284;0.5373832583427429;0.46627095341682434;0.43231287598609924;0.3404732644557953;0.34131231904029846;0.33622676134109497;0.4500179588794708;0.3299063742160797;0.4404168128967285;0.3250666856765747;0.6165629625320435;0.3124197721481323;0.33556389808654785;0.4441477358341217;0.6455065608024597;0.42858779430389404;0.4222913980484009;0.1485280841588974;0.4277879297733307;0.32745733857154846;0.6023918986320496;0.46338775753974915;0.5727697610855103;0.5511052012443542;0.3652557134628296;0.17851151525974274;0.5291133522987366;0.7054242491722107;0.365026593208313;0.22725999355316162;0.3228119909763336;0.14080330729484558;0.30295559763908386;0.524137556552887;0.2487287074327469;0.3654734194278717;0.4180534780025482;0.4423052668571472;0.48737528920173645;0.4011532664299011;0.44056737422943115;0.6885858774185181;0.5931927561759949;0.43748733401298523;0.36842337250709534;0.41726696491241455;0.7162017822265625;0.4580095112323761;0.6983357667922974;0.5556344985961914;0.6620756983757019;0.6194197535514832;0.6931504011154175;0.4017825424671173;0.4021112322807312;0.611687958240509;0.4705854654312134;0.3614158630371094;0.49578118324279785;0.42448410391807556;0.44428762793540955;0.7043447494506836;0.6291149854660034;0.506404459476471;0.5608231425285339;0.6651676297187805;0.5702368021011353;0.6630398035049438;0.6665395498275757;0.6182669997215271;0.5816320180892944
23.txt;0.5982688069343567;0.5913412570953369;0.57063227891922;0.4647024869918823;0.656226634979248;0.4630694091320038;0.5732517242431641;0.6198210120201111;0.4634443521499634;0.4702637791633606;0.29441162943840027;0.4588455855846405;0.3342417776584625;0.31980592012405396;0.35286474227905273;0.0;0.4761357307434082;0.23881694674491882;0.374589204788208;0.0;0.469542920589447;0.3614144027233124;0.4083937406539917;0.23040352761745453;0.37206771969795227;0.39471879601478577;0.4213883876800537;0.45160171389579773;0.3316851854324341;0.35044240951538086;0.34533703327178955;0.3823414444923401;0.42985883355140686;0.3986581861972809;0.3738163411617279;0.42085111141204834;0.3600432872772217;0.38675183057785034;0.43916258215904236;0.6430101990699768;0.4797196388244629;0.4337199926376343;0.2195086032152176;0.41562318801879883;0.4249912202358246;0.5026907324790955;0.4446016550064087;0.3362181484699249;0.3436931073665619;0.44317173957824707;0.3288789391517639;0.38280969858169556;0.5888931155204773;0.43798038363456726;0.3304995894432068;0.4064560830593109;0.24820032715797424;0.44207045435905457;0.4100819528102875;0.3528168201446533;0.47896772623062134;0.5066531896591187;0.5075355172157288;0.5978834629058838;0.4117898941040039;0.4250187873840332;0.5780942440032959;0.48431381583213806;0.5464879870414734;0.4253219664096832;0.5350601077079773;0.49082282185554504;0.534602165222168;0.5997914671897888;0.5221696496009827;0.48785385489463806;0.5541346669197083;0.5577980875968933;0.5040294528007507;0.43035316467285156;0.43355390429496765;0.5589969754219055;0.38888248801231384;0.4830092787742615;0.38889238238334656;0.41941171884536743;0.5794068574905396;0.5257620811462402;0.3058519661426544;0.5742158889770508;0.5209523439407349;0.3850072920322418;0.5551519989967346;0.6196747422218323;0.5258959531784058;0.3805828392505646
34.txt;0.712058961391449;0.7096632122993469;0.7198176980018616;0.64168781042099;0.7515701651573181;0.521902859210968;0.6916242837905884;0.8264885544776917;0.4295019805431366;0.48706984519958496;0.295105516910553;0.5302256345748901;0.5055062770843506;0.4068317711353302;0.47649085521698;0.0;0.4901464879512787;0.2956975996494293;0.6181682348251343;0.0;0.5994718074798584;0.6231340169906616;0.6649999618530273;0.32090476155281067;0.6020893454551697;0.6153426766395569;0.6484068036079407;0.6410622000694275;0.6218237280845642;0.6032483577728271;0.5071228742599487;0.7240628600120544;0.5483021140098572;0.7092462778091431;0.6179395318031311;0.6465945243835449;0.4920899569988251;0.6155989170074463;0.6020912528038025;0.7734624147415161;0.6241834163665771;0.5970053672790527;0.24299763143062592;0.7079557180404663;0.5185046195983887;0.7252881526947021;0.667119026184082;0.5894655585289001;0.5709854364395142;0.5924834609031677;0.27875420451164246;0.6053181886672974;0.8339412212371826;0.5916321873664856;0.3234982490539551;0.616650402545929;0.2750009298324585;0.5289350748062134;0.6100292801856995;0.31362077593803406;0.4833558201789856;0.5830754041671753;0.5712065100669861;0.6309136152267456;0.4857836365699768;0.492515504360199;0.7762061357498169;0.596656858921051;0.6144352555274963;0.4570901691913605;0.6311144232749939;0.6977461576461792;0.6302059888839722;0.8047080039978027;0.6851807236671448;0.6699827313423157;0.7513145208358765;0.7101556062698364;0.5994322896003723;0.5404312014579773;0.6531966328620911;0.6514065265655518;0.5037125945091248;0.5442432761192322;0.5499286651611328;0.49389952421188354;0.7421839833259583;0.6849298477172852;0.41232606768608093;0.6908493041992188;0.656883955001831;0.5586697459220886;0.7136041522026062;0.8541853427886963;0.7190719842910767;0.5331330299377441
4.txt;0.7077113389968872;0.6704630851745605;0.7075841426849365;0.6204941272735596;0.7859046459197998;0.4709881544113159;0.6791320443153381;0.7874276041984558;0.3877941071987152;0.49291571974754333;0.31128019094467163;0.5380839109420776;0.4275873899459839;0.45000889897346497;0.430486261844635;0.0;0.4346296191215515;0.2933322787284851;0.6268864870071411;0.0;0.5670834183692932;0.5537142753601074;0.6013962030410767;0.3056001663208008;0.4060826897621155;0.5993499755859375;0.5570018291473389;0.5362374186515808;0.4045780897140503;0.439344584941864;0.4057217836380005;0.5284714102745056;0.48249897360801697;0.5459296703338623;0.4322439432144165;0.5555281043052673;0.36250168085098267;0.4627036154270172;0.5888251066207886;0.8351237773895264;0.5789040923118591;0.5799556374549866;0.28218817710876465;0.519479513168335;0.4596268832683563;0.751133382320404;0.5882152318954468;0.6093522310256958;0.5519551634788513;0.5939923524856567;0.2749447226524353;0.5828601121902466;0.812767744064331;0.5855139493942261;0.3566223978996277;0.43753522634506226;0.20752713084220886;0.43607792258262634;0.5594484210014343;0.31006380915641785;0.44298917055130005;0.488483726978302;0.4874788522720337;0.5203483700752258;0.3552882671356201;0.5245528221130371;0.7720645070075989;0.5765769481658936;0.5014542937278748;0.45519760251045227;0.6427013874053955;0.747943639755249;0.5866734981536865;0.7376689314842224;0.6500396132469177;0.7328187227249146;0.7130159139633179;0.7035823464393616;0.631087601184845;0.5739515423774719;0.6274886727333069;0.6166467666625977;0.5323319435119629;0.5231090784072876;0.567957878112793;0.5456814169883728;0.7392033338546753;0.6323830485343933;0.3684362471103668;0.6668180227279663;0.6388089656829834;0.546693742275238;0.7531375885009766;0.7539533972740173;0.7568318843841553;0.6087460517883301
7.txt;0.5234146118164062;0.5034756064414978;0.5417448282241821;0.33957427740097046;0.5477592945098877;0.47124481201171875;0.5511796474456787;0.668602705001831;0.4450332224369049;0.43973633646965027;0.33005964756011963;0.4057585895061493;0.33705487847328186;0.32397758960723877;0.29718124866485596;0.0;0.3258635997772217;0.3169330954551697;0.4367240071296692;0.0;0.6158369183540344;0.3208905756473541;0.4293372333049774;0.33476319909095764;0.5254784822463989;0.44815337657928467;0.30527010560035706;0.40297195315361023;0.48199498653411865;0.5092270970344543;0.6417855620384216;0.46390798687934875;0.4955805838108063;0.5055715441703796;0.5588987469673157;0.4304969608783722;0.6500654220581055;0.5743946433067322;0.42718538641929626;0.5345243811607361;0.5122920870780945;0.47423940896987915;0.5828110575675964;0.5161460638046265;0.47300559282302856;0.42229899764060974;0.4069792926311493;0.35338762402534485;0.3305613100528717;0.5781667232513428;0.41569533944129944;0.4242481291294098;0.6600216627120972;0.587557852268219;0.43686443567276;0.5910718441009521;0.330370157957077;0.4969710409641266;0.44196149706840515;0.3953865170478821;0.6111156344413757;0.5445282459259033;0.5268695950508118;0.5477980375289917;0.4749520421028137;0.3315163850784302;0.5269748568534851;0.46568265557289124;0.5354769825935364;0.4577779769897461;0.43485116958618164;0.42645320296287537;0.38239586353302;0.5846638083457947;0.5429206490516663;0.4141458570957184;0.5491145253181458;0.5061193108558655;0.4811718761920929;0.4065689444541931;0.2948656380176544;0.6343522667884827;0.31278911232948303;0.5101000070571899;0.3786117136478424;0.4753507971763611;0.5619052648544312;0.45347103476524353;0.22379592061042786;0.4909190833568573;0.4625161290168762;0.2791175842285156;0.5339558720588684;0.6138767600059509;0.5748034715652466;0.384687215089798
33.txt;0.7220166325569153;0.6236398220062256;0.6515233516693115;0.4586358368396759;0.712970495223999;0.512438178062439;0.581976056098938;0.7816019654273987;0.4353277385234833;0.4791930019855499;0.3330781161785126;0.4559423327445984;0.37771090865135193;0.3737527132034302;0.37805870175361633;0.0;0.5333079099655151;0.31267353892326355;0.5826491117477417;0.0;0.5891726016998291;0.4771428108215332;0.5655001997947693;0.35555776953697205;0.5941885709762573;0.6332851052284241;0.5957154035568237;0.6750440001487732;0.511407732963562;0.5404790043830872;0.50238436460495;0.5768921971321106;0.5837007761001587;0.6046467423439026;0.5267433524131775;0.6051721572875977;0.5452103614807129;0.5571942925453186;0.4986345171928406;0.7333025336265564;0.6174681782722473;0.5369063019752502;0.3117332458496094;0.6470329761505127;0.5487267374992371;0.6291282176971436;0.6436225175857544;0.5246111154556274;0.49716511368751526;0.48462846875190735;0.42924848198890686;0.5647822618484497;0.7824311852455139;0.5279501080513;0.399496465921402;0.6028963327407837;0.42359817028045654;0.6226301193237305;0.6266953349113464;0.38162946701049805;0.5632047057151794;0.5352298021316528;0.6273152828216553;0.5923146605491638;0.43614089488983154;0.5544026494026184;0.7774497270584106;0.5918929576873779;0.6307397484779358;0.48854973912239075;0.5266860723495483;0.7147120833396912;0.5539155602455139;0.8076026439666748;0.7496989369392395;0.6884583234786987;0.7657744288444519;0.6358806490898132;0.5337890386581421;0.4821021556854248;0.5717745423316956;0.6441292762756348;0.3832078278064728;0.5266605019569397;0.4908250570297241;0.48221370577812195;0.719206690788269;0.7144769430160522;0.4463045597076416;0.6768803000450134;0.6988705992698669;0.5794926881790161;0.6780129075050354;0.7825400233268738;0.7105773091316223;0.5349956750869751
