"","Implementation/mediastore.basic/src/edu/kit/ipd/sdq/mediastore/basic/exceptions/UnknownServerException.java","Implementation/mediastore.basic/src/edu/kit/ipd/sdq/mediastore/basic/interfaces/IDownloadReEncoderLocal.java","Implementation/mediastore.basic/src/edu/kit/ipd/sdq/mediastore/basic/interfaces/IDownloadAudioWatermarkingLocal.java","Implementation/mediastore.basic/src/edu/kit/ipd/sdq/mediastore/basic/interfaces/IDownloadReEncoder.java","Implementation/mediastore.basic/src/edu/kit/ipd/sdq/mediastore/basic/interfaces/IDownloadAudioWatermarking.java","Implementation/mediastore.basic/src/edu/kit/ipd/sdq/mediastore/basic/interfaces/IDownloadReEncoderRemote.java","Implementation/mediastore.basic/src/edu/kit/ipd/sdq/mediastore/basic/exceptions/FailedDownloadException.java","Implementation/mediastore.basic/src/edu/kit/ipd/sdq/mediastore/basic/interfaces/IDownloadCacheLocal.java","Implementation/mediastore.basic/src/edu/kit/ipd/sdq/mediastore/basic/interfaces/IDownloadTagWatermarkingLocal.java","Implementation/mediastore.basic/src/edu/kit/ipd/sdq/mediastore/basic/interfaces/IDownloadMediaAccessLocal.java","Implementation/mediastore.basic/src/edu/kit/ipd/sdq/mediastore/basic/interfaces/IDownloadAudioWatermarkingRemote.java","Implementation/mediastore.basic/src/edu/kit/ipd/sdq/mediastore/basic/data/FileContentLocal.java","Implementation/mediastore.ejb.audiowatermarking/src/edu/kit/ipd/sdq/mediastore/ejb/audiowatermarking/WavFileException.java","Implementation/mediastore.basic/src/edu/kit/ipd/sdq/mediastore/basic/interfaces/IFacadeLocal.java","Implementation/mediastore.basic/src/edu/kit/ipd/sdq/mediastore/basic/interfaces/IMediaManagementLocal.java","Implementation/mediastore.basic/src/edu/kit/ipd/sdq/mediastore/basic/interfaces/IPackagingLocal.java","Implementation/mediastore.basic/src/edu/kit/ipd/sdq/mediastore/basic/interfaces/IDownloadCache.java","Implementation/mediastore.basic/src/edu/kit/ipd/sdq/mediastore/basic/interfaces/IDownloadTagWatermarking.java","Implementation/mediastore.basic/src/edu/kit/ipd/sdq/mediastore/basic/interfaces/IDownloadMediaAccess.java","Implementation/mediastore.basic/src/edu/kit/ipd/sdq/mediastore/basic/data/FileContent.java","Implementation/mediastore.basic/src/edu/kit/ipd/sdq/mediastore/basic/interfaces/IUserManagementLocal.java","Implementation/mediastore.basic/src/edu/kit/ipd/sdq/mediastore/basic/interfaces/IMediaAccessLocal.java","Implementation/mediastore.basic/src/edu/kit/ipd/sdq/mediastore/basic/interfaces/ICacheMaintenanceLocal.java","Implementation/mediastore.basic/src/edu/kit/ipd/sdq/mediastore/basic/interfaces/IDownload.java","Implementation/mediastore.basic/src/edu/kit/ipd/sdq/mediastore/basic/interfaces/IMediaAccessMaintenanceLocal.java","Implementation/mediastore.basic/src/edu/kit/ipd/sdq/mediastore/basic/interfaces/IDownloadCacheRemote.java","Implementation/mediastore.basic/src/edu/kit/ipd/sdq/mediastore/basic/interfaces/IDownloadTagWatermarkingRemote.java","Implementation/mediastore.basic/src/edu/kit/ipd/sdq/mediastore/basic/interfaces/IDownloadMediaAccessRemote.java","Implementation/mediastore.web/src/edu/kit/ipd/sdq/mediastore/web/beans/DownloadBean.java","Implementation/mediastore.basic/src/edu/kit/ipd/sdq/mediastore/basic/interfaces/IUserDBAdapterLocal.java","Implementation/mediastore.basic/src/edu/kit/ipd/sdq/mediastore/basic/utils/FSUtil.java","Implementation/mediastore.basic/src/edu/kit/ipd/sdq/mediastore/basic/interfaces/IFacadeRemote.java","Implementation/mediastore.basic/src/edu/kit/ipd/sdq/mediastore/basic/data/FileContentRemote.java","Implementation/mediastore.ejb.reencoder/src/edu/kit/ipd/sdq/mediastore/ejb/reencoder/ReEncoderImpl.java","Implementation/mediastore.basic/src/edu/kit/ipd/sdq/mediastore/basic/interfaces/IMediaManagementRemote.java","Implementation/mediastore.basic/src/edu/kit/ipd/sdq/mediastore/basic/interfaces/IBusinessInterface.java","Implementation/mediastore.basic/src/edu/kit/ipd/sdq/mediastore/basic/interfaces/IPackagingRemote.java","Implementation/mediastore.basic/src/edu/kit/ipd/sdq/mediastore/basic/interfaces/IUserManagementRemote.java","Implementation/mediastore.basic/src/edu/kit/ipd/sdq/mediastore/basic/interfaces/IPackaging.java","Implementation/mediastore.basic/src/edu/kit/ipd/sdq/mediastore/basic/interfaces/ICacheMaintenanceRemote.java","Implementation/mediastore.basic/src/edu/kit/ipd/sdq/mediastore/basic/interfaces/ICacheMaintenance.java","Implementation/mediastore.basic/src/edu/kit/ipd/sdq/mediastore/basic/interfaces/IMediaAccessMaintenanceRemote.java","Implementation/mediastore.basic/src/edu/kit/ipd/sdq/mediastore/basic/config/Main.java","Implementation/mediastore.basic/src/edu/kit/ipd/sdq/mediastore/basic/data/AudioFile.java","Implementation/mediastore.basic/src/edu/kit/ipd/sdq/mediastore/basic/interfaces/IMediaAccessRemote.java","Implementation/mediastore.basic/src/edu/kit/ipd/sdq/mediastore/basic/exceptions/ConversionException.java","Implementation/mediastore.basic/src/edu/kit/ipd/sdq/mediastore/basic/interfaces/IUserDBAdapterRemote.java","Implementation/mediastore.basic/src/edu/kit/ipd/sdq/mediastore/basic/interfaces/IMediaManagement.java","Implementation/mediastore.ejb.mediaaccess/src/edu/kit/ipd/sdq/mediastore/ejb/mediaaccess/DbManager.java","Implementation/mediastore.basic/src/edu/kit/ipd/sdq/mediastore/basic/interfaces/IMediaAccess.java","Implementation/mediastore.basic/src/edu/kit/ipd/sdq/mediastore/basic/exceptions/AppException.java","Implementation/mediastore.ejb.audiowatermarking/src/edu/kit/ipd/sdq/mediastore/ejb/audiowatermarking/AudioWatermarkingImpl.java","Implementation/mediastore.basic/src/edu/kit/ipd/sdq/mediastore/basic/exceptions/DbException.java","Implementation/mediastore.basic/src/edu/kit/ipd/sdq/mediastore/basic/exceptions/BadLoginDataException.java","Implementation/mediastore.ejb.packaging/src/edu/kit/ipd/sdq/mediastore/ejb/packaging/PackagingImpl.java","Implementation/mediastore.basic/src/edu/kit/ipd/sdq/mediastore/basic/exceptions/PropertiesException.java","Implementation/mediastore.basic/src/edu/kit/ipd/sdq/mediastore/basic/exceptions/FailedUploadException.java","Implementation/mediastore.basic/src/edu/kit/ipd/sdq/mediastore/basic/interfaces/IUserManagement.java","Implementation/mediastore.ejb.tagwatermarking/src/edu/kit/ipd/sdq/mediastore/ejb/tagwatermarking/TagWatermarkingImpl.java","Implementation/mediastore.basic/src/edu/kit/ipd/sdq/mediastore/basic/interfaces/IMediaAccessMaintenance.java","Implementation/mediastore.basic/src/edu/kit/ipd/sdq/mediastore/basic/data/AudioFileInfo.java","Implementation/mediastore.ejb.facade/src/edu/kit/ipd/sdq/mediastore/ejb/facade/FacadeImpl.java","Implementation/mediastore.ejb.cache/ejbModule/edu/kit/ipd/sdq/mediastore/ejb/cache/IdAndBitrate.java","Implementation/mediastore.basic/src/edu/kit/ipd/sdq/mediastore/basic/interfaces/IUserDBAdapter.java","Implementation/mediastore.ejb.mediamanagement/src/edu/kit/ipd/sdq/mediastore/ejb/mediamanagement/MediaManagementImpl.java","Implementation/mediastore.basic/src/edu/kit/ipd/sdq/mediastore/basic/config/RequiredInterface.java","Implementation/mediastore.web/src/edu/kit/ipd/sdq/mediastore/web/beans/SessionBean.java","Implementation/mediastore.web/src/edu/kit/ipd/sdq/mediastore/web/beans/UploadBean.java","Implementation/mediastore.ejb.cache/ejbModule/edu/kit/ipd/sdq/mediastore/ejb/cache/CacheImpl.java","Implementation/mediastore.ejb.cache/ejbModule/edu/kit/ipd/sdq/mediastore/ejb/cache/CacheSingleton.java","Implementation/mediastore.web/src/edu/kit/ipd/sdq/mediastore/web/utils/SessionUtil.java","Implementation/mediastore.ejb.userdbadapter/src/edu/kit/ipd/sdq/mediastore/ejb/userdbadapter/DbManager.java","Implementation/mediastore.ejb.mediaaccess/src/edu/kit/ipd/sdq/mediastore/ejb/mediaaccess/Audio.java","Implementation/mediastore.basic/src/edu/kit/ipd/sdq/mediastore/basic/utils/PropertiesUtil.java","Implementation/mediastore.basic/src/edu/kit/ipd/sdq/mediastore/basic/interfaces/IFacade.java","Implementation/mediastore.ejb.mediaaccess/src/edu/kit/ipd/sdq/mediastore/ejb/mediaaccess/MediaAccessImpl.java","Implementation/mediastore.basic/src/edu/kit/ipd/sdq/mediastore/basic/BaseEJB.java","Implementation/mediastore.ejb.usermanagement/ejbModule/edu/kit/ipd/sdq/mediastore/ejb/usermanagement/UserManagementImpl.java","Implementation/mediastore.basic/src/edu/kit/ipd/sdq/mediastore/basic/utils/JNDIUtil.java","Implementation/mediastore.basic/src/edu/kit/ipd/sdq/mediastore/basic/data/CurrentUser.java","Implementation/mediastore.basic/src/edu/kit/ipd/sdq/mediastore/basic/config/ProvidedInterface.java","Implementation/mediastore.web/src/edu/kit/ipd/sdq/mediastore/web/beans/RegisterBean.java","Implementation/mediastore.basic/src/edu/kit/ipd/sdq/mediastore/basic/data/UserRegData.java","Implementation/mediastore.basic/src/edu/kit/ipd/sdq/mediastore/basic/exceptions/UserAlreadyExistsException.java","Implementation/mediastore.web/src/edu/kit/ipd/sdq/mediastore/web/beans/WebBeanManager.java","Implementation/mediastore.ejb.userdbadapter/src/edu/kit/ipd/sdq/mediastore/ejb/userdbadapter/UserDBAdapterImpl.java","Implementation/mediastore.basic/src/edu/kit/ipd/sdq/mediastore/basic/config/GlobalConstantsContainer.java","Implementation/mediastore.web/src/edu/kit/ipd/sdq/mediastore/web/beans/LoginBean.java","Implementation/mediastore.ejb.audiowatermarking/src/edu/kit/ipd/sdq/mediastore/ejb/audiowatermarking/WavFile.java","Implementation/mediastore.ejb.userdbadapter/src/edu/kit/ipd/sdq/mediastore/ejb/userdbadapter/User.java","Implementation/mediastore.web/src/edu/kit/ipd/sdq/mediastore/web/utils/MessageUtil.java","Implementation/mediastore.basic/src/edu/kit/ipd/sdq/mediastore/basic/config/EJB.java","Implementation/mediastore.basic/src/edu/kit/ipd/sdq/mediastore/basic/config/InterfaceDetails.java","Implementation/mediastore.basic/src/edu/kit/ipd/sdq/mediastore/basic/config/Config.java","Implementation/mediastore.basic/src/edu/kit/ipd/sdq/mediastore/basic/utils/LameUtil.java","Implementation/mediastore.ejb.usermanagement/ejbModule/edu/kit/ipd/sdq/mediastore/ejb/usermanagement/SecurityUtil.java","Implementation/mediastore.web/src/edu/kit/ipd/sdq/mediastore/web/filters/MainFilter.java"
"9","0.15016986265043927","0.12158319285752517","0.11694070054202417","0.1031091497914007","0.09615208574686056","0.09365439710915292","0.09159096883300787","0.08670142234483694","0.08631115208308754","0.08554148815884269","0.08499248801300419","0.08483607252224931","0.07731654986552385","0.07638369165530012","0.06940203765244711","0.06585862224286816","0.06552350751914687","0.0645859733733761","0.06400286945654643","0.06227610297207847","0.06156241839116479","0.06008509620854617","0.05947087364829562","0.05863634320008595","0.058387147266307775","0.05789203947093485","0.057043882808731114","0.056354782018420216","0.05182596922871819","0.05025531544830321","0.04520691945792176","0.044867054249668595","0.042101849371950446","0.04009918924125552","0.039303798663392064","0.039230782812034085","0.036434986366885525","0.03542347018094612","0.034732337017795996","0.03423841424300671","0.034129510798981015","0.03385476957403564","0.0337733095223717","0.03335627388446159","0.03267710427070225","0.03173526565469678","0.029059825393410014","0.028608101473870832","0.028433317384063652","0.027829615743108813","0.027384040998078046","0.0268772399610161","0.02631306788193034","0.025378767430586827","0.025214584973498266","0.025038665800124246","0.02499156915046221","0.024352362930727102","0.02386607211457085","0.02335704930059618","0.02290603603880407","0.019443877385514483","0.01872051891817747","0.016960285406091437","0.015876345373953","0.014769854579712699","0.01462878991148156","0.013938546095250247","0.01311026459257715","0.011620520414941991","0.01107690305888357","0.010884706174580504","0.010066607702694708","0.009737244571375904","0.00970397328728287","0.009380868896990935","0.008393019926663518","0.008175347756339697","0.007650530146308382","0.005646385315763702","0.00545391470606057","0.0045409012392714845","0.004203982817552141","0.004136023579890603","0.003927575056741907","0.003889857811854222","0.003545889290460357","0.0034701204837004687","0.0033298135235664576","0.002579360643058812","0.0021375719087817027","0.0018082116290424775","0.0016299660316484554","0.0012356794474097982","0.0011825209152563126","0.001162914021644095","2.221278035689794E-4"
"27","0.02187890189424034","0.06520975211293101","0.07288400694343745","0.0631889115646821","0.07250289020987903","0.06452599417719865","0.046194265584045595","0.043026547931788534","0.03951994426056956","0.24572875276671743","0.07016500906142484","0.04554865387433042","0.05823874913351527","0.032580811335446665","0.11752053363780847","0.043896405013411195","0.041468208560902386","0.036442719168411554","0.26078097334286054","0.06648675215167248","0.03467152068508433","0.24565767252277337","0.04777690113122449","0.05354599235867945","0.2425929938684298","0.0407345702542717","0.037502676034374745","0.24613049899844627","0.025095764532539228","0.014804958923785385","0.03946029760486861","0.033122236184791556","0.06724197125316425","0.037311276378839194","0.12091288052661536","0.037491284384212724","0.04270682358484664","0.03892317229476274","0.0384541136051933","0.045418934648382564","0.040980787264679706","0.24447686794971452","0.013180527389864721","0.03437899231430193","0.24794391842400898","0.019615973058967794","0.01896864688886111","0.0981248558536429","0.045941771234611","0.24415185196963304","0.011202831970425872","0.024370218550383127","0.026779514412797523","0.09552674949248349","0.027964071619440183","0.009346406419246911","0.0573839568514388","0.02682390659117715","0.030024501480378083","0.2694144347463346","0.024959517088810168","0.04270188266964772","0.007229342458636151","0.06730471491202282","0.19042221277292176","0.006971376085483551","0.02468943089462168","0.01032098718054328","0.02064957786101375","0.011683541124029525","0.00862964007524326","0.06879537491778741","0.016672291496067075","0.004385004387582572","0.01553368635518231","0.18239591554031265","0.012447267049556364","0.02490667459618509","0.00637330131878165","0.017076916763492052","0.0029775434173491076","0.0023874872281665054","0.038691634052684255","0.0027110668636367635","0.0089406944780699","0.0645026769081441","0.005527223058573512","0.009357989190974704","0.00253905392024046","0.02049336990995163","0.003148260249431259","0.005546526252835219","0.002431946511003436","8.473339587137673E-4","0.0014627888525716398","0.005864440604984015","8.25405322432098E-4"
"1","0.19868225055213323","0.021808644727193738","0.02503259114613851","0.018864980144564426","0.02174899326297301","0.014269620788238728","0.03735170079124004","0.02148859161931216","0.027218716401348972","0.05055224065513391","0.01803299585945179","0.006040361375049238","0.003873390822665155","0.07128425457294382","0.07827025519729773","0.02177489347226371","0.019095377523778694","0.02457960484703833","0.05029005212576576","0.03257598396032541","0.05029580400646583","0.048034035758302146","0.01899626331576415","0.03281328845588628","0.047960587735374545","0.014947948040418508","0.02092175931118271","0.04195842616572971","0.046814528040877004","0.023320018546905446","0.008370932567993416","0.061384651516902346","0.016136169837738468","0.022971022425601246","0.06909567300159858","0.023621921133573476","0.01513201808414642","0.044693233847059824","0.019993952305257235","0.014511968004162549","0.021616740817684037","0.04195395878506046","0.15755808597684054","0.002336776104613226","0.040908675453376085","0.02594339779325243","0.019853978304536363","0.06257259262761898","0.036718468542157344","0.05122603211625839","0.020644936396404242","0.01776232492681932","0.025075633436269642","0.03307144654115932","0.012497995003451057","0.016281087759644566","0.03519959620205885","0.06135157815884865","0.019540712039016608","0.08649942371346345","0.004269329209779901","0.10380646615222461","0.018192060593191773","0.04657817270693267","0.06841629285390956","0.010746706113264054","0.1621545625510643","0.0614049797087545","0.01663622513307403","0.0018139850062407856","0.15808696011440138","0.06950959924738677","0.009997005511712264","0.03335512374134566","0.0638363738719453","0.058052373854639044","0.025433405918283487","0.05163259916744103","0.04455188406555123","0.0175836567500921","0.007304631465097564","0.05493654831720225","0.004829238950794545","0.005885122162191623","0.08603498367537489","0.043533757063355216","0.0026179883161293366","0.09715240653772447","6.214551468302319E-5","0.00861856905746229","0.06709964007378365","0.0030236507189274663","0.0012259449331851386","0.007690335400601574","6.580052154697788E-4","0.0037262183172030797","0.07638801017925854"
"25","0.01878327872734038","0.04585174297663655","0.06637680210095531","0.0462593304099852","0.07283495957906508","0.044039012087315116","0.029708843234932853","0.01616751353708388","0.019967831392797498","0.07714500338140139","0.06283770729573027","0.017367424126878674","0.05742890336074469","0.013000700079668746","0.032103169134930824","0.034754634596130214","0.01728402010120369","0.021431602315938537","0.08349402624270069","0.024461756089394757","0.018690878023481416","0.0701415907743503","0.015281937020005968","0.08288871930767601","0.06901754415025935","0.015519681451338039","0.018774498643599105","0.07594189487050285","0.04468608301474121","0.0046764107049080276","0.03757830752370409","0.0105800712989431","0.023215562113642813","0.1014324617592578","0.031044330983432986","0.02969482075351127","0.033543727185136984","0.01718938455585489","0.14874592533613468","0.012977930778950845","0.018305222235125446","0.06683220590126451","0.014260876249209435","0.03229796040056834","0.06884923331819183","0.015580656261405675","0.003374192002486906","0.1547238264650627","0.05346594428813234","0.16160042323328866","0.01267104580106376","0.07022779166248388","0.017064083844917585","0.03556902539128791","0.09634762220935528","0.010400424788020408","0.03987478741566021","0.022370825456889284","0.09632133884301457","0.10255031146877924","0.02317516223373397","0.08281870871787533","0.01422492752525931","0.023178502069259165","0.15639093163746767","0.006199991642066119","0.05200853543088637","0.009973497104957423","0.07126476205969555","0.02171981364840907","0.043826546854277795","0.04355377439984744","0.01795764969087658","0.01609607275540346","0.06774976578643532","0.14037102504827317","0.011792754590905051","0.02649657495871083","0.0446768254894343","0.01574066638202681","0.001994236167955683","0.007025263177957234","0.005798788728193177","8.510693953553376E-4","0.008708431639837188","0.02791297249267513","0.0030502011326353773","0.00952436076195145","0.0018172537165806672","0.005653333829444099","0.0037951126123556868","7.549363178803129E-4","0.0042895476087801195","0.0016785664277078306","1.0186725311789063E-4","0.00595265970813417","0.0010328547557221484"
"35","0.023558553240043547","0.018541886567738232","0.017494238358532886","0.018492279990509525","0.019490234430966577","0.021417030556593764","0.03429449253631103","0.0019672911432617774","0.013765112402413543","0.008805388887796143","0.018790407320328485","0.061727901030137484","0.05038258608912769","0.010196951744050435","9.549862214665568E-4","0.008936443073387444","0.0037743544228299422","0.01524855502337585","0.013205111920009883","0.10093939359388447","0.00789478590492125","0.007097094150637042","0.0016936861543864663","0.010816260471396454","0.006335783476488884","0.002035844647060237","0.014991333455413447","0.017095784983300062","0.010196558656714946","0.02719021161346629","0.028568211412646004","0.01435769815297494","0.09657083016984","0.01522743919938828","0.010262247113509938","0.008014114490458897","0.00944949096183787","0.017322203155675505","0.008947089974765277","0.0013433831754479104","0.0049795263661847914","0.015278088576235506","0.009805500632023506","0.0357048617209649","0.01695102352323061","0.017825290476127867","0.03492181817205279","0.0017167297424316756","0.0489051297194324","0.010842297454451482","0.009036353952422863","0.012032675192382256","0.03035384922527429","0.14590782980694167","0.019330676394635916","0.0143053992144518","0.04625481544467083","0.028693681568145536","0.020455197986527895","0.09575570678791132","0.02285380213412392","0.021920483767816214","0.009326253792230623","0.13700100060501763","0.014695649682983413","0.009216828665674784","0.0695272807359281","0.008925566856324956","0.011577652701624233","0.0046417429073136295","0.033597490498459795","0.11942678770372524","0.0219012783668172","0.012546685663176056","0.014026262083657468","0.06400565818109788","0.09305962025453465","0.051721600365703876","0.0034420292422775566","0.04442532478586099","0.002160370282426126","0.0046035757214492","0.05409046687927205","0.003962411691098277","0.019132338057762596","0.13229413128684012","0.0031574408726866045","0.021478395033214272","0.0020107025610259584","0.03210279180948206","0.0022129769958211896","0.004620415958956599","0.003621399454445942","0.004084551680500793","0.0017885154288104798","0.0012123419125044472","3.6022067183320047E-4"
"24","0.013540472457771317","0.031533963319400976","0.04714626844914737","0.03195525997653009","0.05127489805228941","0.03278177456775817","0.03069860068453111","0.007872097848094688","0.021940075482333923","0.012676227047340772","0.04652200990043619","0.043318420692100915","0.06264417382815334","0.004792034007407244","0.0013234005265421779","0.007634769989004045","0.01006668970120261","0.023708799339996492","0.015992366291840386","0.06837475630322304","0.010972143042502198","0.0044753069991426446","0.0045845386585139074","0.037811654533501146","0.004983992769460135","0.007992033245495384","0.021752963071410784","0.01701134336049377","0.024916398418018886","0.01736091325653817","0.038125734509469746","0.00755576123548691","0.069588799799857","0.03704199143045633","0.006957272061051897","0.008592409883196778","0.008186444033761973","0.016739399852549977","0.020266245508583622","0.004337856440678816","0.008516533837925468","0.01010756011698475","0.004021319126513101","0.07533798982262871","0.01042239461807679","0.013747795156369461","0.0220446487153544","0.02649735015978411","0.05649135674912828","0.020835614605297547","0.009399251496975371","0.030464274337111134","0.025358045495267486","0.0932454146445194","0.01887661181669316","0.010643414494813869","0.035707325044943214","0.021317695117578833","0.03304103096155083","0.080590965864316","0.06408151681742343","0.021613196067400968","0.019469248558466705","0.09652422034756748","0.022293084376297977","0.005705950298879253","0.07745008592535917","0.03612459246367355","0.022522289019891176","0.01503954244658139","0.038571735585128566","0.09591755515993351","0.06140942880143825","0.0044821949817342175","0.013087618720302265","0.05936687950537068","0.006664463604909208","0.03518698418662766","0.006654628923679019","0.032715765928615935","0.0024089927553524785","0.004511921061165095","0.034571995314853506","0.002702017983583042","0.004756436503837731","0.09193415612503153","0.004228040863841781","0.017422313642324733","0.0023212183098010623","0.021834552428176633","0.0027582048403592746","0.002999476228632647","0.0019226201109746397","0.0015586739148085165","0.001086626514147723","0.0016766405972233945","5.814630301797832E-4"
"32","5.043986940542102E-4","0.013501248287182303","0.008498915753903666","0.013440011239545772","0.0076017249371938414","0.009911223987174228","0.019723647642371403","0.009188987071579098","0.010984701760478867","0.0014011941561605245","0.0028949044598996186","0.0010102828168195058","2.2765711866082908E-4","0.0057375679206417085","0.007577822225914241","0.009739393801670127","0.008362470265194811","0.010297264664556077","0.002081087206771594","5.976921934316632E-4","0.006200972210954959","5.189163555325151E-4","0.006545118462704861","0.008505971342271853","5.228220722506696E-4","0.004197237961913574","0.0055742308930148395","0.0032429384699877266","0.004289099736051497","3.105115346034344E-4","0.0027611050444324354","7.738792034893346E-4","0.012277585075651113","6.135987477035061E-4","0.009610355673462065","0.006349679394580938","0.004659230657641119","0.008100012869407189","0.008667038197818935","9.883681018858896E-4","0.006440818949513527","5.111869667891851E-4","0.003925626509469031","3.626904717482858E-4","0.0019518287828262162","0.01034069603905597","2.9817227172687584E-4","3.2853037157725784E-4","8.421476735232162E-4","4.252234373796661E-4","0.008434528659639786","0.009921390924163172","0.02007506673113217","5.735276528768859E-4","0.004594490519752834","0.00522129614267819","9.853824421842583E-4","0.014240397060048756","0.0011892521420354915","0.007720549562759078","8.477216092320276E-5","0.006829314791181035","0.03535832092275745","4.6230073431000084E-4","0.002105371507075942","1.1138521163946018E-4","0.016092710621163447","0.007426174992817986","5.27370680490891E-4","5.078882438980166E-6","0.009686579357503184","0.002650194977276616","0.006951408854676391","0.0049840947690016945","0.009676561430443455","0.001822411393035789","0.012776981777363337","0.025435743584578993","0.003915603295437262","0.1889451041815805","0.00441708636515791","0.05343330549252723","0.0713006867864631","3.916580358745736E-5","0.003500161777218573","0.0021597176483450996","8.019234511883976E-4","0.036760395511943225","1.5158762840982507E-5","0.07624965706734517","3.553013162897699E-4","3.5634980005209556E-5","7.423683213413693E-4","8.150559358049499E-4","2.730100358137467E-4","0.19485121600994632","1.337037950738455E-4"
"10","4.0402659336296665E-4","2.390398120585844E-4","0.005031791995295538","2.3591796844831193E-4","0.007487951602150836","2.436314756325411E-4","0.008959995506124233","1.544575496659672E-4","0.008471387117276514","0.002590469466637211","0.004711891571913619","6.196752412509334E-5","9.99336960033153E-5","1.6064862217779837E-4","1.9075016905401818E-4","1.3724469867706904E-4","0.0021682779070863944","0.010950408760468553","0.004760673664970313","1.7256106491564312E-4","1.570621838070021E-4","1.4676434369792905E-4","7.496452690818817E-4","0.005100874642084489","0.0031154595242734676","1.5516919884190432E-4","0.008101104009863953","0.0023548750287887667","1.526219472150271E-4","9.386750711147195E-4","8.048505919438852E-4","1.6871316524325573E-4","1.698793654911901E-4","5.562805120653193E-4","2.0597772778596817E-4","2.947362293193352E-4","1.44250544876073E-4","1.7678171911130868E-4","1.6624917739988288E-4","5.282634577617349E-4","0.004965043000452816","0.0028956297842928753","1.753142133887674E-4","7.029902170161404E-5","1.6780106222482314E-4","1.1468751050765555E-4","7.684206052396E-4","2.345905031675848E-4","0.024217690648323863","1.3488103044389144E-4","6.790894446779363E-5","0.004074378749477777","0.0049191982319632295","0.011810537024766424","7.590468288140169E-5","6.086518164440325E-5","0.01814457778266255","1.1949576091616748E-4","0.0034021272026887005","0.05074198193777252","4.88020061849792E-5","0.0034727269515715245","0.004993577635476497","0.02802514892482523","1.6439891502790269E-4","7.544379148858352E-5","0.06344620745862267","0.0034396547032507388","0.004860874325087262","5.646307298106907E-5","0.038562010014930745","0.0442234796806485","0.008943903596125919","5.962785577476496E-5","1.3731267473592138E-4","0.026215169706690675","1.417221099680428E-4","0.012988782944018637","1.3886220984723154E-4","0.019196777693082506","5.844161078578345E-4","5.383445783946091E-5","0.0026835094736058526","7.732809995823812E-4","5.203580451532727E-4","0.02921032497222983","9.784467198616705E-4","0.009722698289809192","3.4278624984186045E-7","0.0038270330229185877","4.0918215574775164E-5","4.7753741353323895E-4","7.794834119680303E-4","6.604262423268235E-4","5.742508527561779E-6","6.823645194451482E-4","4.50990400066792E-5"
"11","0.014978952112300783","0.0032704797377109914","0.006497220375524075","0.0021800545165323324","0.005612309315076592","4.581869418871984E-4","4.157840852706241E-4","2.3073612135707448E-4","0.00940547739677455","0.01007315629667217","0.0031697825777937828","8.135197594002741E-4","1.8822179257069982E-4","0.006075975643892379","0.04669978050133394","0.004680467563268369","2.435531306720502E-4","0.008767339690155087","0.009497762359079004","1.1589754815428252E-4","0.04413631388938862","0.012153723471288146","1.6822257406306972E-4","0.0075021436005448024","0.00893617101775051","2.156194346758745E-4","0.0062503105155308335","0.0068542126511372484","1.5352666573825933E-4","0.021912228803157834","0.0016816126071279528","0.002464311173592234","9.463095208792658E-5","0.00880089462472635","0.04314256166065399","0.010305248205487696","0.0013071887123829624","0.04151511385842981","0.010687265810036562","1.499166685352978E-4","1.4443219079490847E-4","0.005837192982779273","4.165551493190015E-5","1.778126458422499E-4","0.008792659161325727","0.0013199744709570397","0.019320803685330536","0.03943767902450745","0.023482806477581115","0.01810129074188761","6.849074252723421E-5","0.0030032727892091416","0.007224169180389888","0.004055859238514767","0.006199981169867355","4.202575146529625E-5","4.377099384244386E-4","0.05389491182479135","0.013042876371340138","0.002800268941938975","1.5319790497491038E-4","0.0557165152342592","0.005599755571354734","0.031597739745624014","0.041851634467331554","0.0019185677915089451","3.3036831492483485E-4","1.1337565759622864E-4","0.008898139948103375","1.109556712621876E-5","2.088379619276491E-4","0.03884616874908876","0.004067876994588254","2.800341770818296E-4","0.023738403329627452","0.024440301639730926","0.012006710073461487","0.04974001324335751","0.002690717169506705","7.449603703695789E-5","6.129417200444953E-5","1.3843398618134978E-4","7.218541689472389E-4","5.487670981722655E-4","0.01855802424558508","0.03792936345825466","1.9668148622515003E-5","0.006335252506206057","1.75521035610644E-5","0.004845033802036348","1.4728696958965742E-5","1.0673257945095729E-4","2.395697573915033E-5","4.900839009387122E-6","4.1075525029766994E-6","0.0029852891179913393","0.0010861962612739233"
"17","0.026230613128393015","0.06120445629657462","0.1927510873537804","0.058821403968570746","0.20388413668432023","0.06188945251504041","0.02612754772185052","0.03437953356727575","0.27699982422501174","0.08668820222101846","0.1899264674356966","0.018143119552478236","0.0740846181330538","0.034765737290331035","0.13089068352767086","0.036085611377932904","0.03516708514687102","0.29233963521966105","0.08908271686356833","0.027506829338254882","0.08885393960080087","0.08554209115521767","0.03580213016134395","0.07152424223881951","0.08409045423295343","0.039572494973430926","0.2724671046355655","0.08706773176244262","0.03341706281073262","0.03386749439938378","0.03969686691773434","0.03727429861029723","0.035444397222524855","0.06224956350404202","0.13331651192830746","0.0405713745986013","0.0386309187946634","0.09224429910909737","0.03443794115628839","0.0405999498083944","0.03228695348329929","0.08550884725905797","0.0037303334865905475","0.02963010271014682","0.08750908304036985","0.012069912622272668","0.035409079550320056","0.11501454375310388","0.07334288222422311","0.084725349321798","0.011150150027555601","0.1209907646819942","0.02145583914949064","0.035154182088254576","0.020432852276580104","0.009394084445054025","0.02250615347646903","0.06772737222913316","0.18219364994861573","0.10950988593515623","0.02130419468430734","0.09871760644032601","0.015442732029258778","0.0615466539549824","0.10825621252393677","0.011544359555991788","0.07507566681666399","0.011209365213732829","0.04146697270058549","0.015299535404789984","0.04246056665764885","0.0912657692766725","0.023196403163029157","0.0056914001343624475","0.04454981096411558","0.09398636417429271","0.017741347367381078","0.06916884448373148","0.013976347054336794","0.021964044123559196","0.002963216597536252","0.005381438158665167","0.008392870213612335","0.001889767530760687","0.021634193191697498","0.06807748641322724","0.007085535396820686","0.016299325963557123","0.0024756107236903607","0.0114773066969908","0.003203198825665622","0.0024642152749343306","0.002483924406483336","0.0022389737580866946","7.296158723541454E-4","0.007372830255804243","0.0016820700245764695"
"8","0.019824048546055288","0.012990991724717215","0.0193362684056952","0.011433173029783408","0.01832686909150963","0.010399531005855313","0.006904784508352864","0.010685820599948537","0.02595284385672329","0.06505146682409046","0.016069311303637254","0.0010282127732767156","9.455321664269242E-5","0.016397639302191527","0.09627518739077422","0.015753251433137338","0.010449093896128898","0.02540785933351118","0.06766314468965806","5.495228279642767E-5","0.06105972931100205","0.06838273231309556","0.01410222245299461","0.017441618954077143","0.06607440302198198","0.01096501707115979","0.02276467758538861","0.06157362772480952","3.4681713770222386E-5","0.023055233615632515","0.0029809302526835977","0.013091638981805506","3.3197358283247716E-5","0.010997442455430243","0.09293223252339525","0.027393930073964186","0.012759451318972844","0.058911403031852584","0.012992651989137231","0.014380980944546125","0.01274887917395135","0.06285171111579342","8.592661690063741E-4","8.433275645796147E-5","0.0649188442036193","0.004965721384170134","0.020275102151485657","0.06988438380135906","0.028452641198281284","0.07027437952558742","0.0021907830868901123","0.004246309237505498","0.008627449493794154","0.006887797101494877","0.006462050771305065","3.0459229158810356E-4","0.004294105855829071","0.06055364886623882","0.015580160549026351","0.06259975678922693","1.3499360532992703E-4","0.07583938857550482","0.007303071719962728","0.0332045079029153","0.08863806347236843","0.0020768298446999355","0.005909056133012168","5.579167117372109E-4","0.009508692761403188","5.21324713802933E-6","0.0029389930989401733","0.0426626673518854","0.005672095096688813","2.6696695099240943E-4","0.026625371987803327","0.060467342131558056","0.012567316979392363","0.054380603858836744","0.0027264665093763526","1.126996320463606E-4","2.737813767504477E-4","1.3379303376418174E-4","0.002454224555109945","5.703419370136968E-4","0.019952120085873947","0.039745250470513485","0.001274227923450298","0.006645681497619308","3.833366527375746E-6","0.006031275452933373","2.9718230986915863E-5","1.1496594782339072E-4","9.502731792423552E-4","4.198388585324312E-6","2.125046962564612E-4","0.00312801486271617","0.0011317662787271117"
"2","0.007749695178586878","0.002467990559073826","0.0060701025500323556","0.0049051562950213805","0.010732803166602014","0.0038401678066418282","0.0072551216683872715","6.094302735483155E-5","0.008830797984617795","0.0021226848172814323","0.007270019971082157","1.0729789838252458E-5","4.168926625072463E-6","7.263333144853684E-5","1.54770434372363E-4","6.334887277471774E-5","0.004129864687915699","0.013281622994728013","0.003839740166216964","0.004144966572657109","0.002891081303798194","2.155293279844668E-4","5.540922640777938E-4","0.010343615308434684","0.0025569781363955868","0.0015149028163137584","0.009881930409436543","0.001921286707326736","1.7418068246097445E-5","0.007028186626967139","0.0012811856720960264","6.683711340735395E-5","6.043062595691464E-5","0.004504318356715743","9.728616762661188E-4","0.012860793004928381","0.0014412544347226787","0.0043688892852707046","0.009643623394774026","3.724692219954995E-4","0.003879357422770602","0.002368779054150214","1.423163414962711E-4","1.2491767756608215E-5","2.148520034170587E-4","7.282442229644405E-5","0.008178696159351271","0.00386453060631268","0.02142344262118908","0.0013622034418136534","0.004042210833516636","0.00296314242735978","0.0038539464628428643","0.00922119727538165","3.620482989900728E-5","4.092567073942627E-5","0.01921322976253521","2.7911555376717374E-5","0.003777053556884132","0.04005875581388573","9.6432597197668E-6","0.0026855526817041345","0.005845455753972367","0.024729382680321422","1.8338217884743624E-4","0.0641680928745738","0.06054509046980824","0.0055314451505372765","0.003743365899759639","1.8908858771562802E-6","0.033524001037055336","0.034747114419903115","0.0075234099801997556","1.696200016515477E-5","2.8876232694142064E-5","0.020693525008969395","0.07684230234909285","0.011530056185891887","5.384296755073268E-5","0.018368757233362672","0.015288465910073797","2.0243880833463757E-5","0.0020695834138210606","6.030066181770022E-4","0.08650184675768334","0.022871548577924058","0.003071229185519013","0.007606931124435533","2.8604096734385005E-6","0.0029684931840349023","8.824412708885451E-4","0.0487222652369324","0.001586164657747677","5.106158313625805E-4","4.961244927766188E-4","4.609978350958568E-4","3.0108434121599865E-5"
"26","0.004233947277699981","0.045267251552511406","0.05722689691697069","0.04456619209269753","0.062298441093892196","0.04349773660751899","0.05215855964308654","0.023468838458941044","0.033182406763195484","0.14568664058330336","0.05627051650844609","0.021080975072575944","0.05974250699215694","0.027501305236582667","0.07240400713230495","0.02287259349974591","0.02832027377134629","0.03368326630271786","0.15984985588217399","0.040166888275827047","0.020369786455306724","0.13853390983911537","0.026162173985944785","0.04648541227370611","0.13693334845025812","0.026080043766271252","0.03092976697554966","0.14677995067623364","0.02645632690362911","0.0021239197215162024","0.03828377447354628","0.03146309890947049","0.03220148588906674","0.03749615034498556","0.07211938144336846","0.021903697871412445","0.024255453383111022","0.020494627163454196","0.03214671266394721","0.02540230788887954","0.02680428857526035","0.13920447423696733","0.007223554498786216","0.05547900904366534","0.14142341033092928","0.020083958730700763","0.00213393167368997","0.0720108271049612","0.047796202942080535","0.15212272502880286","0.0165993201655064","0.027154469515365685","0.022913003239094065","0.03394669469440533","0.025489194344825567","0.016725013339758617","0.198890713068137","0.00915200376969345","0.024072654635733385","0.17757974972820992","0.04643919655143767","0.04213785492923968","0.01579491696718847","0.034422619438361696","0.11829979518854221","0.007566984595593471","0.07257935690748493","0.04277991177775818","0.020152648945691652","0.014397061308656376","0.037961439387680686","0.05325997399925683","0.030858644327708573","0.010179862353901547","0.01885031352221975","0.11628822376450867","0.0075143232102906805","0.021172241677422883","0.011005007593345648","0.017863678935635157","0.004245813073651511","0.005425443844274661","0.008319804747020945","0.0022836552480916023","0.005976930039106743","0.02984900770813518","0.0038347293748768915","0.010396295728872582","0.002238998241639722","0.006601054306132963","0.001838325343640859","7.855432821525203E-4","0.001594837263076854","0.002204389886476785","4.909973136306526E-4","0.004575131979655589","9.411163719584792E-4"
"13","0.013215544744216653","0.018218389789696837","0.02056212935746052","0.017330001616765827","0.020512539443213556","0.015345279532716992","0.022745700780353366","0.013456817227512113","0.026905101546607885","0.044497910219891905","0.015146443332657644","0.00289641827363007","7.812619727842839E-4","0.015303146666241824","0.06748662638983488","0.016444367330412924","0.013680408539904595","0.02720841713100279","0.04773555571345167","0.0013948443813286832","0.044857802625924384","0.04431283723638946","0.014528116040570837","0.019086743195513872","0.04458872880707862","0.01093972847776226","0.02157178618323428","0.04376614310547181","0.004685171501990983","0.016301382695586335","0.003886701862952962","0.010355911220607996","0.013699760408462838","0.007606613781225717","0.06716232685403102","0.021454635368357844","0.01204686106417502","0.045176662607972644","0.013604381154790545","0.011172726022612977","0.015601855094532692","0.04202725611896546","0.0038504198883970156","5.850932579933747E-4","0.0432646542774946","0.010641016283239978","0.014130554975366312","0.04309039194602081","0.031088248819006875","0.04484819697907976","0.006456113671336156","0.011208437180965402","0.021275825223010126","0.012120196961190344","0.006011965964237915","0.004658089013839569","0.014292806309931705","0.052350163775138965","0.011628544735593327","0.07192232016183234","5.258779069619012E-4","0.05467586510329601","0.027182520781658833","0.036315013946691524","0.05540900548015908","0.0026197398295136616","0.048883698512324686","0.010518461906783131","0.009125481729813135","3.4146738983851447E-4","0.028843898412226027","0.05268067782197836","0.012306834868954581","0.004415501134640449","0.02151103525544457","0.052757117823328994","0.014742219191376848","0.06440107548089731","0.0048531630395155885","0.13885668954041414","0.006017421682651468","0.05826541445565707","0.05293669074383031","0.0012106712016865472","0.016397962418508775","0.041750838453977396","0.002503573825805463","0.0453130898798736","7.955925983657918E-5","0.05836705900198515","7.747745678120828E-4","9.755828968840233E-4","0.0021094578710347408","0.0016037139679424988","7.107748045876517E-4","0.1420094422824287","9.368015777595777E-4"
"19","0.02253103817460883","0.08566861772734533","0.07845499825219567","0.08462466457106187","0.08008796565656934","0.07928342255333999","0.0676524470003303","0.04157969266753132","0.049737466225658895","0.047515114431216046","0.07063757038903665","0.028613452352112236","0.10634332972699931","0.02504116085398988","0.02333385320188581","0.0890741122556774","0.042377649308251907","0.04795109831494019","0.046256723186282524","0.043199952871692586","0.014519280407250245","0.02521149465792443","0.02255219032748189","0.04752992488794245","0.02646549265442382","0.03757884704225718","0.04290481267927039","0.04171835131631735","0.04991805912064111","0.013340360418904537","0.06701100966682921","0.021006409256348616","0.033396184243721004","0.06567951205490159","0.019598437344913927","0.02242425644001178","0.0859884123972428","0.011382654534489878","0.09687514146732729","0.018777264256744728","0.018523875904130245","0.0228047631608623","0.01615669172876861","0.053230956588326564","0.021533850917080096","0.016943663330397016","0.010325729109365788","0.018658866940419717","0.044378688666353965","0.03424599859275618","0.019589496280203483","0.03241265918047013","0.02222439176450799","0.01552100208688907","0.1569528274478495","0.013760563752890987","0.036022647317104174","0.004599818807833317","0.034297833082803875","0.04376158444906852","0.029050959953064417","0.009978037403393286","0.009983208419524346","0.02147648707496696","0.06370495265306782","0.04327527566269633","0.050955856657154665","0.01764815617317027","0.028730775639462917","0.013119018961708955","0.027829709456499752","0.0427050545501192","0.017980843462902355","0.0068877746792703485","0.009212680151790586","0.041839910854983196","0.015933608174892453","0.03723439142966077","0.018398622516892362","0.014124352305486445","0.059850063855444294","0.003084942950211611","0.0061807445974826165","0.001833449253603431","0.0021714022869349764","0.04022702857686478","0.003795034795931113","0.008447901726058343","0.004332524501420774","0.005704392484538894","0.0022453281820557","0.054727876128687444","0.0031899022159166766","0.0015203038370957829","4.911268015954631E-4","0.0026034151782468955","4.8410777711158917E-4"
"36","0.013619271867078309","0.012250601556426278","0.018796889620281223","0.011730677096373737","0.023528627145170122","0.01348307946589288","0.05389478550043093","4.532785655449685E-4","0.014513699086245151","0.0144609897046686","0.020525197824985117","0.04684325769633159","0.05426524283492585","0.01183565376202213","3.1725319433284705E-4","3.4677582402711733E-4","0.006429613556378558","0.01614159410156787","0.02296795748888575","0.08743166058522982","0.004562374978662992","0.00908310962271635","8.701152257002265E-4","0.011314157275349774","0.006042783019167461","0.003820114892042731","0.014282054336197513","0.022741531538912896","0.01098832203301647","0.011560055251950349","0.03463036555308448","0.019323533895641367","0.07954755998600822","0.017144733002114918","0.005848104961028332","2.8120056191350466E-4","0.0026602724164818013","0.010166398702927525","0.008649204304147591","6.583818646193684E-4","0.0050671820787503135","0.015216641092981384","0.004129514993478428","0.06171508038991608","0.019196605397885227","0.026250364550732177","0.016487014169007656","6.946877478343112E-4","0.04435910681443812","0.018386149714040304","0.017636179447492864","0.01347496927746723","0.031999031512303565","0.09913246857554027","0.016964103132430002","0.01968488750633015","0.2131139122552947","0.017239124168959258","0.01372433063079177","0.08139033730871377","0.04804652993090565","0.016450423377742076","0.011118676573674616","0.09492786913310008","0.009505830392056899","0.006906123675200505","0.08214959856909602","0.04400044104927551","0.008004496179829443","0.003234227732435852","0.038562838555452374","0.09545694547683761","0.033700188009239795","0.009528361782049381","0.005938324888939296","0.05125992798860912","0.0038983537422381193","0.034754342854485955","0.007218389869713928","0.03306696704567719","0.004216069495836063","0.0028942795591832904","0.03456697979151686","0.004147784930399008","0.0035565048198945865","0.09100864311420537","0.0024173512210603626","0.01858285707851826","0.0024354748353545533","0.021466941454921295","0.0012803377012503409","0.0028029693123853153","0.001562167958544692","0.0018623313750251909","0.001320849988373937","5.270858466195689E-4","5.157804600604866E-4"
"22","0.010439937761710842","0.024052836460915883","0.026389338017770617","0.024364965843674903","0.027265632947937084","0.02497073937569928","0.016442101380221005","0.004504658109817871","0.007961275251751894","0.007577260733697772","0.026219988577774758","0.03348764616853409","0.04896167204916718","1.0844737104800307E-4","8.087356323701368E-4","3.137250159677068E-4","0.004631416609897205","0.0073246037671205935","0.008443680617288334","0.05116610040092492","0.005634132641348275","0.0032055189457559806","7.869534501228066E-5","0.020236744585954616","0.0013184705259950862","0.004591734766500741","0.008103288922317247","0.011064041121603781","0.018229388669438004","0.008170655992664012","0.028505965560371077","0.0022061610719953037","0.051813590161431305","0.028342327736353465","0.005109695608199129","1.437264423868659E-4","6.712563647534174E-4","0.010006007320715857","0.01252198288595266","6.986496442526718E-5","6.607196169953384E-5","0.005418688117934019","0.0015595683993618128","0.028506496930519102","0.0077538837566443666","0.007830033076947454","0.01186691769234838","0.020526823656593418","0.02520704591289362","0.016185661366163073","0.006665329833660637","0.018456363592361205","0.015176811402164325","0.05532522154112856","0.010457458248532026","0.007199511961980793","0.01347540728051648","0.01645925890340455","0.022556298570905853","0.023157803277876237","0.02017202810889499","0.014278585379465492","0.002631961492180253","0.0466638300823095","0.017177496518049284","3.950308698208055E-5","0.006634675061874603","0.005900261596632837","0.013776089008734107","0.011805776021638088","2.8941609717262864E-4","0.04013442312742514","0.011416545965885667","0.0035096598655271183","0.0091561808638898","0.025738941740094706","0.004278042821805395","0.01580613235187963","0.005081247412636511","0.010684857147956691","0.0014268580514845623","0.002593175663922478","0.02391583969926976","0.0014882895947744574","0.001469475520810754","0.04613888379379988","0.0018816282125182677","0.006002647002754752","0.001802831048477885","0.01397591850451495","0.0020953028085893555","0.0019044061209101033","5.820903978465191E-4","7.208557603968306E-4","8.27095531916409E-4","9.918610783241375E-4","2.492414564828063E-4"
"28","0.005533827648504939","0.05221425152918468","0.07035075369103469","0.0529411508006176","0.0753462101256037","0.0497998753611495","0.015433126923817018","0.010710093135340248","0.01771784042582873","0.014450101572933355","0.06393382697292294","0.028142999951416118","0.10180812344658961","0.014206594838782427","0.01650141310351876","0.031138943133672166","0.01111864485125586","0.016510514277508756","0.013341959254326035","0.041993974309154206","0.026968666738138768","0.005567824079775794","0.009801996431269621","0.05889734448197195","0.005059131897386584","0.010800971857226803","0.015345934849264258","0.012920979716719167","0.06133194238476685","0.006817667528285676","0.06814500380515486","0.010868629630787519","0.030464795215502206","0.08589768221710153","0.013634931802308759","0.01739243287162374","0.028008652908497092","0.024720810888945795","0.1735147026755163","0.006857006693005468","0.013145469135270826","0.002258282212095108","0.020919642816421335","0.04804571949884087","0.0030273674770453186","0.02075181598130581","0.004392036030289682","0.15485737436231328","0.03906179608897095","0.1500224274435796","0.025057524278599894","0.03824776608674612","0.022747589603880014","0.006334160987632756","0.09986339548156845","0.020371030985796942","0.014382978570686138","0.036563564134270095","0.05865880867895025","0.003669409897330287","0.03431665914009035","0.0784019232814475","0.01376063999994496","0.005179572653404427","0.10144962884961989","0.010901872808913339","0.0029385614059020803","0.011755289056902712","0.03816674096998707","0.023852005437606617","0.001741185583440439","0.013490975080579271","0.01510496220137985","0.011391258499629917","0.08302139619257536","0.07092598584145708","0.015103686027974702","0.01419902221140674","0.02200947001264281","0.0017278606650130367","0.0031970907844146926","0.007313667582433587","0.002747389879052317","1.230190797350974E-4","0.007962829137998633","0.004198837328964665","0.001907325166711008","0.0036172366615417626","0.0038204042925250687","0.0030308028888637144","0.0020434485552582576","9.79783481169678E-4","0.001205309652897786","0.001478838839673584","1.0821550211148739E-4","0.0018308347097738382","5.310665600868924E-4"
"5","0.04650309024305468","0.008129581142525868","0.0014099147005253252","0.007327606742174897","1.2008030152755256E-4","0.0074305425869515","1.718721998849955E-4","0.004342563930565218","9.540779392786638E-5","0.0016743477264274777","6.932365070366897E-4","0.0017348750530546523","0.002278005043695469","0.014652315758362438","7.13462788260292E-5","0.00979589685293037","0.003268757001342649","9.969262810348389E-5","4.122534432270718E-4","0.0021539929535027047","0.0012232377903901102","0.0037449727943175055","0.006058289876717808","0.004689040986800367","0.003433819229959897","0.003593879913829032","8.827188592435191E-5","9.877460211479658E-4","5.6878218067249344E-5","4.9023319489738615E-5","1.0692888608600202E-5","0.013832390130703","0.0031086106960197773","0.010671072440782876","6.823677697682483E-5","0.003909909371569978","0.009115962210261667","5.72169560422968E-4","0.008271268770827643","0.005325236628398689","0.004265110285669731","0.0027536461138927613","0.2875737868542302","5.608236503670751E-5","0.0030132177829129787","0.001838147242009069","4.482421844927251E-5","9.016511667638092E-5","0.0028020009369229388","0.007083208248152017","2.1274846022974238E-5","7.77212709665481E-5","0.0017511700806132676","8.122910990729128E-5","0.004932223817879946","1.0634907896350695E-5","1.3914624535041155E-4","0.013419103804095101","1.4035994488130355E-4","6.581637575648648E-5","1.1738770397708006E-5","6.582838205930477E-5","1.1091185274962128E-5","3.881524190739123E-5","2.3035977916153487E-4","1.1437199668805623E-4","7.666017832520936E-5","3.0404911896543227E-5","0.0010898117955947155","1.3458172812085956E-6","0.012387410030304524","0.007650628576979205","8.25448597269666E-4","2.274512621331468E-5","0.01402105905754688","1.3784564192108022E-4","0.0054451755690012905","1.2891886608861334E-4","8.961498967927312E-5","8.873977893814975E-5","0.0075397951734212645","3.9046223132566034E-4","4.797980933286515E-5","0.001178596074146261","1.49207647172368E-4","9.632916784320872E-5","0.003008079822784126","0.004217414277208177","1.2348584349663044E-5","0.004092711534840065","5.913793665977978E-6","0.001319810153736518","1.3088380142826992E-5","0.008010522524576838","3.6208500739154423E-6","0.0017241036815927922","0.08165699558878013"
"29","0.018484966041849717","0.019699945299386727","0.017314819121879092","0.020876703765806328","0.020213417376515785","0.02157090078862479","0.023006547360683367","0.011746709220276895","0.014505479374509493","0.06503729525979964","0.018178195263608622","0.02381196090681562","7.313333765704838E-4","0.01463559033012691","0.0248517579969744","0.020045134957647953","0.014122260116933617","0.016866283989125385","0.0719412046795528","0.03857120542519491","0.030687761170747344","0.06666135154638526","0.011648994894284429","0.017292470934371584","0.06654455877754434","0.011565425994229073","0.015329158830067944","0.06784283422424393","0.0015770102941426185","0.10530510268720536","0.00340682459930802","0.01509325359928781","0.03747197523939442","0.012531550278621614","0.028193702418109947","0.021972620034322373","0.020421544577191437","0.03522574310414981","0.018913640684995875","0.009998724724037672","0.012243016477200875","0.06944171133310166","0.005293858556435129","0.010296882289737153","0.0699952392525183","0.011841345810530394","0.10987252086655655","0.021676586365780345","0.035534723523399876","0.06674138290480262","0.005644429996573359","0.006062085834824507","0.024014734829063748","0.07362994154842248","0.017384404961902335","0.002574098393309376","0.04740388465210402","0.04530611711949473","0.011791086020839336","0.12007208498209025","0.005359900933995593","0.0218758637892059","0.006703926332190879","0.14758354747311847","0.04914344222561343","0.060813439659676526","0.06533986607134017","0.0070953437491013335","0.009339169912079297","5.447916366463321E-4","0.03395082714585848","0.09506144164109927","0.013176222778348455","0.0017339910280124136","0.010802132651389547","0.07655040477222368","0.08151007063706718","0.11822721378549837","0.0013004170997028175","0.029036901721890225","0.014278275386988734","0.0019715910507755344","0.029123736608610416","0.004557744778929286","0.0831927139329044","0.15207662864896418","0.004416351324741187","0.017646421077021843","2.0240972021311713E-5","0.019832370698101065","0.0037917069928653313","0.04725207081472387","0.0020647898670394472","5.874916738905075E-4","0.0012550569592900765","0.007877330785373421","0.0016909334863832158"
"21","4.5733675015956427E-4","0.012460029939691097","0.013631695632980084","0.01299435295115521","0.013364827052193143","0.011379501735015176","0.00827492574963748","3.180136374253063E-4","0.006059701520877455","0.0077114438917161845","0.011844653142172064","0.014381655663495755","0.05403501965679545","5.096402654355791E-4","0.004530811083780164","0.001679114250983301","0.0014584909150933566","0.005209216035316158","0.008293813059995395","0.020128241797902367","6.285444891163376E-5","0.0071687451786974455","0.006456578390530752","0.008827821894355532","0.01251590438053817","7.684263237386392E-4","0.004524214304579589","0.007066024166310293","0.006271144095797686","1.350509608378898E-4","0.0372468254916092","0.0010250298133144984","0.014636125930813223","0.018394348970903675","0.005022392069631211","0.0030138412435092294","0.0020516797079780345","6.698094595497697E-5","0.007128853740315637","0.006832823565785706","0.010065888938980016","0.01286989665553022","4.4638696199830196E-5","0.01794279028278286","0.007594960366494965","0.005538926128796542","1.3864312185270323E-4","0.013304626531989999","0.023881329528360962","0.017120026130998275","0.01140511700336884","0.009549751381153613","0.016968381706732764","0.005634938386246986","0.01327845554646613","0.00732797897529916","0.0020956644985764042","2.8052738773250076E-4","0.00590822402352975","0.0942134535889195","0.013218219767063851","0.003069510708420945","0.005517647184401137","0.0024667242078633012","0.012674145193075453","2.041532869481501E-5","0.01616777524727667","0.005951268996114146","0.004624045180365691","0.0032331547292262226","0.003246235057020677","0.01447028602704663","0.01182638708753744","0.0033851447109220383","0.0012883461282211337","0.053258985388928426","0.0037825748112847958","1.6776714611154304E-4","0.002165440206280185","0.0048328193674936374","0.0018586851084023022","5.965873374159182E-4","0.0015612811059541006","0.0010608747100396847","9.528704292457813E-4","0.003701577385139199","0.004181844156381988","2.9427944759817072E-5","0.006559895804708326","0.001102110154225947","0.0010694305325296511","1.3689937487839897E-5","0.0049925845575573315","4.7070273858200787E-4","0.0013121118387583825","0.0010754853699057924","2.0381772524584712E-4"
"20","0.01182592485197548","0.2006596626481382","0.07166510951281968","0.2126260617470701","0.0790651307968108","0.19863977492565985","0.07244714036417711","0.02627565459027726","0.03078233315706645","0.025503564035192494","0.06788270299108337","0.01601478558448345","0.06930334833436566","0.011559306593441558","0.0014997585619411229","0.013009189007273297","0.03115166620641339","0.034315382575741814","0.029130044354155855","0.02654522238576695","0.008657686990244405","0.007133068345184989","0.01635947992214904","0.06641528835244032","0.01040963935183328","0.02488860003469446","0.02793300335431718","0.02331723506283824","0.022069114240687925","0.008615793018744874","0.03696295603769463","0.01349402443365759","0.023377816218373215","0.11285938675134809","0.002984726144324653","0.007630820259423058","0.01482296698285845","0.010598718339154609","0.01929805849994237","0.017887013641958587","0.015268654419038696","0.01201055551785137","1.502371016500409E-4","0.025015160671462457","0.009054443764050709","0.006644185814335432","0.010141413228715493","0.030531619497412607","0.026643529189952952","0.01793891333857297","0.00977680378703858","0.09344706178858872","0.011505082391411155","0.011828265135577186","0.016496269580453936","0.008518745617380667","0.006184539496379654","0.005811256049298526","0.03567222918080032","0.01162701043182568","0.0204985760819912","0.012460524191185218","0.006903727796873858","0.006202589816337889","0.020340604590566264","0.003970171391126235","0.005796216678253611","0.007326022580491723","0.028500950959342384","0.014322395780301447","0.006681908026900498","0.006801196412838088","0.010241485613914001","0.004450112549285613","0.01602009554980837","0.017728387835843473","0.009151300958380954","0.014143910278377102","0.0062339584915460195","1.351291871665754E-4","0.001849208127025945","0.0030348806343478284","0.003188265216501875","0.001484250482905174","0.0025861734697026737","0.01317192112835108","0.003950861462217836","0.0033806227137348323","0.032769785250641004","0.0029220841861324295","0.001755241175438714","0.001823877333289157","8.344976594973126E-4","0.0017535139776070968","9.15622230787168E-4","0.004339240098461734","4.1913566770240715E-4"
"12","5.153786276633997E-4","0.022610276696118026","0.005817798985573409","0.02170940173484742","0.003771526729604917","0.02114268664762854","0.007866943398770435","0.009939575492013927","0.006988054212422023","9.742576363099361E-4","0.004304293556333259","0.006476672965803878","1.265706721542854E-5","0.016603275405661033","0.005921702252798768","0.019626164780786826","0.008257547533536962","0.005161210493194422","0.0010686282118790977","4.927446888136212E-4","0.041111912966880666","4.813824038940176E-4","0.0022913791846729164","0.0010611815771350143","4.88931135495584E-4","0.008381035694297368","0.005549862573141342","0.0010598737613493315","8.910831677827571E-4","0.17148903513856548","0.0010913513924873846","0.014977029439327806","5.96341876030349E-4","0.009997092724355438","0.004418059225449987","0.009099005254944746","0.018232174269442555","0.04022371386543043","3.0207873689734816E-4","8.830992676907191E-4","4.024964910157444E-4","5.754854492840157E-4","2.375504912133507E-4","0.0032244265498868004","5.803842216095955E-4","0.004804803169824403","0.1711967986510563","3.8185896322587396E-4","0.00550410056825051","2.2128239849887726E-4","5.156928562959039E-5","0.0033898206104241045","0.018207185737321156","0.009012514969378771","0.02258737379473537","0.0014234547844177955","0.01036980538063905","0.06047368199400557","5.972187752676974E-4","0.0011713123385317962","1.0041687954850485E-4","0.023103848407763417","5.6618859506171516E-5","0.15088421326580487","3.7739634314442976E-4","2.3828412219737167E-4","0.0012692958452262574","3.6978456016863355E-4","0.0026435616136594206","4.800347306252902E-6","8.447853209224215E-4","0.0475597458514461","0.0031638732445106897","0.001957581790970073","0.014576281936710716","7.112048365900672E-4","0.015219556910568153","0.1772715864748649","3.0209874412936695E-4","3.814383414505633E-4","3.693505437520325E-5","0.0010047234315882763","0.004779966700968326","0.00447021689724553","5.01479392749347E-4","0.163768512615602","7.207059671111972E-5","0.006112585303221202","3.4260480196733045E-5","0.007219187226614757","3.5835997412758474E-4","3.4868852630816973E-4","7.187410752522417E-5","1.3819160417497397E-5","2.5251556040523737E-5","0.008159992188892013","9.107424653720426E-4"
"31","2.0349232291485322E-4","0.01145236642603353","0.013375954066107577","0.010913444409472018","0.013098310292209054","0.00993813760066901","0.0012456045094216286","1.4602623092894133E-4","0.0060117413238010235","0.0011721213013296727","0.011580816136475354","0.013958493043173486","0.052491032701040004","3.2940021464019926E-4","2.6173581325126E-4","6.079350455511212E-4","1.2858335961378437E-4","0.005166848236838326","1.4934800120176947E-4","0.019507653926688732","2.4529461179995305E-4","1.4598143998131066E-4","1.1347290329415989E-4","1.664104050431586E-4","1.305574385845576E-4","9.58332070564827E-5","0.0044658474865739185","1.1393087840626288E-4","0.006167332316523237","1.7962503493837607E-4","0.032710003942913256","2.6280651380279743E-4","0.014019965031744398","0.016685154949239184","2.0260225576673366E-4","2.0278584863599427E-4","4.295292686736153E-4","1.961715630539226E-4","0.0018708952936035098","6.344496140601719E-5","7.056988532579376E-5","7.926194385403028E-5","6.977127566070105E-5","0.017518139513694853","8.958449184167076E-5","1.0903735655030571E-4","1.3349927721629856E-4","2.537138198569132E-4","0.0070683733553997445","0.004088138026503315","0.006463448451311419","0.009287251048421269","0.008384053394591352","6.581761191898419E-5","0.011313610945698665","0.007133479673553984","3.670714515465382E-4","4.380117381910225E-4","0.002191616545684896","3.8104264811594236E-5","0.012860646446275669","4.1760564481424023E-4","9.432787433658831E-5","0.0023715850070828467","5.172493961219808E-4","5.726070649163715E-5","7.13779769680075E-5","0.0058429623548213044","1.4192223846035747E-4","0.0031316629353495716","4.545524161553007E-5","0.005530295641474603","0.0055865263594062605","0.003313048716203264","3.1493708639894556E-4","0.001866630605758191","0.003881092285449899","3.80678043522435E-4","0.0021804674347216985","1.2252120983322325E-4","0.0018198942799352244","6.108695946349866E-4","0.001518900188673295","2.6585708262186845E-6","6.24718976324074E-4","0.0015879045033032036","2.8302182223570852E-6","8.05743668460654E-5","0.00229183457817841","0.001091176403945725","3.358821898151128E-6","1.3727774209573595E-5","6.7672511697159315E-6","4.622314659726772E-4","9.136671367529366E-7","1.2982575629873032E-4","1.6990393758933923E-4"
"3","0.01853315041685983","0.008507744485657978","0.014700902653885115","0.007092160645279984","0.015677648847616313","0.005389677741257715","0.015171472290514526","0.011590820114360663","0.013631501322326859","0.009911814404459963","0.010911540790906792","6.58735927987593E-4","1.7502397602628043E-5","0.062408440675082714","0.008171907796265896","0.006382897007613175","0.012294366734976267","0.014382863699094854","0.010463144438284036","2.8289861298658235E-4","0.014337323010194981","0.004145898915981368","0.0070396003752235805","0.030457870547283033","0.0055251560255877635","0.008142629525054809","0.010112219181379004","0.006410053843393895","0.018660742375217546","0.01405047108195166","0.005255533178866445","0.058526986538830414","3.1307972219170196E-4","0.014071742756892854","0.004616290685413054","0.007523189041364759","0.002907263019885001","0.011327568880878986","4.445682698417146E-4","0.003564583953783301","0.007906496899853654","0.00291333934608049","0.006902436400286445","9.377917638538785E-4","7.592709118889866E-4","0.0023082785917392093","0.011177942481309846","0.022644995609569424","0.02257759437625817","0.006489588774875226","0.002927788669988694","0.014227006788724319","0.0045603214319328","0.01932145925401616","4.3086528218215796E-4","0.0015752717215339591","0.038787507723429385","0.025831022134804135","0.014032079444500415","0.04736491451275991","0.004526622361646","0.06975531591267921","0.01543567796316831","0.038935942673739246","0.012251344574395105","0.0025688359082940964","0.058986515469846956","0.017116696352970303","0.011916775760633576","9.161491196290916E-8","0.035757619633619196","0.041209038404760104","0.008308874059109276","0.002972178508183609","0.05882037509774242","0.026388880608215225","0.004572158103402621","0.023255808838607388","1.0084162038291987E-4","0.017778023129152297","5.882194190207951E-4","4.743156849520481E-4","0.002562696891774927","7.248738424194584E-4","0.0010301690305772543","0.02758369560269934","9.257110777004695E-4","0.014968476038029975","1.2208895411963135E-5","0.004211607599630505","6.659846362104843E-5","5.889220150092712E-4","7.436455280243647E-4","5.973262010601307E-4","1.2421573813019862E-5","4.8174310515226713E-4","5.439364541921141E-4"
"15","7.476293642817913E-5","0.017285206510134477","0.01996211288732397","0.016510572279297007","0.019586228683924657","0.01505678722232118","0.0019037320383336947","1.6870607973230704E-4","0.008975950035978935","0.0017560290306156121","0.017323437293002408","0.02894376971261756","0.089014040948331","0.015301183825697092","1.7261644473261074E-4","0.006218228079672157","1.6666975193660192E-4","0.007751548415091203","2.646272927482271E-4","0.037042981369013586","0.0038455254194260965","1.862492307016788E-4","0.004486407398197877","0.0021639993668559044","2.0281259666260406E-4","1.1677033009040753E-4","0.006704116220062294","2.0663225059751558E-4","0.00903792348318232","0.009965536048569791","0.0487277152458578","0.017839858757029325","0.026169718259340086","0.4408142616706492","1.2390778719482287E-4","0.01584710881013738","0.008520068515137636","0.006106632245768804","0.031498806888119874","0.006657688270471337","0.008333517107824278","0.002208364013017994","0.018707644764068502","0.030182622524199978","0.0019403504982260344","0.006486108675051013","0.011953146362638098","0.020193755553938833","0.018688410668053306","0.014705874961464782","0.00958645254915327","0.013925053509627238","0.01245313975769476","1.5369575572662944E-4","0.0331418929937164","0.010603219501977651","0.007383381049812371","0.015435884320700177","0.034570157139571234","5.033505991156237E-4","0.02194026529217072","0.016938493330309452","0.00733979058796799","0.0035434083942424465","0.01387632020453157","0.00976791802967993","5.061346827608597E-4","0.008634232444369849","0.014289554614724611","0.0057586408017740185","3.539772276825815E-4","0.008413191457036204","0.008353004118643623","0.01099947628695124","0.02302357147359153","0.002866166260269142","0.005520779073187583","0.00790020209901676","0.01287676730342214","1.4467919150208607E-4","0.0027025004201891305","0.004811507609294926","0.0022032773091006427","4.97455523891358E-4","0.012249864467130557","0.002280701039536683","0.0015919844896386134","0.0031794159190300926","0.0034390423606812603","0.007255155518026591","7.269730021706267E-4","5.79739302668745E-5","2.0235934083731735E-5","0.0032002682207838266","1.1494536994366421E-6","0.0030541004536124923","4.124172898646163E-4"
"14","0.010051770853188624","0.07188617048861554","0.10395110953984746","0.07343190579557911","0.10934285331864521","0.07499573133801689","0.05203465677909369","0.042756391326438714","0.12190739170217743","0.04092319201206307","0.10591440591951515","0.011009325510768886","0.049867065449372756","0.025632598522187723","0.023653737725880183","0.021022320325222332","0.044127920398262806","0.12765328771737522","0.041215114748473385","0.016786519576570354","0.01684651482351726","0.02156564663851292","0.023757507737552915","0.048945901870791106","0.021665295599115647","0.047157114889956345","0.12321959805677245","0.04467664110244173","0.03969728327409578","0.012739917505360208","0.02551350578715152","0.03125742717233056","0.024838643277541997","0.028709325488170283","0.02907141819505285","0.021201810875311835","0.026432655484668117","0.02192453226365617","0.004593301972068814","0.028410628867566047","0.018823474808223665","0.02632659033724689","0.006548790100793509","0.015467989456882903","0.026603921364923507","0.005513489918515331","0.017083503291485638","0.014500094510903243","0.015924390934685454","0.003835441615844526","0.005289649172852675","0.060683979050635814","0.0065084722250397","0.016196339927802946","0.008183836320812519","0.005555499455191103","0.012574784649070898","1.5919832200844347E-4","0.07166907227466203","0.012163585853754273","0.010882568065979951","0.00481965176905344","7.257379806053624E-6","0.00176132235808864","0.003465543647166711","0.006122941219790566","0.009731985495559214","0.009500232500254252","0.013308002216505651","0.0024619636470674462","0.0026845570453619167","0.0042590780182051756","0.00434109969568355","0.0025634566409257855","0.005844665012261952","0.0017186195067212758","0.0028510523823305897","1.4960533614652432E-5","0.004992541268343708","0.003180516698570909","0.0014083295195191688","0.0015377702313323018","0.0025209857503563707","0.0016287325629912002","4.265488252594031E-4","0.00108103793573256","0.004385493789753744","0.002183424500574345","0.0018474097871366718","8.125196147395542E-4","0.0016640890434520292","0.0021150315032876033","0.0014950382741102507","8.559543577265643E-4","8.807612329190846E-4","0.0014687214802643386","1.4404553520980988E-4"
"37","0.026988718758389648","0.5667928949655392","0.2530084064760418","0.6022066484701788","0.27437878100188245","0.5622192945708093","0.29367415374689787","0.14838280560717645","0.13916087626746892","0.14501106982055773","0.2477642424616889","0.03381176089309741","0.12630094107492554","0.04468655129165264","0.035638372697922055","0.03536187023020522","0.16366514502809493","0.14945058800255517","0.1572505250585683","0.052561092879063825","0.0248839204065576","0.03784460818756617","0.03774317965992069","0.2120180805910635","0.037402616367804925","0.14871657246720874","0.13606047213671094","0.14401496769752445","0.13068065821517647","0.018625915062607353","0.07723075758072398","0.04969119917069024","0.04932715435188642","0.23499338547486517","0.04085136273572168","0.03607006586415706","0.04016135995223529","0.02990661444493286","0.030008545472701834","0.04175810703473614","0.0325022850206587","0.041477312391044734","0.014270635494146998","0.054663751360730636","0.042611866131083864","0.014908599785603448","0.022578761461485197","0.0621550305856034","0.06719122738206916","0.035916505799697275","0.01385533416482645","0.05474047963631541","0.017071276755907652","0.018319701133670912","0.0300110097829764","0.014499398151721","0.034094366378353905","0.009471951466536475","0.05865678880169151","0.03339746202088822","0.04437592126503065","0.026281671052514857","0.011396527345522269","0.008721860108462287","0.04176326818864947","0.009499778038077947","0.024070636322576548","0.027522064836451535","0.04788955239207094","0.030260342389511752","0.012596645934141264","0.015137041841562827","0.02189059523779101","0.009314889021760165","0.02187852257050249","0.029150359362371488","0.019168652870794237","0.030197494200124873","0.012809027425174018","0.008824071249645241","0.0038454037405105407","0.006260360776429475","0.0031004362892945708","0.0034659601851046284","0.005501940407558421","0.02867146167450569","0.007018210054827881","0.008066723734281894","0.004787373339684918","0.006290688608459227","0.004446933516090247","0.00286202084897002","0.004649512693875805","0.001865168863102031","0.0015632712249430203","0.002379301781484948","3.4226719908953305E-4"
"30","3.4569719699899785E-4","0.02226383316049197","0.008330194077584842","0.021908868357695517","0.009175882544880934","0.020559187322846454","0.013327726018881193","0.006788367990852364","0.012226096700119484","0.00394873827899209","0.006842463061998063","0.009680266165092532","0.006897182493329305","0.02222668422064505","0.004732914579544083","0.02147371189730059","0.007492781389797359","0.013240606030369055","0.006041379328470342","0.008513355983096538","0.027983236276688066","0.0014771633506529226","0.002650884910224379","0.006825764547084097","0.0043515063098590896","0.005590889478496729","0.010758485649202012","0.003576089011097455","0.00427190803973803","0.125519976045817","0.001592905006030136","0.02029807576693366","0.0016543223083419101","0.006694860591239959","0.0035320406082982453","0.014270217149985744","0.019830934176868778","0.027219164590111408","0.00490486115797347","0.0011479497460377892","0.005124744521357429","0.00400257282322781","0.00753716807975965","0.004895447003321589","0.0013499131622913536","0.0032222403888379487","0.12457359421914911","6.150530353577369E-4","0.026696445946485684","0.0012091047926016923","7.936205386007885E-5","0.005765703298258026","0.01685414606015741","0.0311486027313994","0.024269782589311308","0.006508844122942001","0.024126795002435395","0.0408079230131693","0.0035342662478453964","0.050160338718181534","0.002154371055134059","0.030212085206576023","0.010829323904080541","0.1411001589374391","0.005999306126098506","0.01021137359025686","0.06133493252302223","0.0034798990631511343","0.007594019523302122","0.0023211261353618625","0.03725512339963575","0.07403724135624694","0.010691763930191006","0.012487749639809177","0.024262364423972754","0.025938458447297405","0.11425961917411535","0.1426614421349453","0.0012618670767408442","0.023476481082324523","7.015714354882282E-4","0.005167481422201337","0.005633119977263651","0.003704385001548023","0.021024111980935182","0.1442697217907794","9.682109263516212E-4","0.01323251684184398","2.350737861047E-5","0.008389955017465612","2.5381510859947626E-5","7.9608265786493E-4","0.0025624105744888295","0.004288105949793365","8.634789850086397E-6","0.006963313470804623","6.580272984412483E-4"
"18","0.009405031479544902","0.09567817706951386","0.08970102714603129","0.09847055425372696","0.0965837928496276","0.09464893096371228","0.07124439304195872","0.04013974713974593","0.05104483130595284","0.04546146770876197","0.08733290637024238","0.02431442394290604","0.09114511540456981","0.015533900690041454","0.013222006396825687","0.01238295336518063","0.04483890254349158","0.05418155087867675","0.0488360100734412","0.03213676071037078","0.010989984135062063","0.013564492644188578","0.014029365275499627","0.07200871152800614","0.017232936888313254","0.041365096938315096","0.049438208054864895","0.0450183712713074","0.06276378860327893","0.007772856015461567","0.05409811277484195","0.01725249207572757","0.031047283029660738","0.05777722461344779","0.015171332743650198","0.012623210726995961","0.013941414264937436","0.012881110231435854","0.02120737807041039","0.015090356293742568","0.018165825618717567","0.01830277312555174","0.005052680519615871","0.038474505115141784","0.01534715897635371","0.005140942077692432","0.008872771336960537","0.04079549401744315","0.07232537539769868","0.02480248478060121","0.009693401083921941","0.0421910169303187","0.01916253685606934","0.022736425289646877","0.01888663197316581","0.010439669800497896","0.037439555485843684","0.006886701709372098","0.03973018002597005","0.08312412085787166","0.02937721208669867","0.023614669569428547","0.01189024620219855","0.043033684992082086","0.02419914561372382","0.003230873800920512","0.0979916417509897","0.01966475648771689","0.030974963966702507","0.021836084916605103","0.05585409029370682","0.07312386548748093","0.02593439879441948","0.006440574734202055","0.015656426858142513","0.051938817731707776","0.0078981589025135","0.02215214369658045","0.009311646919417165","0.030308273072335922","0.0034479118104512297","0.004590830957130106","0.005965054716168401","0.0022926495920729344","0.003145216852996559","0.04347516397197489","0.004561744372504157","0.015858995618034184","0.003400799965101041","0.007967857403679142","0.0026118433540542134","0.001772105776049159","0.002481684315263057","0.0022424586083229755","5.757710654782739E-4","0.0028063661083611463","3.77221347357725E-4"
"6","0.02996970023589254","0.10051741117009856","0.08848161468106126","0.10230420459421735","0.09501873063948664","0.09754467791697137","0.10838243276747656","0.05660582775870082","0.05433671886095599","0.06320379121764312","0.08601387006421013","0.020605318977166484","0.0578314610832619","0.09127212406805667","0.023816110255562305","0.02138022553615024","0.06300614920493441","0.055394547653094574","0.06968817844698473","0.04059933425815673","0.025196923319818695","0.02521463658924527","0.023247276471515792","0.09367093724225267","0.022655399092699268","0.0577544040744457","0.050867629147449266","0.0641094890875833","0.08020063676054213","0.021867445763892854","0.038791685624313156","0.0939063988092243","0.03637385943585723","0.053812678162695","0.022652222173877443","0.02301160583808074","0.02174302352274914","0.02447241762946077","0.019059602086791912","0.02167945668551208","0.021779128310264517","0.025478122647094897","0.014613776274294478","0.05523415045840887","0.027835894391655663","0.02292092460487567","0.020990889928470036","0.05040237308802542","0.05188802545081664","0.03160977569422769","0.017167657375642215","0.038912447512203685","0.0186584824533166","0.03922482908289442","0.017518485392482592","0.017381643568920788","0.21178979310997703","0.02988213273445878","0.03985647359095286","0.059993764624144956","0.049116538213587836","0.08771024837541933","0.02374100876781173","0.04476627898435534","0.031031724943954463","0.012516178880588376","0.07642182739325405","0.059758727266477275","0.029016842632994824","0.013766959876192747","0.03610624441940613","0.046573254297768506","0.02849198454266516","0.012495807579328864","0.07237271676911494","0.03493955432177896","0.00937041213251878","0.028508196248270556","0.01034426430030922","0.020960355292277248","0.0037964061552790847","0.005354770668644824","0.004101302367113854","0.0035033648054439122","0.00461198964958105","0.028842597989580054","0.003997829392439066","0.018223435799175892","0.0022261867409707967","0.005653164463989708","0.0020679108924946694","0.0016455201628894547","0.002461278011559501","0.0020839943704823007","9.317509338613321E-4","0.0016396949743958686","9.36182065699569E-4"
"16","0.00558447805718268","0.1710433389175042","0.21208574919680903","0.18026193658800208","0.22815258579072528","0.1750056432225045","0.05723345529272054","0.03995543086169176","0.30477432232525814","0.0338535509901843","0.21372081756382094","0.011704768491376881","0.06178096752448575","0.023902360871409196","0.04094402631966981","0.024440802152950872","0.042828499211592326","0.32514959005280425","0.03524678011467331","0.02358153037583065","0.03130571868717028","0.02341812290108505","0.026852526447311453","0.0668870827073138","0.02203755128707045","0.04613636200426416","0.3041805844128154","0.03935716839037377","0.015702799797396774","0.014223838404486744","0.028226876868769617","0.03255590914837229","0.03503150742067721","0.09279112730504993","0.04922078743926573","0.019179907995273585","0.032723279922204924","0.03913064494954956","0.010780883509525354","0.034069123549135015","0.018881506563842392","0.02925994106367252","0.0029582752106788145","0.018434851639838802","0.031211190189986072","0.005751327274521897","0.020842801139541196","0.028907789042743173","0.00792161223111393","0.0040324690896694874","0.007445907508134684","0.13265736446457452","0.0069007318734749115","0.023766635375528183","0.01123958599207815","0.007506073693306497","8.871215212185898E-4","0.0034822257518694107","0.1843008674673296","4.3646083071096985E-4","0.013311125127475787","0.012613269835974902","0.0018744889938668672","0.0033030728002654136","0.012247237353909939","0.01040283182627771","0.007251600918980583","0.004927010415729811","0.0244122916657419","0.0027908499139591867","0.00672189792178756","0.004494991028505078","0.00593305364757192","0.0036800765492486127","0.0125321607668593","0.00558887954154184","0.006374742004781244","0.010994675193577153","0.009276932920170755","0.002181854307610694","0.001809015131563999","0.003293287047561275","0.004157347413427896","8.026546569018081E-4","0.0013409292016674295","0.011134549369414264","0.005907250054519919","9.286445444292675E-4","0.001953459800061802","0.0019655631809080503","0.002298704060167278","0.002730337222404039","8.776129407046266E-4","0.0014479031535806948","7.203087572964365E-4","0.0032269035100111853","1.9497682973409136E-4"
"23","1.8544975851514015E-4","6.647760537351204E-4","4.927402656142315E-4","6.916405891662687E-4","5.350352128855095E-4","6.708735499221873E-4","6.791425480227266E-4","3.9444145748333294E-4","4.141695148027664E-4","4.2859915075835615E-4","4.955666990356593E-4","7.204343935481049E-6","8.952553840714396E-6","2.2066722945827036E-4","2.2095261429472583E-4","2.7631881578539866E-4","4.2853099218927664E-4","4.4345847066535726E-4","4.617619638074439E-4","4.3376475178284544E-5","1.5077910434963202E-4","2.012343499776585E-4","1.841244712922615E-4","4.672273811227663E-4","2.1298021119453705E-4","4.050669481559672E-4","4.16184273244212E-4","4.353947119108198E-4","3.458739786698304E-4","1.3082192770004738E-4","1.3085325945816401E-5","2.3415746826997095E-4","7.300109019346624E-5","2.0989431233647262E-4","2.3339267267339996E-4","2.2293417670951512E-4","2.9298047994507145E-4","1.6382620912306766E-4","2.3598591647988504E-4","1.9383792884793965E-4","1.7851865318439233E-4","2.2271914232712154E-4","6.146238287563924E-5","5.825913966833169E-5","2.1420710093150543E-4","9.953643915738405E-5","1.4040858566828065E-4","1.7477776027865254E-4","2.940513800726054E-4","9.840056250919713E-5","2.1022744194509683E-5","1.7696035678304556E-4","4.9366140604094734E-5","1.9630061190068886E-4","2.795235295195786E-4","8.507328446998559E-6","4.123505527753879E-4","6.426650628725303E-5","2.3985687284179734E-4","4.600230639797254E-4","2.5452815891027123E-5","1.4372627875517644E-4","4.44850746141672E-5","2.1237215798307758E-4","2.2235682777995588E-4","1.4053715567168817E-4","5.142404163177134E-4","1.0191525355413711E-4","1.699003691225471E-4","0.0","2.797285419946526E-4","3.109156296978437E-4","7.048559209224397E-5","2.0264588493541585E-5","6.489549364848862E-5","2.878881582445741E-4","1.3971372350690792E-4","1.968169102396298E-4","7.782068300972835E-5","1.5218252344854154E-4","2.9744489684271415E-5","2.3780249141780606E-6","2.1155896563072146E-5","2.0560893605090226E-5","1.5599431239187784E-4","2.5947796798334955E-4","3.0068764496780064E-5","9.028644297121208E-5","1.5202513423739839E-5","2.8400948561070995E-5","1.0565758411779382E-5","8.38809982585828E-5","2.844028266211345E-5","5.031988489192855E-6","7.38015452505877E-6","9.027343431086048E-6","1.5981507896139686E-6"
"34","0.033349853958146713","0.09577146051123656","0.09184322248747583","0.09647413173661072","0.09534466782221487","0.09678549098529947","0.08527264863154294","0.05684600410851786","0.06091355248295396","0.1898784785531997","0.09045217278193793","0.048135546421403816","0.07200789571352592","0.04004376219569927","0.09459583412711708","0.045045492440569934","0.05897404378079097","0.06128903378409862","0.20313875552578137","0.07623365376187276","0.036987508197816994","0.17199223777346292","0.04514234692062409","0.06891988988414242","0.17225559956324993","0.056786561417156954","0.060336734987733495","0.19342728440884116","0.05082049898056912","0.0328577690422194","0.047822174910600514","0.0432529811761865","0.0755133548593157","0.06649892244149869","0.1008268660879097","0.04249020164546771","0.04635057725299984","0.04401576059120209","0.04274773770207361","0.04495957035666978","0.04355075139052952","0.17725143310447422","0.021944666408207338","0.04063969045301532","0.17780274749473987","0.025524352651154266","0.038881107541201415","0.0834689230852302","0.06654052151024273","0.17669574765938248","0.015274571362918196","0.027557878770798575","0.03407009683390774","0.10539682079360733","0.03510780714956838","0.013705663100491901","0.06744427692417626","0.033002739558247195","0.03601869003849336","0.23850951915532123","0.02878867680474182","0.04548116342115907","0.01276902005778352","0.0983497427656116","0.13629614686042155","0.008992446286117194","0.08064569326389293","0.021172790485106573","0.023050092402018923","0.010231841282399215","0.04258239070741022","0.10025666401859887","0.025139795460411608","0.009123005213811118","0.022236695483509556","0.1537318281028076","0.023181778537286504","0.04838226267196934","0.009734078516106694","0.04305664554264057","0.004631453801187863","0.008526756741891708","0.04296825655702874","0.004604335319696164","0.011608907449846747","0.09735553317926769","0.006617859975263696","0.025228588300894382","0.0030481766327601733","0.027674185686459976","0.007366297940301032","0.0050503141682957655","0.0042918752165858375","0.0022873398826411713","0.0018920185104756334","0.014776109900228448","0.0041805196569038895"
"4","0.0033629496375833165","0.031644882382962834","0.04816303905637268","0.03204217758236891","0.05360834546465931","0.03009581312725345","0.016858792013660973","0.00597886026041352","0.017986874642687896","0.010039552707859173","0.043799055477945714","0.01769795662184012","0.06421993926805161","0.008328743552218172","0.009428049047345751","0.018705982479440796","0.008123627149365752","0.019532784584117675","0.011351042852506297","0.026278930460057002","0.01664920519394205","0.0024060502963372896","0.006268935562607419","0.04131322452573926","0.0049467802544809324","0.006006923350508607","0.01612453069431014","0.008839074133711752","0.03855441939795463","0.00516260609539199","0.04354620567409258","0.006191828933802208","0.01904842255159472","0.05407380932791832","0.007591579932420389","0.010307299549184093","0.016687159965943037","0.015212990613222344","0.1085321718165586","0.004168329460335381","0.012547990658057676","0.002945614367695325","0.013447527778762788","0.03035048650971499","8.025549597715023E-4","0.012852545605091036","0.003442719655207441","0.09730016502296678","0.047808667987675135","0.09374450127081799","0.01573280181705671","0.02781626309664142","0.019018745225817486","0.014633601950624063","0.06163525002582946","0.012862215154653323","0.025961590762419384","0.023033740964425883","0.0396614110633045","0.04989566327883118","0.021794539754910962","0.05223303911365162","0.013628516462963043","0.030142213237764736","0.062895818572192","0.006389199325957686","0.06291713814605687","0.010784372730728593","0.028554776877024166","0.015465615481086338","0.03849255963897863","0.05086126765220046","0.01818175820323135","0.0073005473873200815","0.05231064135505935","0.06890735720341815","0.009392431303644495","0.021380198361668223","0.01391202670978305","0.01994620705862101","0.0024521733049404524","0.005075488815137607","0.0043297420101361915","8.054841700102499E-4","0.005287040456079104","0.03051889074307451","0.002098140387663839","0.011907066805258082","0.0023653068844288446","0.00573154308376223","0.0017145312021948156","7.157364179849173E-4","0.0014156450850300155","0.001604403839321158","5.1939929171264587E-5","0.0023761470049096407","6.782405583003321E-4"
"7","0.01857421162752738","0.01561844668375207","0.01626358175660618","0.014494595464536582","0.016179927270798616","0.014377732830841752","0.010901291438569816","0.015181566290641269","0.013183999846436577","0.04217781506220978","0.015223929794606206","0.001376566104706469","0.002731327705760207","0.015826680225961533","0.06776356355807374","0.02025488632152894","0.014872480782923216","0.013777860115284443","0.04412613651234531","0.0014629517137692111","0.0441513199893704","0.04409594942046176","0.016959673064444875","0.026048230131091588","0.04222621080679955","0.01530187965949611","0.012177777999589277","0.04104274902123678","7.390589545324824E-4","0.019074818108290426","0.0017592328586578771","0.014302210922010134","0.00294970256497624","0.03401975496503713","0.06682320740288716","0.20176182435556905","0.019588560696365744","0.04334968794468124","0.053754616973464765","0.017120506117883925","0.015287118966356325","0.04091935147319202","0.0014063510810103349","0.0012012771404422897","0.04302930883859375","0.007199585980547539","0.017834888946941033","0.07455262627812584","0.01707258227230217","0.04872040630374606","0.0024902277712556863","0.026352464859875697","0.006223447222364488","0.015361289484843261","0.030222320850556445","0.0016425472104088993","0.008185335274070414","0.038348629526425475","0.04071141327147189","0.03577259941337334","8.972251046427244E-4","0.05860963201546647","0.003605871846066424","0.018377465445493936","0.07584854252624691","0.009524056131606996","0.006750871607639334","5.184592814602027E-4","0.028563539584690163","5.003551792250525E-6","0.011514712621201404","0.022093455566096838","0.0035808231980823694","0.006151630010608659","0.023988753850417915","0.058295827576793295","0.008423085606261706","0.03206792733807379","0.03203946499525957","2.1444706304983306E-4","0.0029968366053128846","0.0014036034806714742","0.0018546320341425904","2.8430086738101925E-4","0.01287318764960941","0.023254911068572783","7.610732532330937E-4","0.0033073965353518876","3.5684116386439963E-6","0.003005563966144469","4.283807988317167E-4","9.501813237655577E-4","0.002584141618667749","2.6716902013826295E-6","1.0563862688908346E-4","0.002130405511842925","8.830198484236003E-4"
"33","0.13492899210053597","0.06861139466693164","0.07777840503326376","0.04921816583783484","0.056388680229756426","0.04242934231283476","0.04614145355896342","0.05028677634915467","0.05290466319300455","0.0525658391251387","0.047345724303124344","0.09758209417654866","0.07761844265307838","0.057640028314776534","0.054193998509958874","0.0508839097488759","0.02869217855874757","0.03119268605201204","0.031984156272259937","0.08452453107406675","0.055463395216103564","0.04738709771143624","0.04304756513335032","0.029578817134710757","0.04431247122953061","0.02180331499365312","0.02506659633127066","0.02682898057369731","0.022829599743204487","0.04975609004645821","0.0455829416545863","0.02746476005057137","0.06525563985740004","0.04140929139312364","0.027111590738805483","0.025014950171554678","0.021411929077204055","0.03229784677067598","0.0388131032804302","0.017518023990702524","0.020949425097196068","0.022611423804631124","0.028920883966803493","0.03967360701290892","0.023137290346988856","0.030369055772941776","0.03098039966196482","0.03042094484018757","0.026538376966249982","0.0346875926413626","0.026740308014354456","0.022982963457815055","0.03179282767224799","0.05979649277497239","0.027016634159312186","0.024928130601229465","0.020129790033434364","0.0361338717038928","0.02257779830712134","0.02880697660564989","0.02694992016549095","0.026084982624235014","0.01872262430097186","0.05230912935603162","0.023611240594899007","0.010350570956737236","0.0074923195092354705","0.009373854162963328","0.012992770474229448","0.013080947660924441","0.007222227387186108","0.03664538788041102","0.013707666881338955","0.009808090005529358","0.01439826267017592","0.025471668896485125","0.010496956749088553","0.021641340527174088","0.007962890596484534","0.010772215140104785","0.005434048347756889","0.005659768521677817","0.022069805557244776","0.003732529120959964","0.0035388984042625544","0.03993842204128024","0.0026238262372354115","0.00619873085659951","0.003084758407764495","0.012876144709681467","0.00226230932245507","0.001987616950241029","6.350088194754966E-4","0.0013476298249919538","0.0011890918572421512","0.002651174942332158","3.910284460471332E-4"
