"","Implementation/mediastore.web/src/edu/kit/ipd/sdq/mediastore/web/beans/DownloadBean.java","Implementation/mediastore.basic/src/edu/kit/ipd/sdq/mediastore/basic/interfaces/IDownloadAudioWatermarkingLocal.java","Implementation/mediastore.basic/src/edu/kit/ipd/sdq/mediastore/basic/utils/FSUtil.java","Implementation/mediastore.ejb.audiowatermarking/src/edu/kit/ipd/sdq/mediastore/ejb/audiowatermarking/WavFileException.java","Implementation/mediastore.basic/src/edu/kit/ipd/sdq/mediastore/basic/data/FileContentLocal.java","Implementation/mediastore.basic/src/edu/kit/ipd/sdq/mediastore/basic/interfaces/IDownloadAudioWatermarking.java","Implementation/mediastore.basic/src/edu/kit/ipd/sdq/mediastore/basic/interfaces/IDownloadReEncoderLocal.java","Implementation/mediastore.basic/src/edu/kit/ipd/sdq/mediastore/basic/interfaces/IDownloadCacheLocal.java","Implementation/mediastore.basic/src/edu/kit/ipd/sdq/mediastore/basic/interfaces/IDownloadMediaAccessLocal.java","Implementation/mediastore.basic/src/edu/kit/ipd/sdq/mediastore/basic/interfaces/IDownloadTagWatermarkingLocal.java","Implementation/mediastore.basic/src/edu/kit/ipd/sdq/mediastore/basic/interfaces/IDownloadAudioWatermarkingRemote.java","Implementation/mediastore.basic/src/edu/kit/ipd/sdq/mediastore/basic/data/AudioFile.java","Implementation/mediastore.basic/src/edu/kit/ipd/sdq/mediastore/basic/interfaces/IDownload.java","Implementation/mediastore.basic/src/edu/kit/ipd/sdq/mediastore/basic/data/AudioFileInfo.java","Implementation/mediastore.ejb.mediaaccess/src/edu/kit/ipd/sdq/mediastore/ejb/mediaaccess/DbManager.java","Implementation/mediastore.ejb.tagwatermarking/src/edu/kit/ipd/sdq/mediastore/ejb/tagwatermarking/TagWatermarkingImpl.java","Implementation/mediastore.basic/src/edu/kit/ipd/sdq/mediastore/basic/exceptions/UnknownServerException.java","Implementation/mediastore.basic/src/edu/kit/ipd/sdq/mediastore/basic/exceptions/FailedDownloadException.java","Implementation/mediastore.basic/src/edu/kit/ipd/sdq/mediastore/basic/data/FileContent.java","Implementation/mediastore.basic/src/edu/kit/ipd/sdq/mediastore/basic/interfaces/IPackagingLocal.java","Implementation/mediastore.basic/src/edu/kit/ipd/sdq/mediastore/basic/interfaces/IFacadeLocal.java","Implementation/mediastore.basic/src/edu/kit/ipd/sdq/mediastore/basic/interfaces/IDownloadReEncoder.java","Implementation/mediastore.basic/src/edu/kit/ipd/sdq/mediastore/basic/interfaces/IDownloadCache.java","Implementation/mediastore.web/src/edu/kit/ipd/sdq/mediastore/web/beans/UploadBean.java","Implementation/mediastore.basic/src/edu/kit/ipd/sdq/mediastore/basic/data/FileContentRemote.java","Implementation/mediastore.basic/src/edu/kit/ipd/sdq/mediastore/basic/interfaces/IMediaAccessLocal.java","Implementation/mediastore.basic/src/edu/kit/ipd/sdq/mediastore/basic/interfaces/IDownloadTagWatermarking.java","Implementation/mediastore.basic/src/edu/kit/ipd/sdq/mediastore/basic/interfaces/IMediaManagementLocal.java","Implementation/mediastore.basic/src/edu/kit/ipd/sdq/mediastore/basic/interfaces/IDownloadMediaAccess.java","Implementation/mediastore.basic/src/edu/kit/ipd/sdq/mediastore/basic/interfaces/IDownloadCacheRemote.java","Implementation/mediastore.basic/src/edu/kit/ipd/sdq/mediastore/basic/interfaces/ICacheMaintenanceLocal.java","Implementation/mediastore.basic/src/edu/kit/ipd/sdq/mediastore/basic/interfaces/IDownloadReEncoderRemote.java","Implementation/mediastore.basic/src/edu/kit/ipd/sdq/mediastore/basic/interfaces/IDownloadMediaAccessRemote.java","Implementation/mediastore.basic/src/edu/kit/ipd/sdq/mediastore/basic/interfaces/IUserManagementLocal.java","Implementation/mediastore.basic/src/edu/kit/ipd/sdq/mediastore/basic/interfaces/IDownloadTagWatermarkingRemote.java","Implementation/mediastore.basic/src/edu/kit/ipd/sdq/mediastore/basic/interfaces/IMediaAccessMaintenanceLocal.java","Implementation/mediastore.basic/src/edu/kit/ipd/sdq/mediastore/basic/interfaces/IUserDBAdapterLocal.java","Implementation/mediastore.ejb.audiowatermarking/src/edu/kit/ipd/sdq/mediastore/ejb/audiowatermarking/AudioWatermarkingImpl.java","Implementation/mediastore.ejb.packaging/src/edu/kit/ipd/sdq/mediastore/ejb/packaging/PackagingImpl.java","Implementation/mediastore.basic/src/edu/kit/ipd/sdq/mediastore/basic/interfaces/IMediaManagement.java","Implementation/mediastore.ejb.reencoder/src/edu/kit/ipd/sdq/mediastore/ejb/reencoder/ReEncoderImpl.java","Implementation/mediastore.ejb.cache/ejbModule/edu/kit/ipd/sdq/mediastore/ejb/cache/CacheSingleton.java","Implementation/mediastore.ejb.cache/ejbModule/edu/kit/ipd/sdq/mediastore/ejb/cache/CacheImpl.java","Implementation/mediastore.ejb.audiowatermarking/src/edu/kit/ipd/sdq/mediastore/ejb/audiowatermarking/WavFile.java","Implementation/mediastore.ejb.mediamanagement/src/edu/kit/ipd/sdq/mediastore/ejb/mediamanagement/MediaManagementImpl.java","Implementation/mediastore.ejb.mediaaccess/src/edu/kit/ipd/sdq/mediastore/ejb/mediaaccess/MediaAccessImpl.java","Implementation/mediastore.ejb.mediaaccess/src/edu/kit/ipd/sdq/mediastore/ejb/mediaaccess/Audio.java","Implementation/mediastore.web/src/edu/kit/ipd/sdq/mediastore/web/beans/SessionBean.java","Implementation/mediastore.basic/src/edu/kit/ipd/sdq/mediastore/basic/data/UserRegData.java","Implementation/mediastore.basic/src/edu/kit/ipd/sdq/mediastore/basic/interfaces/IFacadeRemote.java","Implementation/mediastore.ejb.userdbadapter/src/edu/kit/ipd/sdq/mediastore/ejb/userdbadapter/User.java","Implementation/mediastore.basic/src/edu/kit/ipd/sdq/mediastore/basic/interfaces/IBusinessInterface.java","Implementation/mediastore.basic/src/edu/kit/ipd/sdq/mediastore/basic/interfaces/IPackagingRemote.java","Implementation/mediastore.basic/src/edu/kit/ipd/sdq/mediastore/basic/config/GlobalConstantsContainer.java","Implementation/mediastore.basic/src/edu/kit/ipd/sdq/mediastore/basic/interfaces/IPackaging.java","Implementation/mediastore.basic/src/edu/kit/ipd/sdq/mediastore/basic/interfaces/IMediaAccess.java","Implementation/mediastore.basic/src/edu/kit/ipd/sdq/mediastore/basic/config/EJB.java","Implementation/mediastore.basic/src/edu/kit/ipd/sdq/mediastore/basic/config/RequiredInterface.java","Implementation/mediastore.basic/src/edu/kit/ipd/sdq/mediastore/basic/BaseEJB.java","Implementation/mediastore.basic/src/edu/kit/ipd/sdq/mediastore/basic/interfaces/IUserManagement.java","Implementation/mediastore.ejb.facade/src/edu/kit/ipd/sdq/mediastore/ejb/facade/FacadeImpl.java","Implementation/mediastore.basic/src/edu/kit/ipd/sdq/mediastore/basic/exceptions/PropertiesException.java","Implementation/mediastore.basic/src/edu/kit/ipd/sdq/mediastore/basic/exceptions/BadLoginDataException.java","Implementation/mediastore.basic/src/edu/kit/ipd/sdq/mediastore/basic/data/CurrentUser.java","Implementation/mediastore.web/src/edu/kit/ipd/sdq/mediastore/web/beans/RegisterBean.java","Implementation/mediastore.web/src/edu/kit/ipd/sdq/mediastore/web/beans/WebBeanManager.java","Implementation/mediastore.basic/src/edu/kit/ipd/sdq/mediastore/basic/interfaces/IUserDBAdapterRemote.java","Implementation/mediastore.web/src/edu/kit/ipd/sdq/mediastore/web/utils/SessionUtil.java","Implementation/mediastore.basic/src/edu/kit/ipd/sdq/mediastore/basic/exceptions/ConversionException.java","Implementation/mediastore.basic/src/edu/kit/ipd/sdq/mediastore/basic/utils/JNDIUtil.java","Implementation/mediastore.basic/src/edu/kit/ipd/sdq/mediastore/basic/interfaces/IMediaAccessRemote.java","Implementation/mediastore.basic/src/edu/kit/ipd/sdq/mediastore/basic/config/Main.java","Implementation/mediastore.basic/src/edu/kit/ipd/sdq/mediastore/basic/config/InterfaceDetails.java","Implementation/mediastore.basic/src/edu/kit/ipd/sdq/mediastore/basic/utils/PropertiesUtil.java","Implementation/mediastore.basic/src/edu/kit/ipd/sdq/mediastore/basic/interfaces/IMediaManagementRemote.java","Implementation/mediastore.basic/src/edu/kit/ipd/sdq/mediastore/basic/interfaces/ICacheMaintenance.java","Implementation/mediastore.basic/src/edu/kit/ipd/sdq/mediastore/basic/interfaces/ICacheMaintenanceRemote.java","Implementation/mediastore.web/src/edu/kit/ipd/sdq/mediastore/web/beans/LoginBean.java","Implementation/mediastore.basic/src/edu/kit/ipd/sdq/mediastore/basic/interfaces/IMediaAccessMaintenance.java","Implementation/mediastore.basic/src/edu/kit/ipd/sdq/mediastore/basic/interfaces/IUserDBAdapter.java","Implementation/mediastore.basic/src/edu/kit/ipd/sdq/mediastore/basic/interfaces/IUserManagementRemote.java","Implementation/mediastore.basic/src/edu/kit/ipd/sdq/mediastore/basic/config/Config.java","Implementation/mediastore.basic/src/edu/kit/ipd/sdq/mediastore/basic/interfaces/IMediaAccessMaintenanceRemote.java","Implementation/mediastore.web/src/edu/kit/ipd/sdq/mediastore/web/utils/MessageUtil.java","Implementation/mediastore.basic/src/edu/kit/ipd/sdq/mediastore/basic/utils/LameUtil.java","Implementation/mediastore.ejb.userdbadapter/src/edu/kit/ipd/sdq/mediastore/ejb/userdbadapter/DbManager.java","Implementation/mediastore.basic/src/edu/kit/ipd/sdq/mediastore/basic/config/ProvidedInterface.java","Implementation/mediastore.basic/src/edu/kit/ipd/sdq/mediastore/basic/exceptions/FailedUploadException.java","Implementation/mediastore.web/src/edu/kit/ipd/sdq/mediastore/web/filters/MainFilter.java","Implementation/mediastore.ejb.userdbadapter/src/edu/kit/ipd/sdq/mediastore/ejb/userdbadapter/UserDBAdapterImpl.java","Implementation/mediastore.basic/src/edu/kit/ipd/sdq/mediastore/basic/exceptions/UserAlreadyExistsException.java","Implementation/mediastore.ejb.usermanagement/ejbModule/edu/kit/ipd/sdq/mediastore/ejb/usermanagement/SecurityUtil.java","Implementation/mediastore.basic/src/edu/kit/ipd/sdq/mediastore/basic/interfaces/IFacade.java","Implementation/mediastore.basic/src/edu/kit/ipd/sdq/mediastore/basic/exceptions/DbException.java","Implementation/mediastore.ejb.cache/ejbModule/edu/kit/ipd/sdq/mediastore/ejb/cache/IdAndBitrate.java","Implementation/mediastore.basic/src/edu/kit/ipd/sdq/mediastore/basic/exceptions/AppException.java","Implementation/mediastore.ejb.usermanagement/ejbModule/edu/kit/ipd/sdq/mediastore/ejb/usermanagement/UserManagementImpl.java"
"9","0.15574206052642214","0.15225815124681574","0.1401064567825987","0.13317212780577536","0.1135800585737683","0.10367363219728265","0.10367363219728265","0.10367363219728265","0.10150543416454383","0.10150543416454383","0.10150543416454383","0.09596558252170428","0.09210519278311846","0.0900024707605116","0.08620585584709328","0.07825928353286038","0.07153041678884886","0.07032656639420232","0.05822925417737146","0.052978605810836576","0.052978605810836576","0.052978605810836576","0.052978605810836576","0.05260261506874819","0.052194043755983355","0.05183681609864088","0.05183681609864088","0.05183681609864088","0.05183681609864088","0.05183681609864088","0.05183681609864088","0.05183681609864088","0.05075271708227014","0.05075271708227014","0.05075271708227014","0.05075271708227014","0.04972170631587991","0.04873967980525151","0.0481513327302312","0.041604006382518044","0.039156328128086226","0.039156328128086226","0.03753041270726243","0.03338446091871372","0.03197714723316025","0.03000103484530836","0.02726300734208209","2.220446049250313E-15","1.7763568394002505E-15","8.881784197001252E-16","8.881784197001252E-16","8.881784197001252E-16","8.881784197001252E-16","4.440892098500626E-16","4.440892098500626E-16","4.440892098500626E-16","0.0","0.0","0.0","0.0","0.0","0.0","0.0","0.0","0.0","0.0","0.0","0.0","0.0","0.0","0.0","0.0","0.0","0.0","0.0","0.0","0.0","0.0","0.0","0.0","0.0","0.0","0.0","0.0","0.0","0.0","0.0","0.0","0.0","0.0","0.0","0.0","0.0","0.0","0.0","0.0","0.0"
"27","0.08377707608839913","0.05642147632922967","0.12175749682940662","0.10769718080479063","0.09024101186092093","0.05768246485367268","0.0","0.0","0.1287408607820124","0.0","0.05642147632922967","0.1166400103423344","0.05097742055225041","0.10942849365937413","0.08360469768921863","0.0759962018303364","0.0","0.0","0.10006462843722286","0.0","0.0","0.0","8.881784197001252E-16","0.02565239346466086","0.09024101186092093","0.13178763880607836","0.0","0.05768246485367268","0.13178763880607836","0.0","0.0","0.0","0.1287408607820124","0.0","0.0","0.1287408607820124","0.0","0.05408520829727159","0.041802348844612425","0.09172003814652196","0.04305944033812281","0.04305944033812281","0.04120515729100571","0.029475199506504346","0.1593754892078909","0.16341620381333755","0.029611697890429056","3.552713678800501E-15","0.07022445418485201","8.881784197001252E-16","8.881784197001252E-16","8.881784197001252E-16","8.881784197001252E-16","8.881784197001252E-16","0.0","0.1231136991318813","8.881784197001252E-16","4.440892098500626E-16","0.0","0.0","0.032683240762667154","0.0","0.07810047413373322","0.031370442492336004","0.0","8.881784197001252E-16","0.0","8.881784197001252E-16","0.0","0.0","0.13178763880607747","0.0","0.0","0.0","0.05768246485367268","0.0","0.0","0.0","0.1574443351133521","0.07200864105590732","0.0","0.0","0.1287408607820124","0.0","0.0","0.04586001907326054","0.0","0.0","0.0","0.07721548864906946","0.0","0.0","0.0","0.0","0.0","0.0","0.0"
"1","0.08582724052133806","0.0","0.0","0.0","0.0","0.0","0.0","0.0","0.04776200916719908","0.0","0.0","0.0","0.0","5.329070518200751E-15","0.07211361106303649","0.0","0.06666666666666732","0.0","0.0","4.440892098500626E-16","0.04980107767121167","4.440892098500626E-16","0.0","0.08090846183487965","0.0","0.0487555682273646","0.0","0.09751113645473097","0.0487555682273646","0.0","0.0","0.0","0.04776200916719908","0.04776200916719908","0.0","0.04776200916719908","0.0","0.0","3.552713678800501E-15","0.07868355495225643","0.0","0.0","0.0","0.0","0.0927204718366168","0.08568766278463258","0.026000896865935985","0.17489501770005855","3.552713678800501E-15","0.04980107767121167","1.7763568394002505E-15","4.440892098500626E-16","0.0","8.881784197001252E-16","0.0","0.0459147917027245","0.0","0.0","0.0","0.044231580307000584","0.17621124355151263","0.0","0.0","0.05329849505422768","0.05599250038006609","0.10032607863444731","0.0","0.15849625007211543","0.0","0.0","0.04875556822736504","0.0487555682273646","0.0","0.0","0.09751113645473142","0.0","0.0","0.0856782568573573","0.08254265454535892","0.040603362054896674","0.04776200916719908","0.0","0.04776200916719908","0.06164027084335055","0.0","0.09759031005203278","0.0","0.0","0.09116320433819869","0.06840252884928599","0.0","0.0","0.035570846868536954","0.0","0.0","0.0","0.08886934192276286"
"25","0.11665481608319173","0.06616840047614403","0.11397389041334449","0.09368922892183784","0.04095859996203943","0.06774691496867291","0.0","0.0","0.050752717082271914","0.0","0.06616840047614403","0.0855822361132681","0.05939737866258277","0.08041855822615673","0.12426037896395581","0.13123788934369696","0.0","0.0","0.04523328403903015","0.0","0.0","0.0","8.881784197001252E-16","0.023713362484055978","0.040958599962038544","0.05183681609864088","0.0","0.0","0.05183681609864088","0.0","0.0","0.0","0.05075271708227014","0.0","0.0","0.05075271708227014","0.0","0.09488084754979464","0.11416356935059246","0.13630685186858038","0.08883595258932742","0.04967962446123986","0.08495713767537616","0.027141017334416873","0.15302318235977364","0.19014172212192104","0.060808735152055426","0.08635954212042352","1.7763568394002505E-15","8.881784197001252E-16","8.881784197001252E-16","8.881784197001252E-16","8.881784197001252E-16","4.440892098500626E-16","0.09747935961051413","0.09747935961051413","0.0","0.0","0.0","0.0","0.09000310453592597","0.0","0.0","0.056805449375882944","0.0","0.0","0.0","0.048739679805257285","0.0","0.04873967980525684","0.05183681609864088","0.0","0.0","0.0","0.0","0.0","0.0","0.0","0.08738838883309263","0.04297018568048827","0.0","0.0","0.05075271708227014","0.0","0.0","0.062240422721451694","0.0","0.0","0.0","0.03605468802708245","0.0","0.0","0.03753041270726509","0.0","0.0","0.0","0.037530412707263316"
"35","0.02821281805995035","0.0","0.09829077665821107","0.1136527243579537","0.10523755042390226","0.0","0.0","0.0","0.0","0.0","0.0","0.09739568227944151","0.0","0.09125628813336295","0.08666965621978306","0.03934058465279655","0.0","0.0","0.11747073243823714","8.881784197001252E-16","8.881784197001252E-16","8.881784197001252E-16","8.881784197001252E-16","0.026438607963592098","0.10523755042390226","0.0","0.0","0.0","0.0","0.0","0.0","0.0","0.0","0.0","0.0","0.0","0.0","0.0","0.04333482810989375","0.0","0.0","0.0","0.0","0.030423421290519226","1.3322676295501878E-15","0.07488203811846095","0.030565879046850153","0.10401847072119841","0.09574122908630045","8.881784197001252E-16","4.440892098500626E-16","8.881784197001252E-16","8.881784197001252E-16","1.3322676295501878E-15","0.0","0.0","1.3322676295501878E-15","0.0","0.04682546326829229","0.0","0.033774629227958375","0.0","0.10809134436236345","0.10558163014146649","0.0","4.440892098500626E-16","0.0","0.05628637713776152","0.0","0.0","0.0","0.0","0.0","0.0","0.0","0.0","0.0","0.0","0.11304118732524415","0.1477691461142827","0.0","0.0","0.0","0.0","0.0","0.13252247906040449","0.0","0.0","0.0","0.1476329916596697","0.0","0.0","0.0","0.0","0.0","0.0","0.042707257551025"
"24","0.09058565710324062","0.06140929070158396","0.1340660609632205","0.12052582057283434","0.09750336324725328","0.06283088665430459","0.0","0.0","0.0","0.0","0.06140929070158396","0.15663389366338132","0.05529285274717921","0.14656209958283517","0.13519331148756164","0.08170810190666744","0.0","0.0","0.10846909983160424","1.3322676295501878E-15","1.3322676295501878E-15","1.3322676295501878E-15","1.3322676295501878E-15","0.05464391171226746","0.09750336324725328","0.0","0.0","0.0","0.0","0.0","0.0","0.0","0.0","0.0","0.0","0.0","0.0","0.05878026592208174","0.04506443716252306","0.04957530367503393","0.04645974998307523","0.04645974998307523","0.0444022760029914","0.03148985977031149","0.03744919051729134","0.1050094758213227","0.0949171775365123","0.11005725702576541","0.0770660200904918","4.440892098500626E-16","8.881784197001252E-16","1.3322676295501878E-15","1.3322676295501878E-15","1.7763568394002505E-15","0.0","0.0","1.7763568394002505E-15","8.881784197001252E-16","1.3322676295501878E-15","0.0","0.03500315860710668","0.0","0.08609023444260888","0.10296092211400332","0.0","8.881784197001252E-16","0.0","0.05878026592208485","0.0","0.0","0.0","0.0","4.440892098500626E-16","0.0","0.0","0.0","0.0","0.0","0.10450587211151996","0.13042841954416007","0.0","0.0","0.0","0.0","0.0","0.12624853718181095","0.0","0.0","0.0","0.12761640161356214","0.0","0.0","0.0","0.0","0.0","0.0","0.0444022760029914"
"32","0.0","0.0","0.0","0.0","8.881784197001252E-16","0.0","0.0","0.0","0.0","0.0","0.0","0.0","0.0","2.220446049250313E-15","2.220446049250313E-15","0.0","0.0","0.0","0.0","1.3322676295501878E-15","1.3322676295501878E-15","1.3322676295501878E-15","1.7763568394002505E-15","3.1086244689504383E-15","0.0","0.0","0.0","0.0","0.0","0.0","0.0","0.0","0.0","0.0","0.0","0.0","0.0","0.0","3.552713678800501E-15","0.0","0.0","0.0","0.0","0.0","1.7763568394002505E-15","0.0","2.6645352591003757E-15","2.6645352591003757E-15","0.041274895514761045","8.881784197001252E-16","0.039351514726759795","8.881784197001252E-16","8.881784197001252E-16","1.7763568394002505E-15","0.0","0.0","1.7763568394002505E-15","8.881784197001252E-16","1.3322676295501878E-15","0.0","0.0","0.0","0.0","0.14224014404239416","0.05176804220948483","0.0","0.0","0.0","0.0","0.0","0.0","0.0","4.440892098500626E-16","0.0","0.0","0.0","0.0","0.04650378720728732","0.0","1.3322676295501878E-15","0.0","0.0","0.0","4.440892098500626E-16","0.0","4.440892098500626E-16","0.0","0.0","0.0","0.0","0.0","0.13767770153987735","0.0","0.0","0.0","0.0","0.0"
"10","0.0","0.0","0.0","0.0","0.0","0.0","0.0","0.0","0.0","0.0","0.0","0.0","0.0","1.7763568394002505E-15","0.05211062150992252","0.0","0.0","0.0","0.0","8.881784197001252E-16","8.881784197001252E-16","8.881784197001252E-16","4.440892098500626E-16","2.6645352591003757E-15","0.0","0.0","0.0","0.0","0.0","0.0","0.0","0.0","0.0","0.0","0.0","0.0","0.0","0.0","3.552713678800501E-15","0.0","0.0","0.0","0.0","0.0","8.881784197001252E-16","0.039978865945940356","0.03597760710581621","0.13579703293719092","0.0","4.440892098500626E-16","0.0","4.440892098500626E-16","4.440892098500626E-16","1.7763568394002505E-15","0.0","0.0","8.881784197001252E-16","8.881784197001252E-16","8.881784197001252E-16","0.0","0.03997886594593947","0.0","0.0","0.08241031458201942","0.0","0.0","0.0","0.06902849083460483","0.0","0.0","0.0","0.0","0.0","0.0","0.0","0.0","0.0","8.881784197001252E-16","0.06092414350828168","0.0597781533891899","0.0","0.0","0.0","8.881784197001252E-16","0.0","0.09172003814652374","0.0","0.0","0.0","0.04904796383825527","0.0","0.0","0.0","0.0","0.0","0.0","0.051304786929314616"
"11","0.0","0.0","0.0","0.0","8.881784197001252E-16","0.0","0.0","0.0","0.0","0.0","0.0","0.0","0.0","2.220446049250313E-15","0.04935282981737954","0.0","0.0","0.0","0.0","1.3322676295501878E-15","1.3322676295501878E-15","1.3322676295501878E-15","1.7763568394002505E-15","3.1086244689504383E-15","0.0","0.0","0.0","0.06967058140767834","0.0","0.0","0.0","0.0","0.0","0.06802983268027107","0.0","0.0","0.0","0.0","3.552713678800501E-15","0.054472067937779034","0.0","0.0","0.0","0.0","0.06572959825399938","0.0380363623508404","2.6645352591003757E-15","2.6645352591003757E-15","4.440892098500626E-16","1.7763568394002505E-15","0.0","8.881784197001252E-16","8.881784197001252E-16","1.7763568394002505E-15","0.0","0.0","1.7763568394002505E-15","8.881784197001252E-16","1.3322676295501878E-15","0.06226945444408649","0.09595803524596391","0.0","0.0","0.0","0.0","0.04788002315367734","0.0","0.0","0.0","0.0","0.0","0.0","4.440892098500626E-16","0.0","0.06967058140767879","0.0","0.0","8.881784197001252E-16","0.0","1.3322676295501878E-15","0.06802983268027107","0.0","0.0","4.440892098500626E-16","0.0","0.054472067937779034","0.0","0.0","0.0","0.0465037872072851","0.0","0.0","0.0","0.0","0.0","0.0","0.07728169878644975"
"17","0.08377707608839913","0.112842952658462","0.12175749682940662","0.10769718080479063","0.04512050593046091","0.11536492970734624","0.0","0.0","0.05642147632922967","0.112842952658462","0.112842952658462","0.08782633827826203","0.05097742055225041","0.08252247609194541","0.1672093953784346","0.17300696895969914","0.0","0.0","0.050032314218610985","0.0","0.0","0.0","8.881784197001252E-16","0.025652393464659973","0.04512050593046091","0.05768246485367268","0.11536492970734624","0.11536492970734624","0.05768246485367268","0.0","0.0","0.0","0.05642147632922967","0.05642147632922967","0.112842952658462","0.05642147632922967","0.0","0.10817041659454762","0.04180234884461154","0.1375800572197834","0.04305944033812281","0.04305944033812281","0.04120515729100571","0.029475199506504346","0.14420450953242714","0.1307329630506704","0.05922339578085545","0.09876962713270743","8.881784197001252E-16","0.0","8.881784197001252E-16","8.881784197001252E-16","8.881784197001252E-16","8.881784197001252E-16","0.0","0.05408520829727603","8.881784197001252E-16","4.440892098500626E-16","0.0","0.05196570438724102","0.14280090284271818","0.0","0.0","0.06348652174053093","0.0","0.040627418967731366","0.0","0.054085208297275145","0.0","0.0","0.05768246485367268","0.0","0.0","0.0","0.11536492970734624","0.0","0.0","0.0","0.09652019160507042","0.04742786561041079","0.05642147632922967","0.0","0.05642147632922967","0.0","0.0","0.11574039276425285","0.0","0.0","0.0","0.07905280939148707","0.0","0.0","0.0","0.0","0.0","0.0","0.10469167903153576"
"8","0.0","0.0","0.0","0.0","8.881784197001252E-16","0.0","0.0","0.0","0.06802983268027152","0.0","0.0","0.0","0.0","1.7763568394002505E-15","0.049352829817379984","0.0","0.0","0.0","8.881784197001252E-16","8.881784197001252E-16","8.881784197001252E-16","8.881784197001252E-16","1.3322676295501878E-15","2.6645352591003757E-15","8.881784197001252E-16","0.06967058140767879","0.0","0.13934116281535935","0.06967058140767879","0.0","0.0","0.0","0.06802983268027152","0.06802983268027152","0.0","0.06802983268027152","0.0","0.0","3.552713678800501E-15","0.10894413587555896","0.0","0.0","0.0","0.0","0.1314591965079952","0.0760727247016817","8.881784197001252E-16","2.6645352591003757E-15","0.0","1.3322676295501878E-15","0.0","1.3322676295501878E-15","1.3322676295501878E-15","1.7763568394002505E-15","0.0","0.06500224216483552","8.881784197001252E-16","8.881784197001252E-16","1.7763568394002505E-15","0.062269454444086936","0.13399439759680476","4.440892098500626E-16","4.440892098500626E-16","0.0","0.0","0.047880023153676454","0.0","0.0","0.0","0.0","0.06967058140767923","0.0","0.0","0.0","0.1393411628153598","0.0","0.0","8.881784197001252E-16","0.057523742362171504","1.7763568394002505E-15","0.06802983268027196","0.0","0.06802983268027152","8.881784197001252E-16","0.0","0.054472067937780366","0.0","0.0","0.0","0.04650378720728643","0.0","0.0","0.0","0.0","0.0","0.0","0.07728169878645019"
"2","0.0","0.0","0.0","4.440892098500626E-16","4.440892098500626E-16","0.0","0.0","0.0","0.0","0.0","0.0","0.0","0.0","4.440892098500626E-15","0.04704443103825362","0.0","8.881784197001252E-16","0.0","0.0","1.7763568394002505E-15","1.7763568394002505E-15","1.7763568394002505E-15","1.3322676295501878E-15","2.6645352591003757E-15","4.440892098500626E-16","0.0","0.0","0.0","0.0","0.0","0.0","0.0","0.0","0.0","0.0","0.0","0.0","0.0","3.9968028886505635E-15","0.0","4.440892098500626E-16","4.440892098500626E-16","0.0","0.0","1.3322676295501878E-15","0.03640572285999344","0.0328632172734209","0.11711257406052544","8.881784197001252E-16","1.3322676295501878E-15","4.440892098500626E-16","1.3322676295501878E-15","1.3322676295501878E-15","1.3322676295501878E-15","4.440892098500626E-16","4.440892098500626E-16","0.05369446377870224","0.0557162075698594","0.050959049605271645","8.881784197001252E-16","0.036405722859992995","8.881784197001252E-16","8.881784197001252E-16","0.07302269697062469","4.440892098500626E-16","0.07204609825787367","0.0","0.06164660048955328","0.0","8.881784197001252E-16","0.0","0.0","0.0","0.0","0.0","0.0","0.0","4.440892098500626E-16","0.05468373005131699","0.05369446377870091","0.0","0.0","0.0","8.881784197001252E-16","0.0","0.08085371547145748","0.0","0.0","0.0","0.04437260760812922","0.0","0.0","0.0","0.0","0.0","0.0","0.04634231313481507"
"26","0.08377707608840002","0.056421476329230114","0.12175749682940751","0.10769718080479063","0.04512050593046002","0.05768246485367312","0.0","0.0","0.11284295265846156","0.0","0.056421476329230114","0.11664001034233529","0.050977420552249963","0.10942849365937501","0.12540704653382662","0.07599620183033728","0.0","0.0","0.05003231421861187","8.881784197001252E-16","0.0","8.881784197001252E-16","8.881784197001252E-16","0.06685755075567013","0.04512050593045913","0.11536492970734669","0.0","0.05768246485367312","0.11536492970734669","0.0","0.0","0.0","0.11284295265846156","0.0","0.0","0.11284295265846156","0.0","0.05408520829727159","0.04180234884461154","0.09172003814652196","0.04305944033812281","0.04305944033812281","0.0412051572910066","0.029475199506504346","0.14420450953242625","0.14951569138577803","0.05922339578085456","0.09876962713270743","2.6645352591003757E-15","8.881784197001252E-16","8.881784197001252E-16","8.881784197001252E-16","8.881784197001252E-16","8.881784197001252E-16","0.0","0.10817041659455029","0.0","8.881784197001252E-16","0.0","0.0","0.06536648152533431","0.0","0.0","0.06348652174053004","0.0","8.881784197001252E-16","0.0","0.05408520829727603","0.0","0.0","0.11536492970734713","0.0","8.881784197001252E-16","0.0","0.057682464853673565","0.0","0.0","0.0","0.14478028740760607","0.04742786561041079","0.0","0.0","0.11284295265846067","0.0","0.0","0.06988037369099143","0.0","0.07947587890452379","0.0","0.0395264046957422","0.0","0.0","0.0","0.0","0.0","0.0","0.04120515729100571"
"13","0.02359782569346791","0.04643867567235116","0.0243758408118131","0.03615301995650988","0.037761524874789565","0.04739284941409316","0.047392849414092275","0.04739284941409272","0.09287735134470498","0.04643867567235116","0.04643867567235116","0.02478765183751097","0.042287667067057555","0.023229874991542943","0.10550330886771331","0.03216623068610858","0.04466367928163262","0.04383628065207068","0.04156164787336758","0.04839651332336503","0.04839651332336503","0.04839651332336503","0.04839651332336503","0.022201138001496368","0.037761524874789565","0.09478569882818633","0.04739284941409316","0.1421785482422786","0.09478569882818633","0.04739284941409316","0.04739284941409361","0.04739284941409361","0.09287735134470498","0.09287735134470321","0.04643867567235116","0.09287735134470498","0.045530108271698566","0.029390132961037096","0.035167769622573175","0.11500985026016375","0.03615301995650988","0.03615301995650988","0.034698587816140325","0.009467978942903521","0.11988993991859687","0.11168065843616404","0.05087325872574322","0.11444454709119789","0.06792612050628488","0.04839651332336503","0.06495992021753771","0.04839651332336592","0.04839651332336503","0.03776152487479134","0.04466367928163262","0.08932735856326524","0.02566183682986889","0.040864988256672063","0.03776152487479001","0.086090234442608","0.14577703618421367","0.043045117221304","0.043045117221304","0.17939255134273946","0.08386645939341353","0.06848797759527425","0.04553010827169768","0.08932735856326435","0.04553010827169768","0.04466367928163262","0.09478569882818588","0.04739284941409316","0.036670808006466604","0.04553010827169812","0.14217854824227905","0.047392849414092275","0.047392849414092275","0.0759190193728907","0.12058740961305547","0.0791047458844214","0.09287735134470321","0.04228766706705933","0.09287735134470321","0.04086498825667073","0.03893312467596122","0.13316470702376604","0.03893312467596077","0.04383628065207068","0.03565230434408129","0.10012715335179134","0.042287667067057555","0.140075615691992","0.0346985878161421","0.042287667067057555","0.03296075149307187","0.04228766706705667","0.12114821034195256"
"19","0.15426568592831202","0.0983888393629817","0.15655182024640446","0.1546430002927237","0.057791170660280056","0.10046217122254397","0.050231085611271986","0.050231085611271986","0.04919441968149041","0.04919441968149041","0.0983888393629817","0.10366915380436126","0.08938896359569792","0.09704963648552933","0.12719222093302474","0.08171354513571938","8.881784197001252E-16","0.06784552589025505","0.06474311097153329","0.05132242062502801","8.881784197001252E-16","0.05132242062502801","0.0513224206250289","0.05458339147608626","0.057791170660280056","8.881784197001252E-16","0.050231085611271986","8.881784197001252E-16","0.050231085611271986","0.050231085611271986","0.0","0.050231085611271986","0.04919441968149041","0.0","0.04919441968149041","8.881784197001252E-16","4.440892098500626E-16","0.047268219574970516","0.12214952229007503","0.04042685773572785","0.03807506432424779","0.03807506432424779","0.036511348485309014","0.036439753012020404","0.0623223776962325","0.05850747511025922","0.05321514729525223","0.0830313918707204","3.552713678800501E-15","1.7763568394002505E-15","2.220446049250313E-15","1.7763568394002505E-15","0.0513224206250289","2.220446049250313E-15","0.04726821957497629","1.3322676295501878E-15","0.04173836776396733","8.881784197001252E-16","8.881784197001252E-16","8.881784197001252E-16","0.029253737555128723","8.881784197001252E-16","8.881784197001252E-16","0.05497652271763087","4.440892098500626E-16","2.220446049250313E-15","1.3322676295501878E-15","0.04726821957497629","1.3322676295501878E-15","8.881784197001252E-16","0.0","0.0","1.7763568394002505E-15","8.881784197001252E-16","0.0","0.0","0.0","4.440892098500626E-16","0.04243307592064127","0.041738367763965556","0.0","0.0","0.0","0.0","0.0","0.06015691520826927","0.041070160642549425","0.0","0.0","0.03509102325804658","0.0","0.0","0.0","0.0","0.0","0.0","0.036511348485309014"
"36","0.030274799566546662","0.0","0.11033329106871825","0.12858319439533483","0.10191809921054107","0.0","0.0","0.0","0.0","0.0","0.0","0.13148077887395626","0.0","0.12300877484278949","0.09408886207650458","0.042584601805779165","8.881784197001252E-16","0.0","0.11358996274128863","1.7763568394002505E-15","1.7763568394002505E-15","1.7763568394002505E-15","1.3322676295501878E-15","0.07467082320953722","0.10191809921054107","0.0","0.0","0.0","0.0","0.0","0.0","0.0","0.0","0.0","0.0","0.0","0.0","0.0","0.04704443103825495","0.0","4.440892098500626E-16","4.440892098500626E-16","0.0","0.032706282310151824","1.3322676295501878E-15","0.07281144571998599","0.0328632172734209","0.11711257406052455","0.08127723585004709","1.3322676295501878E-15","4.440892098500626E-16","1.3322676295501878E-15","1.3322676295501878E-15","1.3322676295501878E-15","1.3322676295501878E-15","4.440892098500626E-16","1.3322676295501878E-15","0.0","1.7763568394002505E-15","8.881784197001252E-16","0.03640572285999211","8.881784197001252E-16","0.09102875238798358","0.10791174360583744","4.440892098500626E-16","4.440892098500626E-16","0.0","0.06164660048955328","0.0","8.881784197001252E-16","0.0","0.0","0.0","0.0","0.0","0.0","0.0","4.440892098500626E-16","0.10936746010263398","0.1371711993066329","0.0","0.0","0.0","0.0","0.0","0.13268829237363988","0.0","0.09274270692173925","0.0","0.1343002503867723","0.0","0.0","0.0","0.0","0.0","0.0","0.04634231313481507"
"22","0.08697176984105726","0.058758951781103796","0.12749682023601627","0.11365272435795326","0.0936509265365828","0.06009467588586048","0.0","0.0","0.0","0.0","0.058758951781103796","0.12097095144905534","0.05300168485672785","0.11339526423661894","0.08666965621978262","0.07868116930559355","0.0","0.0","0.104007590969601","0.0","0.0","4.440892098500626E-16","4.440892098500626E-16","0.02643860796359121","0.09365092653658369","0.0","0.0","0.0","0.0","0.0","0.0","0.0","0.0","0.0","0.0","0.0","0.0","0.056286377137758414","0.04333482810989331","0.04760425710257321","0.04465653214233267","0.04465653214233267","0.042707257551025446","0.030423421290518782","0.03610377427466549","0.06754925845591853","0.03056587904684882","1.7763568394002505E-15","0.07342276752480137","4.440892098500626E-16","8.881784197001252E-16","4.440892098500626E-16","4.440892098500626E-16","8.881784197001252E-16","0.0","0.0","0.0","0.0","4.440892098500626E-16","0.0","0.0","0.0","0.08183013795620564","0.03240246420336579","0.0","8.881784197001252E-16","0.0","0.0","0.0","0.0","0.0","0.0","4.440892098500626E-16","0.0","0.0","0.0","0.0","0.0","0.05013389547828817","0.07532486439883401","0.0","0.0","0.0","0.0","0.0","0.04760425710257321","0.0","0.0","0.0","0.08088406587488839","0.0","0.0","0.0","0.0","0.0","0.0","0.0"
"28","0.1475190839293048","0.0776520633142268","0.17557512616793636","0.16511828148417784","0.06043083570170982","0.07962094010916321","0.0","0.0","0.0","0.0","0.0776520633142268","0.11865985079677488","0.0692604870812179","0.11071403426678339","0.11104107237116656","0.09994716486484956","4.440892098500626E-16","0.0","0.067821723927739","4.440892098500626E-16","4.440892098500626E-16","4.440892098500626E-16","8.881784197001252E-16","0.0325933425434628","0.06043083570170982","0.0","0.0","0.0","0.0","0.0","0.0","0.0","0.0","0.0","0.0","0.0","0.0","0.07402924472606598","0.11104107237116878","0.12306857638822244","0.05737294062982201","0.05737294062982201","0.05464391171226213","0.03787191577162563","0.09107074266163728","0.08474722950324631","0.03806212886466831","2.6645352591003757E-15","0.0","8.881784197001252E-16","0.0","8.881784197001252E-16","8.881784197001252E-16","1.7763568394002505E-15","0.07402924472606687","0.07402924472606687","1.7763568394002505E-15","8.881784197001252E-16","1.3322676295501878E-15","0.0","0.04237361475162249","0.0","0.0","0.0","0.0","0.0","0.0","4.440892098500626E-16","0.0","4.440892098500626E-16","0.0","0.0","4.440892098500626E-16","0.0","0.0","0.0","0.0","1.7763568394002505E-15","1.3322676295501878E-15","1.3322676295501878E-15","0.0","0.0","0.0","4.440892098500626E-16","0.0","1.3322676295501878E-15","0.0","0.0","0.0","4.440892098500626E-16","0.0","0.0","0.054643911712263904","0.0","0.0","0.0","0.0"
"5","0.0","0.0","0.0","0.0","8.881784197001252E-16","0.0","0.0","0.0","0.0","0.0","0.0","0.0","0.0","1.3322676295501878E-15","1.3322676295501878E-15","0.0","8.881784197001252E-16","0.0","1.3322676295501878E-15","4.440892098500626E-16","4.440892098500626E-16","4.440892098500626E-16","8.881784197001252E-16","3.1086244689504383E-15","1.7763568394002505E-15","0.0","0.0","0.0","0.0","0.0","0.0","0.0","0.0","0.0","0.0","0.0","0.0","0.0","3.552713678800501E-15","1.3322676295501878E-15","0.0","0.0","0.0","0.0","1.7763568394002505E-15","4.440892098500626E-16","2.6645352591003757E-15","2.220446049250313E-15","0.0","8.881784197001252E-16","0.0","8.881784197001252E-16","8.881784197001252E-16","2.220446049250313E-15","4.440892098500626E-16","4.440892098500626E-16","1.7763568394002505E-15","8.881784197001252E-16","1.7763568394002505E-15","0.0","0.0","0.0","0.0","0.0","0.0","0.0","0.0","8.881784197001252E-16","0.0","4.440892098500626E-16","0.0","0.08685103584986598","0.0","0.0","0.0","0.0","0.0","1.7763568394002505E-15","8.881784197001252E-16","1.3322676295501878E-15","0.0","0.0","0.0","4.440892098500626E-16","0.0","1.7763568394002505E-15","0.0","0.0","0.060968929191833166","2.220446049250313E-15","0.0","0.0","0.0","0.0","4.440892098500626E-16","0.0","0.0"
"29","0.0","0.0","0.0","8.881784197001252E-16","0.043594114590956856","0.0","0.0","4.440892098500626E-16","0.054336040443189404","0.0","0.0","0.027986686759754242","0.0","0.026151706650514583","0.04042902878321586","0.0","1.7763568394002505E-15","0.0","0.04826992637341432","1.3322676295501878E-15","1.3322676295501878E-15","1.3322676295501878E-15","1.3322676295501878E-15","0.0","0.043594114590956856","0.05553120395190625","0.0","0.0","0.05553120395190625","0.0","4.440892098500626E-16","4.440892098500626E-16","0.054336040443189404","0.0","0.0","0.054336040443189404","0.05320051274574489","0.0","4.440892098500626E-15","0.0","8.881784197001252E-16","8.881784197001252E-16","0.0","0.0","0.05265363228912889","0.11303800798718555","0.028753708674050138","0.09415033942608186","0.06738354906101707","1.3322676295501878E-15","1.7763568394002505E-15","1.3322676295501878E-15","1.3322676295501878E-15","1.7763568394002505E-15","8.881784197001252E-16","0.05211994926678276","0.045791987348077434","0.04740934620849302","0.0435941145909573","8.881784197001252E-16","0.03170268207682092","8.881784197001252E-16","0.07479606464035093","0.0914667349755316","8.881784197001252E-16","0.06026597280350643","0.053200512745744","0.05211994926678276","8.881784197001252E-16","1.7763568394002505E-15","0.055531203951906694","0.0","1.3322676295501878E-15","4.440892098500626E-16","4.440892098500626E-16","0.0","0.0","0.0","0.13975237943907315","0.16064867957828666","0.0","0.0","0.054336040443189404","0.0","0.0","0.11135800768506554","0.0","0.0","0.0","0.17103538883230973","0.0","0.0","0.0","0.0","0.0","0.0","0.10088266861673345"
"21","0.03493351030753766","0.0","0.1393244762891439","0.16511828148417784","0.06043083570170893","0.0","0.0","0.0","0.0","0.0","0.0","0.08170810190666655","0.0","0.07640006658467557","0.055520536185583946","0.04997358243242411","4.440892098500626E-16","0.0","0.067821723927739","4.440892098500626E-16","4.440892098500626E-16","4.440892098500626E-16","8.881784197001252E-16","0.0325933425434628","0.06043083570170893","0.0","0.0","0.0","0.0","0.0","0.0","0.0","0.0","0.0","0.0","0.0","0.0","0.0","0.05552053618558617","0.0","0.0","0.0","0.0","0.05060471733941441","8.881784197001252E-16","0.042373614751622934","1.7763568394002505E-15","2.6645352591003757E-15","0.0","8.881784197001252E-16","0.0","8.881784197001252E-16","8.881784197001252E-16","1.7763568394002505E-15","4.440892098500626E-16","4.440892098500626E-16","1.7763568394002505E-15","8.881784197001252E-16","1.3322676295501878E-15","0.0","0.0","0.0","0.0","0.0","0.0","0.0","0.0","4.440892098500626E-16","0.0","4.440892098500626E-16","0.0","0.0","4.440892098500626E-16","0.0","0.0","0.0","0.0","8.881784197001252E-16","0.06513827688740115","1.3322676295501878E-15","0.0","0.0","0.0","8.881784197001252E-16","0.0","1.3322676295501878E-15","0.0","0.0","0.0","4.440892098500626E-16","0.0","0.0","0.0","0.0","0.0","0.0","0.0"
"20","0.09473266518149082","0.06445786561494238","0.14169967686643936","0.12858319439533483","0.05095904960527031","0.06597960208913856","0.06597960208913856","0.0","0.0","0.0","0.06445786561494238","0.0995344674764782","0.05792344892264367","0.09324837943227227","0.09408886207650458","0.08516920361156011","8.881784197001252E-16","0.0","0.056794981370644315","1.7763568394002505E-15","1.7763568394002505E-15","0.06758815607900548","1.3322676295501878E-15","0.028328510074716817","0.0509590496052712","0.0","0.0","0.0","0.0","0.0","0.0","0.06597960208913811","0.0","0.0","0.0","0.0","0.0","0.10017404759640414","0.04704443103825495","0.051834576902182405","0.09704963648552445","0.048524818242762446","0.04634231313481596","0.08573096888139586","0.038986183427248466","0.03640572285999255","0.0328632172734209","3.1086244689504383E-15","8.881784197001252E-16","1.3322676295501878E-15","4.440892098500626E-16","1.3322676295501878E-15","1.3322676295501878E-15","1.3322676295501878E-15","1.3322676295501878E-15","1.3322676295501878E-15","1.3322676295501878E-15","8.881784197001252E-16","8.881784197001252E-16","8.881784197001252E-16","0.0","8.881784197001252E-16","8.881784197001252E-16","0.0","4.440892098500626E-16","4.440892098500626E-16","0.0","4.440892098500626E-16","0.0","8.881784197001252E-16","0.0","0.0","0.0","0.0","0.0","0.0","0.0","4.440892098500626E-16","0.0","0.0","0.0","0.0","0.0","0.0","0.0","0.0","0.0","0.0","0.0","0.0","0.0","0.0","0.0","0.0","0.0","0.0","0.0"
"12","0.0","0.0","0.0","0.0","8.881784197001252E-16","0.0","0.0","0.0","0.0","0.0","0.0","0.0","0.0","4.440892098500626E-16","1.3322676295501878E-15","0.0","4.440892098500626E-16","0.0","8.881784197001252E-16","4.440892098500626E-16","4.440892098500626E-16","4.440892098500626E-16","8.881784197001252E-16","3.9968028886505635E-15","8.881784197001252E-16","0.0","0.0","0.0","0.0","0.0","0.0","0.0","0.0","0.0","0.0","0.0","0.07579119431090131","0.0","3.552713678800501E-15","4.440892098500626E-16","0.0","0.0","0.0","0.0","8.881784197001252E-16","0.0","1.7763568394002505E-15","2.6645352591003757E-15","0.0","8.881784197001252E-16","0.0","8.881784197001252E-16","8.881784197001252E-16","1.7763568394002505E-15","4.440892098500626E-16","0.0","1.7763568394002505E-15","8.881784197001252E-16","1.3322676295501878E-15","0.0","0.0","0.0","0.0","0.0","0.0","0.0","0.07579119431090131","4.440892098500626E-16","0.0","4.440892098500626E-16","0.0","0.0","4.440892098500626E-16","0.0","0.0","0.0","0.0","1.7763568394002505E-15","4.440892098500626E-16","0.06388465426037415","0.0","0.0","0.0","8.881784197001252E-16","0.0","1.3322676295501878E-15","0.0","0.0","0.0","0.08508660317792183","0.0","0.0","0.0","0.0","0.0","0.0","0.0888045520059868"
"31","0.03154994062691108","0.0","0.11803997482809736","0.1382191675926263","0.05353531495583663","0.0","0.0","0.0","0.0","0.0","0.0","0.07140638565385737","0.0","0.06698479821350167","0.04935282981737954","0.044599771425855916","0.0","0.0","0.05978826516827551","1.3322676295501878E-15","1.3322676295501878E-15","1.3322676295501878E-15","1.7763568394002505E-15","0.02949645811750079","0.05353531495583663","0.0","0.0","0.0","0.0","0.0","0.0","0.0","0.0","0.0","0.0","0.0","0.0","0.0","0.04935282981738176","0.0","0.0","0.0","0.0","0.03411921826320086","1.7763568394002505E-15","0.0","2.6645352591003757E-15","2.6645352591003757E-15","0.0","8.881784197001252E-16","0.0","8.881784197001252E-16","8.881784197001252E-16","1.7763568394002505E-15","0.0","0.0","1.7763568394002505E-15","8.881784197001252E-16","1.3322676295501878E-15","0.0","0.0","0.0","0.0","0.0","0.0","0.0","0.0","0.0","0.0","0.0","0.0","0.0","4.440892098500626E-16","0.0","0.0","0.0","0.0","8.881784197001252E-16","0.0","4.440892098500626E-16","0.0","0.0","0.0","4.440892098500626E-16","0.0","0.0","0.0","0.0","0.0","0.0","0.0","0.0","0.0","0.0","0.0","0.0","0.0"
"3","0.030274799566546662","0.0","0.0","4.440892098500626E-16","4.440892098500626E-16","0.0","0.0","0.0","0.0","0.0","0.0","0.0","0.0","3.552713678800501E-15","0.04704443103825362","0.0","8.881784197001252E-16","0.0","0.0","1.7763568394002505E-15","0.06758815607900548","1.7763568394002505E-15","1.3322676295501878E-15","0.028328510074716817","4.440892098500626E-16","0.0","0.0","0.0","0.0","0.0","0.0","0.0","0.0","0.0","0.0","0.0","0.0","0.0","3.9968028886505635E-15","0.0","4.440892098500626E-16","4.440892098500626E-16","0.0","0.0","1.3322676295501878E-15","0.03640572285999344","0.0328632172734209","0.11711257406052455","8.881784197001252E-16","0.06758815607900504","4.440892098500626E-16","1.3322676295501878E-15","1.3322676295501878E-15","1.3322676295501878E-15","1.3322676295501878E-15","4.440892098500626E-16","1.3322676295501878E-15","8.881784197001252E-16","1.7763568394002505E-15","8.881784197001252E-16","0.11219275052941802","8.881784197001252E-16","8.881784197001252E-16","0.07302269697062469","4.440892098500626E-16","4.440892098500626E-16","0.0","0.06164660048955328","0.0","8.881784197001252E-16","0.0","0.0","0.0","0.0","0.0","0.0","0.0","1.3322676295501878E-15","0.05468373005131699","0.05369446377870091","0.0","0.0","0.0","8.881784197001252E-16","0.0","0.08085371547145748","0.0","0.0","0.0","0.04437260760812922","0.0","0.0","0.046342313134817736","0.0","0.0","0.0","0.04634231313481507"
"15","0.03735423238741964","0.0","0.1551800964345582","0.18538819508170956","0.06540572147721857","0.0","0.0","0.0","0.0","0.0","0.0","0.08919954285171494","0.0","0.08323292417457173","0.059962678509692946","0.053836639097293304","8.881784197001252E-16","0.0","0.07363309031174659","4.440892098500626E-16","4.440892098500626E-16","4.440892098500626E-16","8.881784197001252E-16","0.03480741907977114","0.06540572147721857","0.0","0.0","0.0","0.0","0.0","0.0","0.0","0.0","0.0","0.0","0.0","0.0","0.0","0.05996267850969472","1.3322676295501878E-15","0.10186675544623247","0.0","0.0","0.04055912465074041","8.881784197001252E-16","4.440892098500626E-16","2.6645352591003757E-15","2.220446049250313E-15","0.0","8.881784197001252E-16","0.0","8.881784197001252E-16","8.881784197001252E-16","2.220446049250313E-15","4.440892098500626E-16","4.440892098500626E-16","1.7763568394002505E-15","8.881784197001252E-16","1.7763568394002505E-15","0.0","0.0","0.0","0.0","0.0","0.0","0.0","0.0","8.881784197001252E-16","0.0","4.440892098500626E-16","0.0","0.0","0.0","0.0","0.0","0.0","0.0","1.7763568394002505E-15","1.7763568394002505E-15","1.3322676295501878E-15","0.0","0.0","0.0","4.440892098500626E-16","0.0","1.7763568394002505E-15","0.0","0.0","0.0","2.220446049250313E-15","0.0","0.0","0.0","0.0","4.440892098500626E-16","0.0","0.0"
"14","0.12866363892952926","0.1289157312298852","0.11033329106871825","0.12858319439533483","0.05095904960527031","0.13195920417827756","0.06597960208913856","0.06597960208913811","0.06445786561494238","0.1289157312298852","0.1289157312298852","0.06758815607900015","0.05792344892264367","0.06348798402175415","0.04704443103825362","0.11017275788478287","8.881784197001252E-16","0.09274270692173925","0.056794981370644315","1.7763568394002505E-15","1.7763568394002505E-15","0.06758815607900548","0.06758815607900504","0.056657020149432746","0.0509590496052712","0.0","0.13195920417827756","0.0","0.06597960208913856","0.06597960208913811","0.0","0.06597960208913811","0.06445786561494238","0.0","0.1289157312298852","0.0","0.0","0.06164660048955106","0.04704443103825495","0.0","4.440892098500626E-16","4.440892098500626E-16","0.0","0.032706282310151824","1.3322676295501878E-15","0.0","3.1086244689504383E-15","3.1086244689504383E-15","8.881784197001252E-16","1.3322676295501878E-15","4.440892098500626E-16","1.3322676295501878E-15","1.3322676295501878E-15","1.3322676295501878E-15","1.3322676295501878E-15","1.3322676295501878E-15","1.3322676295501878E-15","8.881784197001252E-16","8.881784197001252E-16","8.881784197001252E-16","0.0","8.881784197001252E-16","8.881784197001252E-16","0.0","4.440892098500626E-16","4.440892098500626E-16","0.0","4.440892098500626E-16","0.0","8.881784197001252E-16","0.0","0.0","0.0","0.0","0.0","0.0","0.0","4.440892098500626E-16","0.0","0.0","0.0","0.0","0.0","0.0","0.0","0.0","0.0","0.0","0.0","0.0","0.0","0.0","0.0","0.0","0.0","0.0","0.0"
"37","0.23540415502493728","0.15530412662845494","0.17557512616793636","0.16511828148417784","0.06043083570170982","0.15924188021832775","0.1592418802183273","0.07962094010916365","0.0776520633142268","0.0776520633142268","0.15530412662845494","0.11865985079677488","0.13852097416243847","0.11071403426678339","0.11104107237116656","0.09994716486484956","4.440892098500626E-16","0.11512339078078293","0.067821723927739","4.440892098500626E-16","4.440892098500626E-16","0.163416203813338","0.08170810190666966","0.0651866850869216","0.06043083570170982","0.0","0.07962094010916321","0.0","0.07962094010916321","0.07962094010916321","0.0","0.1592418802183282","0.0776520633142268","0.0","0.0776520633142268","0.0","0.0","0.07402924472606598","0.05552053618558617","0.061534288194111664","0.11474588125964402","0.05737294062982201","0.05464391171226213","0.03787191577162563","0.04553537133081953","0.042373614751622934","0.03806212886466831","2.6645352591003757E-15","0.0","8.881784197001252E-16","0.0","8.881784197001252E-16","8.881784197001252E-16","1.7763568394002505E-15","4.440892098500626E-16","4.440892098500626E-16","1.7763568394002505E-15","8.881784197001252E-16","1.3322676295501878E-15","0.0","0.0","0.0","0.0","0.0","0.0","0.0","0.0","4.440892098500626E-16","0.0","4.440892098500626E-16","0.0","0.0","4.440892098500626E-16","0.0","0.0","0.0","0.0","1.7763568394002505E-15","1.3322676295501878E-15","1.3322676295501878E-15","0.0","0.0","0.0","4.440892098500626E-16","0.0","1.3322676295501878E-15","0.0","0.0","0.0","4.440892098500626E-16","0.0","0.0","0.0","0.0","0.0","0.0","0.0"
"30","0.0","0.0","0.0","4.440892098500626E-16","4.440892098500626E-16","0.0","0.0","0.0","0.0","0.0","0.0","0.0","0.0","3.552713678800501E-15","0.04704443103825362","0.0","8.881784197001252E-16","0.0","0.0","1.7763568394002505E-15","1.7763568394002505E-15","1.7763568394002505E-15","1.3322676295501878E-15","1.7763568394002505E-15","4.440892098500626E-16","0.0","0.0","0.0","0.0","0.0","0.0","0.0","0.0","0.0","0.0","0.0","0.06301568162270899","0.0","3.9968028886505635E-15","0.0","4.440892098500626E-16","4.440892098500626E-16","0.0","0.0","1.3322676295501878E-15","0.03640572285999255","0.0328632172734209","0.11711257406052455","8.881784197001252E-16","1.3322676295501878E-15","4.440892098500626E-16","1.3322676295501878E-15","1.3322676295501878E-15","1.3322676295501878E-15","1.3322676295501878E-15","4.440892098500626E-16","1.3322676295501878E-15","0.0","0.050959049605271645","8.881784197001252E-16","0.036405722859992995","8.881784197001252E-16","8.881784197001252E-16","0.07302269697062469","4.440892098500626E-16","4.440892098500626E-16","0.06301568162270899","0.06164660048955328","0.0","8.881784197001252E-16","0.0","0.0","0.0","0.0","0.0","0.0","0.0","4.440892098500626E-16","0.05468373005131699","0.10738892755740093","0.0","0.0","0.0","0.0","0.0","0.08085371547145659","0.0","0.0","0.0","0.11455465412422772","0.0","0.0","0.0","0.0","0.0","0.0","0.11936501010543932"
"18","0.18266511604062252","0.12440479421012807","0.15594978876812515","0.1438088663213457","0.05500149643418473","0.12730937722633673","0.05553120395190536","0.05553120395190536","0.054336040443188516","0.054336040443188516","0.12440479421012807","0.10767959731473375","0.11192154466534276","0.10069379568881676","0.15199646449470006","0.09148929609601186","8.881784197001252E-16","0.07608827398802731","0.06149392793577224","8.881784197001252E-16","8.881784197001252E-16","0.05679124834194571","0.056791248341946154","0.05510294960439399","0.05500149643418473","0.0","0.05553120395190625","0.0","0.05553120395190536","0.05553120395190536","0.0","0.05553120395190536","0.054336040443188516","0.0","0.054336040443188516","0.0","0.0","0.06691645748986286","0.05066548816490313","0.0559733735195147","0.0523034133010154","0.0523034133010154","0.049889433337561684","0.03492043168224379","0.04178943630192178","0.07792332474058838","0.07018311029947055","0.13038028244153876","8.881784197001252E-16","8.881784197001252E-16","4.440892098500626E-16","8.881784197001252E-16","8.881784197001252E-16","1.3322676295501878E-15","1.3322676295501878E-15","4.440892098500626E-16","1.3322676295501878E-15","0.0","8.881784197001252E-16","8.881784197001252E-16","0.038961662370294636","8.881784197001252E-16","8.881784197001252E-16","0.07971765419714982","4.440892098500626E-16","4.440892098500626E-16","0.0","0.06691645748986597","0.0","0.0","0.0","0.0","0.0","0.0","0.0","0.0","0.0","4.440892098500626E-16","0.05914131930926558","0.058040457874880325","0.0","0.0","0.0","0.0","0.0","0.08859761106782837","0.0","0.0","0.0","0.04771500823041119","0.0","0.0","0.0","0.0","0.0","0.0","0.049889433337561684"
"6","0.2033180445181686","0.11751790356221026","0.12749682023601627","0.11365272435795326","0.0468254632682914","0.12018935177172274","0.06009467588586048","0.060094675885860926","0.058758951781103796","0.058758951781104685","0.11751790356221026","0.12097095144905534","0.10600336971345836","0.11339526423661894","0.13000448432967238","0.07868116930559355","0.0","0.08330115898510604","0.052003795484800275","0.0","0.061504589547916044","0.061504589547916044","0.061504589547916044","0.12202308144180218","0.04682546326829229","0.0","0.06009467588586048","0.0","0.06009467588586048","0.06009467588586048","0.0","0.060094675885860926","0.058758951781103796","0.0","0.058758951781103796","0.0","0.0","0.056286377137758414","0.04333482810989331","0.04760425710257321","0.04465653214233267","0.04465653214233267","0.042707257551025446","0.030423421290518782","0.03610377427466549","0.06754925845591853","0.06113175809369675","0.10401847072119885","1.3322676295501878E-15","0.061504589547916044","8.881784197001252E-16","4.440892098500626E-16","4.440892098500626E-16","8.881784197001252E-16","0.0","0.0","0.0","0.0","4.440892098500626E-16","0.0","0.10243431260572056","0.0","0.0","0.06625301931813521","0.0","8.881784197001252E-16","0.0","0.05628637713776197","0.0","0.0","0.0","0.0","4.440892098500626E-16","0.0","0.0","0.0","0.0","0.0","0.05013389547828817","0.04925638203809379","0.0","0.0","0.0","0.0","0.0","0.07305611715925986","0.0","0.08330115898510604","0.0","0.04094420673783672","0.0","0.0","0.04270725755102722","0.0","0.0","0.0","0.042707257551025446"
"16","0.029176366401655773","0.07765206331422725","0.10385064311236691","0.12052582057283434","0.048751681623627086","0.07962094010916276","0.06283088665430459","0.0","0.0","0.1390613540158121","0.07765206331422725","0.06433246137221493","0.0","0.06050268863810215","0.04506443716252173","0.1634162038133362","8.881784197001252E-16","0.0","0.054234549915802344","1.3322676295501878E-15","1.3322676295501878E-15","0.06433246137222026","1.7763568394002505E-15","0.02732195585613484","0.048751681623627086","0.0","0.14245182676346912","0.0","0.0","0.0","0.0","0.06283088665430503","0.0","0.0","0.1390613540158121","0.0","0.0","0.07402924472606509","0.04506443716252306","0.0","0.04645974998307523","0.0","0.0","0.03148985977031238","8.881784197001252E-16","0.0","2.6645352591003757E-15","1.7763568394002505E-15","4.440892098500626E-16","1.7763568394002505E-15","0.0","8.881784197001252E-16","8.881784197001252E-16","1.7763568394002505E-15","8.881784197001252E-16","8.881784197001252E-16","1.7763568394002505E-15","8.881784197001252E-16","1.3322676295501878E-15","0.0","0.0","0.0","0.0","0.0","0.0","8.881784197001252E-16","0.0","0.0","0.0","8.881784197001252E-16","0.0","0.0","4.440892098500626E-16","0.0","0.0","0.0","0.0","8.881784197001252E-16","0.0","4.440892098500626E-16","0.0","0.0","0.0","0.0","0.0","0.0","0.0","0.0","0.0","0.0","0.0","0.0","0.0","0.0","0.0","0.0","0.0"
"23","0.0","0.0","0.0","0.0","8.881784197001252E-16","0.0","0.0","0.0","0.0","0.0","0.0","0.0","0.0","1.7763568394002505E-15","2.6645352591003757E-15","0.0","0.0","0.0","8.881784197001252E-16","8.881784197001252E-16","8.881784197001252E-16","8.881784197001252E-16","1.3322676295501878E-15","2.6645352591003757E-15","8.881784197001252E-16","0.0","0.0","0.0","0.0","0.0","0.0","0.0","0.0","0.0","0.0","0.0","0.0","0.0","3.552713678800501E-15","0.0","0.0","0.0","0.0","0.0","8.881784197001252E-16","0.0","8.881784197001252E-16","2.6645352591003757E-15","0.0","1.3322676295501878E-15","0.0","1.3322676295501878E-15","1.3322676295501878E-15","1.7763568394002505E-15","4.440892098500626E-16","0.0","8.881784197001252E-16","8.881784197001252E-16","1.7763568394002505E-15","4.440892098500626E-16","0.0","4.440892098500626E-16","4.440892098500626E-16","0.0","0.0","8.881784197001252E-16","0.0","4.440892098500626E-16","0.0","0.0","0.0","0.0","0.0","0.0","0.0","0.0","0.0","8.881784197001252E-16","8.881784197001252E-16","1.7763568394002505E-15","0.0","0.0","0.0","8.881784197001252E-16","0.0","8.881784197001252E-16","0.0","0.0","0.0","0.0","0.0","0.0","0.0","0.0","0.0","0.0","0.0"
"34","0.10690800847203263","0.05433604044318763","0.0891810490633449","0.10247082032478261","0.08718822918191282","0.05553120395190536","0.05553120395190536","0.055531203951905805","0.16300812132956644","0.05433604044318763","0.05433604044318763","0.08477793510169818","0.04916837117933781","0.07972440167717121","0.08085805756642772","0.03679372555257565","1.7763568394002505E-15","0.07608827398802775","0.09653985274682819","1.3322676295501878E-15","1.3322676295501878E-15","0.056791248341946154","0.056791248341946154","0.04988943333756701","0.08718822918191282","0.1110624079038125","0.05553120395190536","0.05553120395190536","0.16659361185571875","0.05553120395190536","0.0","0.055531203951905805","0.16300812132956644","0.0","0.05433604044318763","0.10867208088637703","0.0","0.0","0.04042902878321719","0.0442988055339133","8.881784197001252E-16","8.881784197001252E-16","0.0","0.02862253827002892","0.10530726457825423","0.14474069006400558","0.028753708674050138","0.09415033942608186","0.06738354906101618","2.220446049250313E-15","1.7763568394002505E-15","2.220446049250313E-15","2.220446049250313E-15","1.7763568394002505E-15","8.881784197001252E-16","0.10423989853356286","1.7763568394002505E-15","1.7763568394002505E-15","1.3322676295501878E-15","8.881784197001252E-16","0.06340536415364095","8.881784197001252E-16","0.07479606464035093","0.0914667349755316","8.881784197001252E-16","1.7763568394002505E-15","8.881784197001252E-16","0.05211994926678276","8.881784197001252E-16","1.7763568394002505E-15","0.11106240790381205","0.0","1.3322676295501878E-15","4.440892098500626E-16","0.055531203951905805","0.0","0.0","0.0","0.18633650591876405","0.11485669223021011","0.0","0.0","0.10867208088637703","4.440892098500626E-16","0.0","0.11135800768506465","0.0","0.0","0.0","0.1122192779666622","0.0","0.0","0.0","0.0","0.0","0.0","0.03985882709857114"
"4","0.12500746474804103","0.06445786561494238","0.14169967686643936","0.12858319439533483","0.05095904960527031","0.06597960208913856","0.0","0.0","0.0","0.0","0.06445786561494238","0.0995344674764782","0.05792344892264367","0.09324837943227227","0.14113329311475553","0.08516920361156011","8.881784197001252E-16","0.0","0.056794981370644315","1.7763568394002505E-15","1.7763568394002505E-15","1.7763568394002505E-15","1.3322676295501878E-15","0.028328510074716817","0.0509590496052712","0.0","0.0","0.0","0.0","0.0","0.0","0.0","0.0","0.0","0.0","0.0","0.0","0.06164660048955106","0.09408886207650591","0.10366915380436481","0.048524818242762446","0.048524818242762446","0.04634231313481596","0.032706282310151824","0.0779723668544956","0.10921716857997943","0.0657264345468378","0.11711257406052455","8.881784197001252E-16","1.3322676295501878E-15","4.440892098500626E-16","1.3322676295501878E-15","1.3322676295501878E-15","1.3322676295501878E-15","0.06164660048955417","0.06164660048955417","1.3322676295501878E-15","0.0","1.7763568394002505E-15","8.881784197001252E-16","0.07281144571998555","8.881784197001252E-16","8.881784197001252E-16","0.07302269697062469","4.440892098500626E-16","4.440892098500626E-16","0.0","0.06164660048955328","0.0","8.881784197001252E-16","0.0","0.0","0.0","0.0","0.0","0.0","0.0","4.440892098500626E-16","0.05468373005131699","0.05369446377870002","0.0","0.0","0.0","0.0","0.0","0.08085371547145659","0.0","0.0","0.0","0.04437260760812922","0.0","0.0","0.046342313134817736","0.0","0.0","0.0","0.04634231313481507"
"7","0.0","0.0","0.0","0.0","4.440892098500626E-16","0.0","0.0","0.0","0.054336040443188516","0.0","0.0","0.0","0.0","4.440892098500626E-15","0.04042902878321453","0.056791248341943046","8.881784197001252E-16","0.0","0.0","8.881784197001252E-16","1.7763568394002505E-15","8.881784197001252E-16","8.881784197001252E-16","1.7763568394002505E-15","4.440892098500626E-16","0.05553120395190536","0.0","0.11106240790381161","0.05553120395190536","0.0","0.0","0.0","0.054336040443188516","0.054336040443188516","0.0","0.054336040443188516","0.0","0.033458228744930096","0.04042902878321586","0.13289641660174212","0.041628745094743014","0.0","0.03985882709857069","0.0","0.1391440315033603","0.11303800798718555","2.220446049250313E-15","3.1086244689504383E-15","8.881784197001252E-16","8.881784197001252E-16","4.440892098500626E-16","0.07358745110515441","8.881784197001252E-16","1.3322676295501878E-15","0.05211994926678232","0.05211994926678232","1.3322676295501878E-15","0.0","8.881784197001252E-16","0.050107438419289885","0.1375754287227271","8.881784197001252E-16","8.881784197001252E-16","4.440892098500626E-16","4.440892098500626E-16","0.039307034703617294","0.0","4.440892098500626E-16","0.0","0.052119949266780985","0.05553120395190536","0.0","0.0","0.0","0.11106240790381117","0.0","0.0","4.440892098500626E-16","0.0465841264796909","0.0","0.05433604044318763","0.0","0.054336040443188516","0.0","0.0","0.04429880553391463","0.0","0.0","0.0","0.03825501444327806","0.0","0.0","0.0","0.0","0.0","0.0","0.06102384151815787"
"33","0.07746851093109441","0.09552401833440172","0.1318684447224152","0.12438561758517874","0.14603245608579485","0.0487555682273646","0.04875556822736549","0.04875556822736593","0.04776200916720086","0.04776200916719908","0.04776200916719908","0.11656381594227927","0.04344427794106487","0.10939540857973462","0.08207579942125598","0.07463844595900415","0.06666666666666732","0.0","0.09815796812514543","0.04980107767121167","0.04980107767121167","4.440892098500626E-16","0.0","0.027807804579551565","0.0885608148171304","0.04875556822736549","0.0","0.04875556822736549","0.0","0.0","0.04875556822736504","0.0","0.0","0.04776200916719908","0.0","0.04776200916720086","0.046816302789900455","0.045914791702717395","0.04601899388973951","0.039341777476127326","0.0370776390163412","0.0370776390163412","0.03557084686853518","0.032076852552479274","0.030406921022637867","0.0571251085230875","0.026000896865935985","8.881784197001252E-16","0.058513371981403495","0.0","1.7763568394002505E-15","4.440892098500626E-16","0.0","8.881784197001252E-16","0.0","0.0","0.0","0.0","0.0","0.0","0.0","0.0","0.06453484726638603","0.027470104860674027","0.0","0.0","0.0","0.0","0.0","0.0","0.0","0.0","0.0","0.0","0.0","0.0","0.0","0.0","0.04127132727267879","0.05988421924697418","0.0","0.0","0.0","0.0","0.0","0.03934177747612688","0.0","0.0","0.0","0.06386202745660796","0.0","0.0","0.0","0.0","0.0","0.0","0.0"
