"","DbManager","DownloadBean","AudioFile","IDownloadAudioWatermarkingLocal","AudioFileInfo","UnknownServerException","TagWatermarkingImpl","IDownloadCacheLocal","IDownloadReEncoderLocal","IDownloadAudioWatermarking","IFacadeLocal","IPackagingLocal","IDownloadMediaAccessLocal","IDownloadAudioWatermarkingRemote","IUserManagementLocal","IDownloadTagWatermarkingLocal","ICacheMaintenanceLocal","FileContentLocal","IMediaAccessLocal","WavFileException","IPackaging","IUserDBAdapterLocal","PackagingImpl","IMediaAccessMaintenanceLocal","FailedDownloadException","IDownloadReEncoder","IDownloadCache","IMediaManagementLocal","IDownload","AudioWatermarkingImpl","IMediaManagement","IMediaAccess","FSUtil","IDownloadCacheRemote","IDownloadReEncoderRemote","MediaAccessImpl","IDownloadMediaAccess","IDownloadTagWatermarking","MediaManagementImpl","IDownloadTagWatermarkingRemote","IDownloadMediaAccessRemote","ReEncoderImpl","IFacade","CacheImpl","IMediaAccessMaintenance","FacadeImpl","FileContentRemote","Audio","FileContent","UploadBean","IMediaAccessRemote","PropertiesException","SessionBean","IMediaAccessMaintenanceRemote","FailedUploadException","UserManagementImpl","IUserManagement","IdAndBitrate","IUserManagementRemote","IBusinessInterface","IUserDBAdapter","UserDBAdapterImpl","CacheSingleton","DbException","IMediaManagementRemote","EJB","WebBeanManager","IUserDBAdapterRemote","LoginBean","SessionUtil","BadLoginDataException","RequiredInterface","BaseEJB","RegisterBean","IFacadeRemote","WavFile","UserRegData","ICacheMaintenanceRemote","IPackagingRemote","SecurityUtil","InterfaceDetails","User","GlobalConstantsContainer","MainFilter","ProvidedInterface","Main","AppException","CurrentUser","JNDIUtil","ICacheMaintenance","ConversionException","MessageUtil","PropertiesUtil","LameUtil","Config","UserAlreadyExistsException"
"9","0.30295000053035087","0.262722417219518","0.25857150603430334","0.23534288613402812","0.21382630157607088","0.20494288160781107","0.1819979149910677","0.17434732052863425","0.17089858409361103","0.1618352428618768","0.13949934730487729","0.12686388677823093","0.12233903236990937","0.12093536739102298","0.10940680593462092","0.10474467419709983","0.10257448176038256","0.10216113284983602","0.09747601317663064","0.09306798384023102","0.08874973000105707","0.08780741729538162","0.08772205100041781","0.08709338681891517","0.08515103900838192","0.0846389526789377","0.08417689103887137","0.08095127260002759","0.07811999295907447","0.06706716176194917","0.06578928673850505","0.06489756833602003","0.06465504271750519","0.06288264524257758","0.06273028901971404","0.059358207600802654","0.057937689170959726","0.05772862055710231","0.05319298264823871","0.04917948613531602","0.046643647626341406","0.04412491307111403","0.0419974662129407","0.03947669875725209","0.03571772061549408","0.03487067507210917","0.03142114699571327","0.02911770666284821","0.02418328006809032","0.022778434574000268","0.02047938783355573","0.017652009280441187","0.016332383939345455","0.015057192678825434","0.014953471051368482","0.014819446414829488","0.013766899788202116","0.012662918154757575","0.011802306925164097","0.01171693369842368","0.01109190572986932","0.010576598224132762","0.010453523248594663","0.00971881001051653","0.009679457035725382","0.009430213376523045","0.008714708287566153","0.008681572953485806","0.00805877313550211","0.007903139726343242","0.0066578960212652725","0.006553944693273759","0.006439128574710582","0.00610338841108084","0.003966059534138366","0.0038923809231754757","0.0037789141764870797","0.00371588729141045","0.003359886849265185","0.003353728626011977","0.0031314232026578874","0.0030642607164175864","0.0030323468760210612","0.0028289559405448085","0.002576385552507378","0.002208080688448316","0.0020606503153177405","0.002056214314160036","0.002018767792859213","0.0013218154751765306","0.0012496233568280233","9.216610277804572E-4","8.979919018177815E-4","5.785618967275444E-4","4.902584416284767E-4","6.121556506590161E-5"
"27","0.25047916970642825","0.18510696114096198","0.2085751906147609","0.08889682344246096","0.173228793062429","0.003322008655280352","0.09473896371929921","0.03541270089714594","0.037856546598621754","0.10125712346255525","0.0027592020621693327","0.0016515889444115293","0.999","0.08723806664926086","0.013188195370563503","0.020390968299932897","0.0019541031392897334","0.031128388211807596","0.999","0.07917573672950227","0.05797565418905791","0.04333780292119247","0.07400891428125068","0.999","0.04650058035745386","0.03880188612218841","0.03529508546328482","0.06003270841021492","0.05933407872639648","0.061226991222434295","0.0851453393859903","0.8147152906441016","0.05688220753557979","0.034706660422683104","0.03708495817684316","0.7743113106148143","0.999","0.018566109169276025","0.7054313896151776","0.020230502967979024","0.999","0.03375302984540249","0.056062843830450966","0.032077824067604885","0.999","0.08557372679968525","0.023541541709681847","0.04255369085049279","0.018357673975713494","0.021928345532513306","0.999","0.012977001341884203","0.04975698115677926","0.999","0.007621560291801173","0.1343497049126462","0.09865519583951184","0.01612052722525093","0.012983594110895965","0.001913978378146968","0.19117609524499687","0.18366675441444325","0.013481532314276654","0.025775754844487454","0.05980151631420265","0.027099908411883467","0.02083660418094992","0.04304656437627567","0.025739456273723264","0.015491548405295335","0.12329817253543479","0.025571689654834806","0.016243075372023644","0.008228658070059262","0.0029282690817142797","0.005142162765819567","0.03776882536062786","0.001864582657299149","0.001835870883339624","0.013863584822804519","0.005288482414024998","0.01461398911502709","0.0029131261335080855","0.003249933531729658","0.006062456790094028","8.514130064328253E-4","0.0017396748430019622","0.020352694929445886","0.0028314314404457182","0.0016532412344843535","0.0019215213648288356","0.0016218321366920933","0.0015018343585660957","6.847407310890454E-4","9.448958981470444E-4","0.0010150784203923385"
"1","0.04123236280420633","0.050056491435756266","0.012541270794644649","0.01387072801334435","0.01045861816425929","0.21044280418837852","0.01924324582814316","0.017092062748273736","0.020878898846929877","0.0021655683209440913","0.2321329037879506","0.004280570479561903","0.07054723315702287","0.012582351661546495","0.06089792815714065","0.012324822573416428","7.445706239832734E-4","0.005793238300614306","0.0751729011598475","0.026892888833304388","0.013683267073823198","0.015113074962736325","0.030583830101350223","0.05990415096484666","0.020312689875395598","0.004766782481810173","0.001785811486941851","0.11388475565864034","0.00814221308903692","0.013186939042934972","0.0760938713215227","0.0584112029302473","0.012880293004457838","0.015794647131348878","0.01943018667652192","0.0665423967046827","0.07099524464363344","0.00671311876646059","0.11166908564339662","0.011768463281471289","0.06937064863040167","0.023306539121846933","0.09174410328457057","0.021508920153562417","0.08414386566066054","0.13092533873965773","0.011115763134135962","0.01196967938831154","0.004138238035019294","0.03647275702240865","0.07391110062718051","0.0043635832975134035","0.08848710516409007","0.0594799038731816","0.0399460309180979","0.04885229588349975","0.052414182793295336","0.007439446727584412","0.05996024480815451","8.598043308500571E-4","0.03505476491941351","0.028365646430030086","0.004300046016600976","0.011203711143126795","0.11302852259884269","0.010959324377904985","0.03374065881700085","0.01493812405392067","0.03355255404073571","0.07049304883726547","0.0024285849248744124","0.01023018979564388","0.012000049681840447","0.007512780906830304","0.2257901464613132","7.173761547467474E-4","0.014477788434495716","5.97885204652987E-4","0.004054020107108247","0.02299748478274872","0.002544982065955826","0.014077867687055745","0.0014564405845682268","0.035261968918928674","0.0014208498306626073","0.11214003412696075","0.0021245121660935546","0.03938156217862339","0.0040172607566691405","0.0035023516070771185","0.001434935973117432","7.981740819756179E-4","5.535136831715079E-4","1.8282786292597315E-4","2.4303331453720122E-4","0.001079057802487848"
"25","0.2756731888473608","0.18339984174204715","0.22345304191263185","0.14524366396339797","0.18131384512459803","0.004798389183407754","0.18395354075348197","0.023120065286497307","0.02526625468545693","0.17158241653271888","0.027071866983150443","0.028150196782483723","0.11253124515278867","0.14247695218264433","0.013675996471381858","0.033538845711093446","0.0020572850426817304","0.025632175812330307","0.10860267839220804","0.07890959363797617","0.6528379454471154","0.08696119222053578","0.5918074266969051","0.0931230715947784","0.037885126464695586","0.024562149694916983","0.02482743386905852","0.019556127298070984","0.07798192744316733","0.14722775688626064","0.4555678170401815","0.6128330096273941","0.08937127804969539","0.022704195648066767","0.024920079518753215","0.4634364545372925","0.1202746546968605","0.03475589503050587","0.3539873942766648","0.033226385761101124","0.1115168931946912","0.07612694842021463","0.38944246827829715","0.06809200018205536","0.14458751001364487","0.22969813169765013","0.023546997000835988","0.04398821982402473","0.01857344557058392","0.02624844477455865","0.1075434544266635","0.013387110395621633","0.10323503990245637","0.09255502038958995","0.014083892898322353","0.11419490197752842","0.015840366521484812","0.015242407788265798","0.013892103392677956","0.0019398594108273207","0.08213749367726349","0.10313956496293258","0.016540431493287707","0.024225634690899004","0.019601703652733476","0.013439481769176725","0.018197830312623786","0.08642415898431047","0.012055624335949713","0.03668433551712975","0.006444560602917098","0.009007450320090739","0.03376417319016988","0.009542053324839242","0.026434494192603648","0.004233530405494086","0.008284351510284949","0.0020772123144267864","0.02755949592338627","0.012419792472263453","0.0053088310826250795","0.005972382852094346","0.004074679626136907","0.003822339021316286","0.0046857416747734595","5.947680609475744E-4","0.0033235225885918755","0.018529036858631602","0.022440666199285614","0.0018475730993504885","0.0019240674913216741","0.0014924480160531167","0.001807896883734933","5.08134261241972E-4","9.901747687520385E-4","5.724967581312315E-4"
"35","0.05199381648162019","0.029132368582898718","0.027193475171505922","0.011383743959510695","0.0192125364129847","0.003229229511707685","0.021602000147096477","0.009320339128369793","0.01085223720855805","0.009486868379283581","0.007491982096277355","0.007109573938435464","0.009675144738234243","0.006029227513880049","0.014946036094182436","0.011764346469076304","0.00543751151990809","0.02303300266214166","0.00859703444276465","0.055836958844636506","0.016628707148129758","0.009737131854850888","0.024958250987397117","0.009616508980944067","0.013050559090207754","0.008007945298233806","0.007320150235541996","0.012375303342328454","0.004923627687885875","0.0067031570892565695","0.009219559354628485","0.007926239128278693","0.028146898359474575","0.003997204799936014","0.005715851284340852","0.060886902515699094","0.010468502828650434","0.01049882644014982","0.013522572359839004","0.009100258055673154","0.006274549906054378","0.006957013746134953","0.027811144748433696","0.006695100731850115","0.1463204053638353","0.0575710841533369","0.021996507710146215","0.02433898777931507","0.012308234738717993","0.007834119087485143","0.005235277728470441","0.01258432101843368","0.08353924535756928","0.006424108027863668","0.00413326479829025","0.12578773198125354","0.13171033563947793","0.007649359926586803","0.01032331150917778","4.391032684357729E-4","0.20480138558485378","0.1777237107083137","0.0035174230696594427","0.007755654703967299","0.009169837329144634","0.00580809464120947","0.028615495020511538","0.006234239497038753","0.025356147551614666","0.03405201020973199","0.19476202865448025","0.0065841035687194","0.08313774874405878","0.0016895792589242135","0.0010836232074818758","0.0023283075272814246","0.054241976590801426","0.0011137783116469688","0.0013365131522663557","0.01943405073922369","0.00257798144412446","0.013906577207739843","0.0010207480109012792","7.342860051321993E-4","0.0029366269824975767","8.448158950887228E-4","5.922432526488284E-4","0.017045328806881057","6.172146047194048E-4","6.090680834670265E-4","4.699322770174377E-4","4.503335180950614E-4","4.997553138311439E-4","4.542596048177726E-4","2.895758517637585E-4","7.663608318963752E-4"
"24","0.4637878247364439","0.29905251387409526","0.40130041672425304","0.10535950178425366","0.3305113333494878","0.0027855588197138004","0.1733087590670325","0.019742175414879746","0.02275921429508063","0.13161779431310686","0.005887286273647319","0.00703795493953627","0.03487394810352484","0.10357018683778293","0.014514503468464201","0.013835649251086372","0.002864761979290204","0.040827857602543434","0.026135766306143785","0.11306488762478539","0.062125554438634996","0.011925274176641127","0.07632629382593188","0.02438241696308823","0.04793857772090413","0.030366707976368555","0.02387571876308713","0.01320405998990234","0.07275227775825967","0.08253245768364725","0.04910143878255493","0.04168306829382925","0.06814213941175955","0.019422341605100157","0.02247356431624261","0.10251466564799695","0.03901493465197991","0.018193368170838293","0.04584914033040737","0.013730017954730426","0.03465015892308023","0.04001059850469102","0.05127359676447423","0.041586623392143106","0.1764111598214136","0.07343269959358498","0.03996960170601863","0.07257829835877205","0.02673388047097936","0.03498161480969233","0.025929248242761584","0.020598578205982463","0.13774481700844768","0.024388282718752534","0.028533557533401446","0.13567802620771632","0.13297860990877453","0.023702967140989382","0.014509837919689012","7.65019230222012E-4","0.22312896741302007","0.19829752910117732","0.016943874500456677","0.018376585121117842","0.013306168444628256","0.020945648663426703","0.011578306551842301","0.011939540743430463","0.0377135218452056","0.04959444788026282","0.1727972652459461","0.016726600458037498","0.02017966736120069","0.01635436641866694","0.005615405540717121","0.005768757587213753","0.06620688331524184","0.002814754798650098","0.006975583135416395","0.047770919979330445","0.004005244894824953","0.031529217296575374","0.004278585815823133","0.0033448594522882034","0.004952276813530362","7.623417329244265E-4","0.002123364384603369","0.07934663739393027","0.0018550868916945027","8.570713416362281E-4","0.002023424396251945","0.001414495814708456","0.0015562346027997997","8.2836779258858E-4","8.599682163515011E-4","9.034367700280789E-4"
"32","0.021183421818880256","0.01485503151527069","0.0026261606027898877","0.004042319857184321","0.0025361813648477026","0.002037706017267259","0.0032541635888004143","0.0016188614850670775","0.005334353969120236","0.002827878860096347","0.005324914447259344","0.002363170020695168","0.011906026684816226","0.003588484593159936","0.024457019301697337","0.0029345381015670894","0.0014292328047895682","0.0038321570582463466","0.012219545188862627","0.007808969327408245","0.006656213755717212","0.01718306562891419","0.0037032394938551496","0.010688933320073942","0.030899911274447626","0.0027624011455407113","6.824270339996367E-5","0.02113971339895226","0.003256736864636013","0.0184057030241852","0.015595056487123518","0.013080488490108667","0.0028676773603313185","0.0010812592021464031","0.004089232335605537","0.011925257160241065","0.01239337438345921","0.001670341697710985","0.02019001685642949","0.0024114226895786575","0.011692161982000399","0.0042656959183842375","0.014736170815975712","0.004173999413290674","0.011938598139713113","0.02213556413997981","0.033218135175149974","0.003054196842326349","0.0022557646143921283","0.010049419998680134","0.012113545088681144","0.007984851337349361","0.00743373890700475","0.010471609090023412","7.122563997647429E-4","0.025898489500628646","0.02694261998004797","0.02017940203860898","0.02322536576151312","0.0011600451381360846","0.013780163501157232","0.013853184594302135","0.0013970361677489802","0.022559387659761464","0.020993698729362437","0.003405364945889279","0.00991607403370225","0.017063070020736905","0.04696886016808958","0.003909386252436568","9.254164597693073E-4","0.00315241711871344","0.002597741467742968","0.05153097661390094","0.004161121537444528","4.6116095868486946E-4","0.08210483898068954","4.686037990307405E-4","0.0015313281658612139","0.2178014350513177","0.002170617913377088","0.08612967726424675","4.5795846805700186E-4","6.781750535387615E-4","0.0015079536176577505","6.906675515611458E-4","4.973021395413907E-4","0.8100389530874259","0.0020040304857598013","3.0611489268745907E-4","3.383268506156518E-4","1.7109342938561456E-4","2.7173802388304083E-4","1.108118766045093E-4","5.1104298704414906E-5","2.3329029578664348E-4"
"10","0.011875987138043312","0.006630625735321492","0.004346904002476308","0.008721384415565074","0.001279604600915824","0.0012422683061470833","0.008149567102388176","0.00731608946056988","0.007046452868588429","0.007984115306246795","0.0054707975241193784","0.004715880091599722","0.006810612660603023","0.004560031167085298","0.006895149468753283","0.008444338971239855","0.004013376269162063","0.004031115182393098","0.00523120222724403","0.003538796491336481","0.0099966191172755","0.006569223344364952","0.013474673734754743","0.005876106496728119","0.004380761350044398","0.004593842385688716","0.005502291396192596","0.008703841613266386","0.003988774946446277","0.003115417194612197","0.01081478059395621","0.010685719684714184","0.004844872192808241","0.003253662215345917","0.0031013436331030846","0.018020434647518895","0.0064112491082025545","0.008083192761119382","0.010738771039286532","0.0063676793727188985","0.003997877793077294","0.003451873144261275","0.007032987352657787","0.004249694324520507","0.03663864188588051","0.013134614790826844","8.85421218609575E-4","0.009343571843523355","5.1990492784366754E-5","0.0034004600884251215","0.0024208274369411954","1.4694245580917982E-4","0.08007944823410153","0.003200793500790283","0.0033555158351991077","0.020563186996660047","0.0073089770205108815","3.635162657305782E-4","0.003318587287881717","0.004174348315887061","0.023428368558491904","0.021866345420945","0.0030956279954355887","5.860163583059961E-4","0.006043166883112031","0.0017457302737324527","0.0032815417624312265","0.0036329787388924414","0.005635569140643214","0.031945830258238855","0.002547552809429914","0.0010668876467944085","0.002381156543389766","9.824719605490989E-5","4.888434917882645E-4","7.465564761057807E-5","0.004774618091266456","3.7438323478712865E-4","1.7252917508385476E-4","0.0029176567264087285","1.8256385679917042E-5","0.0024943683485060962","8.350727378013012E-5","5.4554205537909405E-5","2.768427199740961E-5","1.0952714290321574E-5","4.6489898221045256E-4","0.013399934198175142","3.349178844588612E-5","5.96610603658115E-5","2.944434306109341E-4","8.456727555433904E-5","5.675074355149896E-5","1.146779305712681E-5","4.1747166933812536E-5","2.143485284527212E-4"
"11","0.01457914856726777","0.006434143765688585","6.748591833149946E-4","0.006975878792424534","2.7394527245497643E-4","0.0037184631791553928","0.008476067837395436","0.0016495958489430188","0.004635651493245703","0.007358058315366439","0.0033449461833024233","0.0036069876807816436","0.0025039620318253746","0.006783367937614308","0.07647941963039163","0.0052161882082781994","3.019933027147529E-4","8.431645593574226E-4","0.002711041558018338","0.008557465301754429","0.005867133112439065","0.018923994634338488","0.007316636436374388","0.0021527173152967286","0.004707663558295338","0.003578846639326857","1.6412073075646526E-4","0.07511922113654189","0.002848126248878158","0.008330831045308866","0.04976456173833985","0.0033021131877299897","0.0034930140466401067","0.0015702159225768908","0.004489782801125121","0.013453422614825213","0.0024713391755989303","0.004952744880125697","0.04756237631648257","0.005158612207397375","0.0024603320039643935","0.008028465617157749","0.01422561973807154","0.0075256402921942776","0.009789634699423727","0.074841213285324","5.502302411356653E-4","0.001061723650161135","1.2904629031433508E-4","0.0014282189876907198","0.0026710140430319194","7.087146567481611E-4","0.008203261484928996","0.002130268418395218","0.00100234190501464","0.03422431065452119","0.06592148491662386","0.002107208967560741","0.07550651544307317","8.209764365436666E-5","0.02000668135450328","0.003344962209844536","0.0029177802307217998","9.881752577378508E-4","0.0745783740306069","0.005254620465092505","0.019629080168451715","0.018759254297859348","0.009612466247978678","0.004875682449772011","7.280165975324495E-4","0.004858203222826495","0.007394104788538731","1.0535606315828848E-4","0.0032318897054863234","6.096961083984385E-4","0.002119709396646808","2.7651419648879323E-4","0.0035079040905943225","0.0037141758783855953","2.3147196886376677E-4","0.0018563135930962044","5.699855506958665E-5","0.001520524102762957","4.206379211701958E-4","0.004855411232171215","0.002411621034598415","0.005866115404503906","0.0014256578803435514","1.3620430659521792E-4","0.00164351429671439","7.674996708629859E-4","2.347561094259953E-4","1.5240681804757668E-5","1.4551194480847204E-4","9.15746395370141E-4"
"17","0.2501661307551784","0.1566907159435708","0.17336925739154097","0.2791001225105092","0.14301663336283402","0.008954722977261518","0.999","0.04090075124143057","0.040852620180415015","0.3163435036563571","0.0054485028788653165","0.005765044088548905","0.08396601145284588","0.2694542018149016","0.0913194544349298","0.999","0.005482382759906579","0.02580523960110791","0.07169123785123441","0.07715361158179937","0.057071101395410474","0.02637685697862444","0.06357760665863112","0.059781540596308844","0.057657761359896614","0.03060779914137255","0.02752560722296641","0.8849159324505111","0.07380963707080597","0.16100054346752218","0.5487536441167622","0.08120692951174613","0.054944731310891844","0.03640174581277659","0.03644529477791492","0.09389906310348854","0.07823317411858195","0.999","0.5147452222283139","0.999","0.08066635462621331","0.0505634941325964","0.05264364089977534","0.04894070006394429","0.09354024909026032","0.6230957868724282","0.020878877467628846","0.035912221329930855","0.017060238350734686","0.022464267148123596","0.06832809435679632","0.013649756378076394","0.07868153217626164","0.05684941909561334","0.02900896630743592","0.08697215825097208","0.07891315632823143","0.014631288284099674","0.08704005528419637","0.0015991443885756463","0.04623046792208899","0.05373022850391777","0.019327216534080028","0.025391863603553125","0.8738143171878309","0.015895815402310907","0.027209149367780353","0.023703272666868763","0.026738384362238615","0.029201867140728782","0.014605681612647328","0.01398018019096188","0.015498487739388618","0.009705797161308963","0.0011306289874156049","0.007164517206409761","0.009432500073641041","0.002003824196980376","0.0016610693952988174","0.011056250799350258","0.00789015294302176","0.005996218895767205","0.003754469924902218","0.008513550132781714","0.006742347612348196","0.015128523511092371","0.004958976668971211","0.015286970637929845","0.008049663742725807","0.0030394009362731916","0.0029145494626510054","0.0018515936589333247","0.0011171494234384436","8.069984702221589E-4","6.435623311402785E-4","0.00142860637671413"
"8","0.04745485689801451","0.017117424185658633","0.007773250163407879","0.02228414380801679","0.007015082994321348","0.009847610652334828","0.01972453306054409","0.011520644845933872","0.02244129401337641","0.014476473473890425","0.01061366895957056","0.013693306015809117","0.08268632061275973","0.02153299796475307","0.09199843057156569","0.020271191776361525","3.91781934591489E-4","0.005764917507214201","0.08736545902157127","0.02603385304241805","0.019162392240988056","0.03194283749226136","0.02138633553029933","0.0720314902886444","0.007492964429997968","0.012042200696408304","4.209869986326713E-4","0.999","0.003987919662093981","0.01381773899035475","0.7151796332903511","0.07070804822154457","0.013875864290441313","0.010975729928108108","0.02168087601870764","0.07217058269654639","0.08450753453284808","0.015411882650536415","0.7540485576696733","0.019995389418024628","0.0817879188411949","0.018930577161152266","0.026990117783131796","0.012507566828514052","0.07123008344551522","0.8669587939434816","0.006557545977610117","0.00420656852864432","0.005061993645313477","0.0049477563959469065","0.08635091085003097","0.00596930665859505","0.014815344259646564","0.07153750340246216","0.008445026782815104","0.08016792624327528","0.0678978827160627","0.002939878059626562","0.09067121373230495","0.0011181850196103054","0.028414235412492588","0.04049724206639408","0.0031717796194554518","0.021051631284007877","0.999","0.007391051308074967","0.024665953908067712","0.03169057695271846","0.01188253778708758","0.006516487199049161","7.932812787592362E-4","0.008223644850697131","0.00678183209133487","0.005519479751585397","0.010359994669669742","0.0011871048700776872","0.002368130071936788","3.368268181285919E-4","0.013356013197676325","0.008132253312888738","0.005985657218160924","0.0030557683347901396","4.418533209837795E-4","0.00534499821565262","0.004537999630007068","0.011413246861040859","0.00259474564926795","0.006725931052527193","0.00338735441197554","0.0024816622461694086","0.0017164028055507926","8.618242958133522E-4","4.264837026342663E-4","4.8383657372605486E-4","2.1067790127925862E-4","9.401052868387695E-4"
"2","0.012362450544836097","0.006448315188045697","0.005666297551371319","0.006358282544387636","0.0025632187462250344","0.001038401132386136","0.006027345903324403","0.003058000276135215","0.004327163657434092","0.006160151900685366","0.0036650011283627794","0.0031319104567115222","0.007382042601136548","0.0037108976183136077","0.0036128794810731707","0.0040115779045540164","0.0026070698829058388","0.005653676555398498","0.007293025598444031","0.013918635470875731","0.004591981425166022","0.012219254181060492","0.010776554406895728","0.007647298302711226","0.002571923454024755","0.0025983248913741866","0.0014172756719155227","0.016171521577239188","0.0012693325969377332","0.006549168483166953","0.008952243558016278","0.0054690574332050875","0.008142758105710154","5.670588662729743E-4","0.0018746534536431552","0.014347112155191388","0.007496984539232538","0.0038397896946400774","0.015737605606925064","0.0026874606141562714","0.005555715636881048","0.005856638408290216","0.0014851403432520425","0.00538520970597311","0.03578036065999951","0.014349450279600606","0.004642795303319897","0.0077582163001499675","0.00194220156208538","0.008453572612082782","0.005502925473468197","0.0013616269090882534","0.0641336110905619","0.005915972471891519","0.00787573007583615","0.029316702466563198","0.004930325411736797","6.632760719777327E-4","0.001340326789666128","2.0080899772442908E-4","0.032994753303443376","0.03811125059708425","0.003830044512331211","0.0033239421829122204","0.014428807744730758","0.058968562934114954","0.08887173695781109","0.010334790205566153","0.010066372455758211","0.025879106065238546","0.0029978840395455775","0.060209227374877335","0.05774757522419553","0.001407541308408985","5.432792472214009E-4","6.407322475064229E-4","0.004711481921023449","2.69135122652882E-4","2.345951932277118E-4","0.005589731147120092","5.72288075092843E-4","0.0027963018598163927","3.8680004365095364E-4","2.7772187114463416E-4","3.4568508426006977E-4","3.9135853282462805E-5","3.8859139513048186E-4","0.013545100627805128","5.471130092596539E-4","1.237047970369357E-4","5.198284684742477E-4","6.739163764823328E-4","3.499034761678401E-4","7.020077176290254E-5","1.8531365218527962E-4","1.8567302484286688E-4"
"26","0.281690199572004","0.21129450563084778","0.30053203120894084","0.08535553490478116","0.25315821862247334","0.03613695685899337","0.10660542543756511","0.023270931454381392","0.02643578093686207","0.0989505009795404","0.0032578694980776395","0.0018764493390335103","0.992047493753092","0.08369803207893227","0.020151662197434382","0.01581098202800492","0.002737511579873424","0.03379202581180724","0.999","0.10341796810743017","0.05952011251737064","0.017335727188021215","0.06753259573908964","0.8864366310328484","0.1049080278751074","0.026136663775926168","0.022267690616237505","0.07122104489986857","0.058070207513443765","0.0769935064427335","0.08277519703740154","0.6825906265419308","0.06602007528462679","0.022713124071201046","0.025828517175387478","0.6412776509634053","0.999","0.015053334944245274","0.6152061591936401","0.015623278319344156","0.9834011974125855","0.03941831584835294","0.031050925885285793","0.03773698482579456","0.9487908190719112","0.0672837369389507","0.03777890030928396","0.06048147447223537","0.02449961079149504","0.05879230059250102","0.9960042845009833","0.017034706676999228","0.11147704626621181","0.8803408674492185","0.21186102880007493","0.05555204778588049","0.034314367845927465","0.024172041285654314","0.019824030697457713","0.0019369613518273017","0.056492536080227224","0.05293841982166044","0.014908601322549423","0.018925804869427614","0.070789159682201","0.019639836409241974","0.014301858569001473","0.01708944452422015","0.022974999379440406","0.04011445836446395","0.026548384138056946","0.014037692759468404","0.01102635509533159","0.014810368082661927","0.003086026958630255","0.0077639779635230236","0.022581559423341255","0.002427897470444088","0.0018328474672969154","0.03119126187091573","0.005638231016202278","0.017781826112605332","0.00527617713226686","0.006335467736510446","0.006839809933242006","0.006981404199814503","0.003179062121495388","0.04368722050504713","0.003324623326740726","0.0014932611834470582","0.002045295399360843","0.00250348526487391","0.0015487595100824618","6.824495478970562E-4","0.0010545120391048759","6.508816604978579E-4"
"13","0.034256487218198316","0.023255448302696206","0.01004247416815229","0.01608181217938869","0.007538295670880365","0.003374493282799797","0.01246732365394611","0.012212359212251101","0.013844938012920251","0.009226211522649711","0.011959613236691046","0.0093629029875089","0.03719693502169165","0.007975719603444332","0.04107184698450085","0.012388233938105415","0.008421341815802052","0.009620056226540571","0.03764113605196079","0.01095770624344557","0.027690111455261172","0.013186826080872975","0.023076627927877215","0.03366182161634793","0.033043623289404446","0.0040800785131384545","0.004463219412709867","0.0817578125782392","0.009010896394780558","0.023121745863751736","0.06759564100000144","0.04896485012900062","0.009010100432751723","0.004199158639550874","0.005435753563547426","0.04535426735770672","0.035754931848380786","0.008388297911142758","0.07413077582907703","0.008138670892994842","0.031731090623443106","0.008384904051597827","0.03128718863779924","0.00884190381206203","0.05453094313777487","0.07535050602231769","0.03156894026769957","0.011324570950446543","0.002201498309955382","0.014717575973225965","0.032196988249584696","0.008082131204435362","0.061025339525083544","0.028486596572653514","0.004963060821343316","0.034264432887911866","0.04019719840265201","0.019930765831977355","0.03321827428122005","0.004399556222814292","0.02611060644225173","0.022015027475470576","0.003928293156016112","0.02258602981223973","0.0764283343536897","0.006202612831111048","0.016976803092667633","0.007812761671457079","0.05066302533260485","0.026407161477455404","0.009172712021883285","0.005548935579978905","0.009422985752638715","0.049715488360216824","0.0018643607805354824","7.852087299306671E-4","0.08041938540806652","9.04618190170012E-4","3.150139465837869E-4","0.2024132265672967","0.0026914171837285343","0.08194349643107188","5.909245400678631E-4","0.013943512235222595","0.0019173397217304136","0.04370007810928601","0.001222446095324592","0.7634274905806836","0.002188071781787981","5.831078864362012E-4","7.433038001856006E-4","3.835514334758468E-4","3.3629674303374194E-4","1.405916708917503E-4","1.3882044540446383E-4","4.605695336427842E-4"
"19","0.5387600690193581","0.40467277144768055","0.4303613208185471","0.17198195315092743","0.3537899599685384","0.0033914896575372696","0.23481436738086542","0.09590085728269547","0.11701974410776839","0.19355097785507108","8.517001427349168E-4","0.3775169357708892","0.07657218676264071","0.1681957803533122","0.027148056141022982","0.053077189989162187","0.0022806614650473043","0.046200787155867284","0.04607285286888927","0.16442823251616356","0.3066826752502381","0.010306682172924802","0.30026149279619335","0.025298882296755337","0.1051888308795525","0.11906769810251296","0.0917882134037424","0.025529000581494096","0.1048614732681733","0.09456939641551125","0.05905461830343907","0.04734534813524977","0.09668551781742667","0.09338633141234715","0.1144295916004467","0.08700239979808595","0.07392451581758894","0.05098423006636003","0.10463097055603844","0.05250019583073822","0.0754420213497103","0.06317531928674608","0.031230178992206377","0.05399567628254246","0.10587405631845637","0.04567904610782029","0.04882025820755922","0.06312894634862147","0.041460980307605554","0.03278567839745657","0.04507499201151709","0.02738425379442065","0.1278490690338709","0.025236131987702033","0.042619754958340875","0.046466157482861606","0.0402729589217429","0.01817843913564442","0.02713122553954108","7.722600063371519E-4","0.05768691202911612","0.05310939296755098","0.015626997661652653","0.012146689854764955","0.025463012483499543","0.02661812136631932","0.010424586895107944","0.01023027545425947","0.009888175994454454","0.04250378210792137","0.009234108048905692","0.018160740715521106","0.010373510281156245","0.010601182785078135","8.084430854522739E-4","0.006468069660278932","0.011256843064573837","0.002231071323046703","0.3692730541091017","0.014129629194520238","0.005760120813795674","0.005817587125936504","0.006007428323936033","0.004056714347250429","0.020005794470700704","6.228635665947243E-4","0.0034741261112873935","0.019792685767745018","0.005586004923862437","0.004760698636498141","0.002335492549338987","0.0016478563073820118","0.001350511468940432","0.001052643209054096","0.0010194877447815263","8.00364632277257E-4"
"36","0.04509846205103724","0.031142844277984413","0.06808120875528247","0.018854421594038134","0.05776552563618807","0.012191632080264901","0.02813105313437452","0.0011400724851039603","0.023835728491031695","0.024657702832010627","0.0038739591628717293","0.004085467464177083","0.01262551990354778","0.018456899150072262","0.003946593125818041","0.014335144927113871","0.002144897251319582","0.023875515032175235","0.012261310527009432","0.06565500967181623","0.04167885220704246","0.006973030245213682","0.044937360685545234","0.014678101850237383","0.09403745943157937","0.029342020812144425","0.004438108183791067","0.013168187375790069","0.0038317467446904634","0.024852032662921263","0.01839031023175797","0.02648981479724785","0.04068894874477782","9.950834827589356E-4","0.023351334761472015","0.06038236836552802","0.017283524809256177","0.016007186439596314","0.023228348990199297","0.014215624271808372","0.012455387014174155","0.022276369762771683","0.020452973216560196","0.008872926606253292","0.11573792234233828","0.04411010840089034","0.02915438539842057","0.03954530470321422","0.016567583404956343","0.05311017489923927","0.012180871133654453","0.012021671148659461","0.11160227968629192","0.0145524684163272","0.25791161191155765","0.09012052781126248","0.08056276574139422","0.012428228344951086","0.003941427604794123","0.00424613980567977","0.14055071328182936","0.1256015653541097","0.004321585365872393","0.009036597201116492","0.013037243044921305","0.010543963106125208","0.008136108900150346","0.006903613766159834","0.02201497214343841","0.040317117651616156","0.12445263417761616","0.008338784640190536","0.014695102074229088","0.006740177807962308","0.003751568213849748","0.002810391694448663","0.039973160735433895","0.002109521415603513","0.0040316150437516044","0.0112474082574669","0.00261743969797554","0.014875444194073792","0.0035092662277270877","0.0033377025095544703","0.001387943852899091","0.003052882546156924","0.00159377691548894","0.02190944903791594","0.0020434387835931564","3.542299295964346E-4","3.167583715930493E-4","0.001798635298204595","9.314166991695409E-4","5.543314275684719E-4","5.293795835604749E-4","4.071516861561045E-4"
"22","0.21586378850676707","0.13826251574345244","0.1999099800784153","0.05492658844153506","0.1672500213697347","6.08262162713777E-4","0.09072589852641215","0.0021745781146906623","0.003775344344226347","0.06692355367556482","0.004463544700137304","0.0018541066483389454","0.015993267181963214","0.05407565608701915","0.003285417798056608","0.003399667689331073","9.89077082105665E-4","0.0211175403535663","0.015577008292685475","0.05697014421961044","0.029401799086093226","0.001992322827034898","0.032405825056550944","0.013921582368621524","0.00911968015586414","0.00605502155119657","0.0017950822805231786","0.0028834141322147885","0.03561310614026983","0.04955603653460978","0.023796464135357593","0.020813382858440487","0.03354529726901848","0.0022692885469309046","0.00393332743416763","0.0472399272978186","0.016627722745175273","0.004627048824924677","0.02171099586154494","0.0034516946944491487","0.015961770074815224","0.021918373098627306","0.02771939537794427","0.02252997586315501","0.06973259794411697","0.032958842174529386","0.017588586631197323","0.028440178503536924","0.014090513077874282","0.012860146058390119","0.015470171206273796","0.009674239725977722","0.008952821031676867","0.013946972846011705","0.001908083815382527","0.05367368543397986","0.06644239261740989","0.00980061564553377","0.0034524021602885422","0.011022559710817373","0.10425029188433663","0.09020713051061971","0.007273875545443183","0.007414775298027718","0.0029629259785978767","0.008617713574802281","0.0013593653942405221","0.0020388540127450044","0.013715437871798408","0.001300402960941052","0.10847605590816933","0.007589440618195234","0.0033958513059142302","0.004142827669824103","0.004400453062044207","0.004189794274653034","0.026382972620455004","0.0010437131296331444","0.0019773766868728393","0.0019125594784475302","0.0019317761452268985","0.0068365512465619","0.002041837777946663","0.0022009662613884434","0.0016757173824187065","0.0022084715758364667","8.283798161126045E-4","0.0011232889190199706","0.002203432860780061","3.6662183483270115E-4","8.28494805848839E-4","6.698827013942739E-4","7.690074289745053E-4","4.383202579703677E-4","3.710840748769385E-4","1.7162524141188962E-4"
"28","0.3246452778205513","0.21988898869874476","0.32307087504384596","0.10654931839393446","0.26869844260821985","0.021496773696975616","0.20276741968535494","0.004581109632918282","0.009081654804352178","0.13170097361195052","0.011592930646834124","0.0024731852147280835","0.01947677236833941","0.10481123336049337","0.0091933251560237","0.009154466922606165","0.0025742973075306096","0.032414642308613656","0.02121305636903513","0.10970173252613236","0.9693654782180183","0.0043373820882554835","0.8151661996835091","0.015990367541857776","0.024258764424224692","0.01394740586133472","0.011183808107985463","0.017327395689980072","0.07275909653509446","0.15732219279800894","0.6801999258963735","0.775896133911468","0.1306389614354118","0.004685063547461115","0.009296352330433712","0.48083617678003987","0.02320981280234942","0.012098608449516515","0.34479927306142394","0.00919944813109258","0.019431820225521722","0.07647817696860305","0.5701757910566752","0.06371561131970956","0.04392112395598491","0.3116640745178723","0.0318872009705491","0.044808257687425225","0.026961447131358385","0.03228765400790154","0.021005181363722907","0.017691700804863916","0.027184366806524404","0.016055119986705568","0.010424466844487295","0.01095672279815207","0.01409027908919113","0.01609741554694583","0.009613570612103115","7.528374818369866E-4","0.010933743040940852","0.010885920860566592","0.01359134857833741","0.01107671309046808","0.017505304457180848","0.01727726522966827","0.006264957267894834","0.004507977694981225","0.006248007791327765","0.00574228249251518","0.006258170601621128","0.011175868754017566","0.002374721524756852","0.008135652111992525","0.011551841827104264","0.004905604687099757","0.003116536657728045","0.002768376351730658","0.0028200706800111915","0.003946366215542606","0.004241373521154934","0.004534690821897864","0.00440301063715219","0.003044030810658001","0.003239390456377884","4.699452931755275E-4","0.004158651955061585","0.005756716422079241","0.016083105262496396","6.57984482969244E-4","0.0023172414110259297","0.002010537697460527","0.0019853254033025585","5.81022489242887E-4","0.0013100801971266357","1.4920285806478486E-4"
"5","0.008460695632831096","0.013164634696153829","3.9340517203387005E-4","0.0038102013734675508","2.1944058242843287E-4","0.00758155351695772","0.0012576584460774161","0.003657650492611219","0.0037093099908200146","0.00148896941915879","0.0018738292626206124","0.0017444237708306189","0.0050646975688732505","0.002158700941799779","0.010419863652002362","0.0013562225426325886","0.0013472030485148626","0.0017198138818558682","0.0047924356436391015","9.148756070150982E-4","0.0021688660330242437","0.002632841061371818","0.003008505221263139","0.004257069538262696","7.451975747424477E-4","3.1093758402164876E-4","3.522927211770346E-4","0.005396860488189347","0.00868381248329344","0.002661102309409211","0.006859311298731982","0.007764579250153519","0.0010636409248943044","0.0020413859162676496","0.002128117727140893","0.005699780092603983","0.004072311083284693","7.860806765115863E-4","0.006075536468778593","6.433459967411567E-4","0.003966142195617498","0.0024202083178079758","0.00970457039704862","0.002536753286307421","0.0057710875624290186","0.005898063711824706","0.0014999029223685574","6.099518260380742E-4","3.1449405729737465E-4","0.0038937071856386877","0.003789312594237746","9.807734780337947E-4","0.003876501951405445","0.0033280981267655475","3.367271856223979E-4","0.006443911043479956","0.006401468694189824","0.001572795143948804","0.008927796825085911","0.004874634348379683","0.0068620522003018875","0.0061974562573317606","5.887369689402486E-4","0.010631981961805547","0.004468475115452023","0.003081634830716316","0.005717505661470379","0.0016289629270519377","0.004731988155127223","0.005008832493494676","8.188231559111341E-4","0.0031952383713346566","0.005629996152238504","6.593819722884929E-4","1.737226114821693E-4","2.548647017701083E-4","0.005691229285432839","9.750558462968327E-5","8.781031477547268E-5","0.0012816785908960017","0.001655733082421644","0.007398607149175646","3.466318804574682E-5","0.07965318907266694","0.001452523710499624","0.25893915029485165","1.6834561308676286E-4","0.0013946738764650563","0.0013728529636401637","5.001829502748189E-4","1.016479318801895E-4","7.828698986411147E-5","6.610917802547945E-5","1.775453411083566E-5","4.545281327989557E-5","1.7559139920159664E-4"
"29","0.05433138694460723","0.021732832497983672","0.020730377732887672","0.015526219263266947","0.016374089183597926","0.0028169859137934994","0.020340967557597255","0.012975608648189403","0.013094024474763372","0.020638896098317348","0.013076369003618039","0.006390824434298204","0.10167728862505965","0.015551100287197606","0.01676988851901446","0.013432552371114672","0.0014722658713672834","0.020058196250914453","0.10110377571270619","0.016725700736860576","0.010228998190309365","0.18240694834805524","0.05449331571322605","0.08911459345671685","0.01766821023169486","0.014214191213436646","0.013279750203803243","0.02393170447964446","0.013016772033872725","0.012828216833050838","0.01851798631579274","0.076092196627106","0.01515941116836739","0.013103375154797585","0.013162075838106154","0.11611875685033131","0.11051752622754024","0.015466666703036062","0.08529567336957754","0.01335596127493694","0.10078696173817342","0.023668538816662175","0.0362468063611484","0.02050809151312651","0.18592520388737593","0.0692995472689171","0.005432969527636713","0.026777920665704207","0.00303111085251051","0.011796709500636002","0.1003046289684652","0.0022858214247404806","0.06914882590003711","0.08875064238080951","0.007527158649382491","0.33207235844019917","0.13994779553784817","0.004176732356700313","0.01681852452107873","0.002294496603647175","0.9679520790234212","0.999","0.008352264085997804","0.05067153963936722","0.024039662357759232","0.05452365794024624","0.06454997564112151","0.18149727690747064","0.03484913913841113","0.0258158590349732","0.1350258655005621","0.056193557293857846","0.04383547974915968","0.007892982399121555","0.013551347624036685","0.0013120517751990175","0.04259882310922513","0.0018028106671826671","0.006695442815750234","0.0044104939870931135","0.0036878209333828585","0.012372459009032579","0.0019535630494122093","0.024379460529175525","0.0034754557162923385","0.06836480427872688","5.989910642746256E-4","0.015253816955880467","5.713375781242353E-4","0.0013493033482230817","7.677882224694681E-4","0.0010473089907792866","0.0018629366685889103","5.858883182018299E-4","7.281561285230387E-4","0.0016871287285839037"
"21","0.02839904984913268","0.02171399106478164","0.019326144622026205","0.0010466242017727026","0.014236953658121288","0.0013180047170295874","0.018151588872187315","3.7353352033259114E-4","0.0011394206457800006","0.002499779253945592","6.937330033286255E-4","0.0010579542603224134","0.003316537159692322","0.001119446688454156","0.0027998882905998093","9.42591269379746E-4","0.003834895813138449","0.017031259000387513","0.0032820117346881446","0.055035747862965945","0.02330729033959221","4.948657284645375E-4","0.02619831468558277","0.0072089311364887335","0.0017190370818393186","0.0032051431464122527","8.662818070133664E-4","0.0013401377203635311","0.0054195279344596455","0.012777561547854867","0.006671319044624186","0.007482799605479759","0.03722818309470477","3.6309515564856394E-4","0.0012098084086839102","0.038202662006681855","0.004169403181205058","0.0015083993985172905","0.006915975266677285","9.841288704960734E-4","0.0031322201340664583","0.007039291130866209","0.0049638988025329294","0.00529710059011696","0.07018961029859581","0.006048256926172385","0.0178159842763688","0.002969691256174426","0.014918739051286541","0.0012800952207499834","0.0030887692524618456","0.00998461987638147","0.004518331267330403","0.007019128933918918","4.8434994240188913E-4","0.005590373072590461","0.0053163619097750065","0.002031919214925017","0.002843678360252346","5.345593764543017E-4","0.006852299741651449","0.008098137518468166","3.90394109177243E-4","0.004492624919747323","0.0013300934012479","0.002904226074221168","7.712699153375435E-5","4.921754845525654E-4","2.889818760299835E-4","2.951843929558846E-5","0.004066431080807733","0.002235387798364096","5.077758442645376E-4","0.0018881367422168287","6.921435004430045E-4","0.006518081561899161","0.0013630661285254204","0.003592529267088097","0.0011360664358885649","0.003462878221678195","0.002008038818951035","3.1359455914265253E-4","0.0011654540928675002","5.646900203485047E-4","9.620046428790395E-4","2.3365145048905944E-4","6.145831174464649E-4","0.0016811270702353875","8.723912293587246E-4","1.406933118690735E-4","7.143568673864331E-5","2.9813875385363065E-4","2.856925372792234E-4","3.1965468373356277E-4","1.2499796113590338E-4","5.184174846047031E-6"
"20","0.3017189128977278","0.21216446662829688","0.3238574480610529","0.07547947866782179","0.2613327507496036","0.004896202358597353","0.16485500889005325","0.009672308662647492","0.27963885259507487","0.08544834092091426","0.004040875901845561","0.005638360131085075","0.024654907178027825","0.0711800959743671","0.006513193018143615","0.013034192198117418","0.004032476268965908","0.042092803397810644","0.028799837000741946","0.07102373318846633","0.04424440488220789","0.008018034803084778","0.05062016347374471","0.020132461576430304","0.03251074855123469","0.3205693032544389","0.001192640571299026","0.005484700069393045","0.05103377312950842","0.11607164268618217","0.0343000118513364","0.024089783255073854","0.04328276018798828","0.006818174090891036","0.27182153979163276","0.03089113461026846","0.01850258217091945","0.010851186387940965","0.032598285333408805","0.011494061331912345","0.02247414691405553","0.16504372344985818","0.026813578899115627","0.059493846645690705","0.03665807251790081","0.017028338125300416","0.019055618737631126","0.03859337569168313","0.015774216153631403","0.021439037178349284","0.026670772900342903","0.010462839897716068","0.013858018167002164","0.01812978382198851","0.04720416763192471","0.022960062344001303","0.023152338218658555","0.019538069533990315","0.004121249873565517","0.008514931747108828","0.005217714097114977","0.0073257436425204926","0.018916722825749608","0.019343863885557023","0.0037020735710264806","0.012058412886648145","0.015483946587542931","0.0059405390676483035","0.034489094717992996","0.006667049902598657","0.01758113784366924","0.007795043762806574","0.02989869608438998","0.006805563483726621","4.738268925742745E-4","0.029269267113711646","0.006437120874673323","0.001448549146569159","0.002631063638048725","0.005334637620559837","0.002210702412318409","0.0027653636362347587","0.003751431145708852","0.003255475682434993","0.001992629273896561","0.0029247500691871983","0.003163582257728048","0.003229030912395283","0.004809673904851751","8.816196566120894E-4","0.0018625712296250155","8.973601555195583E-4","0.0011721166144023271","5.148541488120792E-4","7.249567054847012E-4","7.806434748055789E-4"
"12","0.02919165650172531","0.0037656868755103997","0.002077739134919054","0.0027735007994478316","0.0013170367318758689","0.0013568717510972588","0.007966791952025177","0.003408192843661456","0.006683341608836042","0.003174782543895392","4.7211741022792057E-4","3.283779386978183E-4","0.014382613453516402","0.003094981919768445","0.01858144546086706","0.003275239849561129","2.36426808986674E-4","0.0072890179156417855","0.014632899401755012","0.007487701401651601","0.004178642175524634","0.21270586914890072","0.028153705335014337","0.013048704501292642","0.0040770242419357625","0.004299724880603517","5.36214827001509E-4","0.014311587816055269","0.0016740949536147233","0.010200589260676875","0.011484768346118928","0.013370306063363105","0.004544515601064388","0.0037403968335004687","0.0069017853147649065","0.022907084456623594","0.015468788882616366","0.0033597993348191634","0.022026219796741516","0.0032089905186705706","0.014250776477116549","0.02173258623464","0.004377550996677583","0.018083612704002605","0.023443468461906928","0.015508289002822716","0.00402503070085601","0.010139574350406699","0.002324547837885468","0.001366768703673466","0.014640872094175337","0.002180974353314737","0.022221077001115055","0.012990843626160088","0.005679624312474454","0.2338646058177898","0.012777623936984193","0.0022137702226726072","0.01864107929328742","0.007980205550147775","0.15859324737947922","0.21395197815326147","0.001433798055920537","0.041653428695017584","0.014242308686381664","0.005574072476641102","0.009797499068297466","0.2113033506695549","0.0052728068592790755","0.003899631610474993","0.002495056244240224","0.005877873906676354","0.015465176246788746","0.010992307287700226","7.643494336870948E-4","6.641056366368101E-4","0.007364647554816381","2.3643542559687554E-4","3.0472126414555464E-4","0.014061984754241275","0.003840616356519843","0.0058232345437309666","0.001505968839417596","0.003965584701717022","0.0032119873930092253","4.5850370430561185E-4","1.412247667069655E-4","0.019880302467542545","0.002020686443511256","0.0011299389566176423","1.045288239381561E-4","1.1677512434040439E-4","0.001251066437250444","3.2996121685315266E-4","1.4336483457962933E-4","2.9319927089822655E-4"
"31","0.02904578919248925","0.02331364373546104","0.022840065051420645","0.009629022433295236","0.01698112267003667","4.5990197967962234E-4","0.01858138652988312","0.005746433343850741","0.00638126044005149","0.008528947830344297","0.00484646891089656","0.005025238294852126","0.0076404590262473555","0.00574062423295797","0.017535376587959464","0.008499358499557057","0.003657146167101073","0.01853102093623115","0.007023952771235581","0.05302922666286089","0.02248427861789739","0.006218766467727732","0.021092186922329854","0.00639654617675325","0.004392775355966852","0.004455301405673233","0.0028228972705856507","0.013237803747875395","0.004378240723603938","0.010661183069377422","0.014270503529611489","0.01182366486591181","0.031703757886907866","0.001911580696280891","0.0027299380764342087","0.015681777310286502","0.0056331868795660815","0.007577435665406761","0.012444954686203897","0.006602589068636136","0.0050044059247863915","0.003779355018858081","0.006249097820714837","0.004406988350970103","0.010870081352318695","0.013428047100714331","0.016727649070567042","0.002797378556598546","0.013975769111149472","0.003406584179240841","0.004335045522814302","0.009414760722129533","0.00391568146816168","0.003887888677511479","0.004245030064270182","0.005647513304147454","0.013418643543896096","0.0012059025507807689","0.014076946802293393","3.4824555121248083E-4","0.003895185236751187","0.0011172304378348423","0.0011742334024428776","0.004472953562753471","0.010709518589229467","0.0015183341913691684","0.0032055344598587226","0.0034617011116640974","0.001754972749753558","0.0013797254820324687","4.7603496127114294E-4","0.0012832115444671804","0.0010156166265428625","0.001994747433807455","2.0151835531336912E-4","0.0020649626336565665","0.0011122707971613858","2.431872159863807E-4","8.463501510179542E-4","4.035911314555509E-4","0.0019445952024170082","4.895330129937779E-4","2.424823842481761E-4","0.0022916444843306258","0.0011693469706015591","0.00576815799651503","4.875029575996866E-4","1.3805572127062563E-4","0.0015687450705591792","1.6018837662266734E-4","3.2792293785650727E-4","1.840199260294718E-4","1.0480356841336465E-4","2.998933673628557E-4","5.49201126008341E-5","1.334219204306419E-4"
"3","0.026932762951726343","0.03358297331216674","0.006469148669270513","0.01887928616908026","0.004437880280231251","0.014722958868946858","0.012241965715840155","0.01860805217364995","0.01961950319112868","0.010539170395006469","0.24351658069309387","0.009629636672405335","0.014916463601904347","0.01777838372137322","0.010334808258234887","0.01168269546754723","4.003362661242291E-4","0.001487332333371399","0.01610463072297123","0.011792863553909003","0.013336216179983134","0.004378350101189007","0.020789119277854397","0.007857933605462275","0.005636583401133788","0.005972525068738021","0.006099044637971826","0.01613454572432151","0.006446309502802689","0.009252780419290162","0.015954651970791458","0.014924222701500421","0.00493164477444435","0.017540361853642616","0.018537881541283614","0.024355315964600176","0.012188407311641569","0.007075527694732393","0.019893018184551716","0.011227153978386875","0.014317867432926398","0.010674623216991514","0.08459747784828323","0.011478203005884584","0.040854378210355834","0.05337362044286725","0.0011600337549137552","0.010452098382343705","9.276597278862564E-4","0.022950940395553534","0.015477691666186056","2.3973691165494302E-4","0.08726156230040218","0.007787013168487924","0.006970699822769566","0.022660654662417738","0.012498446040094832","9.715392131718844E-4","0.010266350428237163","0.004749526767323494","0.027946418685624752","0.026617714692910566","0.003448897516037234","0.0014748211686581717","0.01598760519197636","0.006717516940001239","0.012055606038816096","0.004301279786571114","0.012215710766133656","0.04479135879006634","0.001884678953891712","0.00601957896425639","0.005491509725735925","0.0010834879617831277","0.23701749038494704","1.698497752466163E-4","0.00471000051791711","3.390056913747661E-4","0.009393413845892713","0.005522572784823485","5.101427824053627E-4","0.002746285631640278","8.993509436739411E-4","0.0031245115637576937","5.883777229009781E-4","0.009341911308416327","6.784362052961119E-4","0.014859083181070447","7.557569958783022E-5","0.0029835197057259282","5.484458074137136E-4","1.6058996399702396E-4","2.3549046179494341E-4","4.591391060982982E-5","1.1585817765001601E-4","5.809814251688628E-4"
"15","0.0318431230207567","0.026939887865317143","0.024763102724466617","0.0016637674097143825","0.017157173289581558","9.02399494029731E-5","0.016723296216530712","3.036273146685886E-4","0.0013552675229665514","0.0036866376781060635","7.85393918022733E-4","0.0013510553402963988","7.896285806574159E-4","0.0017521221711081756","0.003760516781523571","0.0013511757420632162","1.2054940440115953E-5","0.022811043758641833","7.572145613945101E-4","0.07405359663104541","0.02771355015177781","2.5413410648986303E-4","0.025919798393727423","5.922586577681104E-4","4.250671779136975E-4","0.003181693899462809","9.736564002151739E-4","0.0018730373857612822","1.6276598795757322E-4","0.010106529230889462","0.007421957865432482","0.009978781174646765","0.04407172485589036","2.8819985805563994E-4","0.0014469050736101877","0.014221125277516579","8.012915247823744E-4","0.0021156883437849425","0.003874692491637214","0.0014042100879456698","7.785654837510851E-4","0.0012166081033396345","0.0036641670407589868","0.002290337296789108","0.008917897591055905","0.0036249239353154912","0.024037547185190532","3.4136991385357035E-4","0.02004734623258777","0.0017428464153238718","7.475084066974147E-4","0.013462105317974291","0.00402068704979036","5.882668594194928E-4","5.334534513427699E-4","0.0011575854220431958","0.005675425579027123","1.1432391841289314E-4","0.0038147343860125567","4.135551458792276E-4","0.0015763315199842321","0.0011989170741634038","5.371076577583711E-4","0.005990305877407725","0.0018609888766315417","1.5868484990041215E-4","2.5086484786730897E-4","2.542438733427564E-4","4.1593982468643605E-4","2.1812269643773637E-4","1.221364199614702E-4","3.0205429787810283E-4","6.813023783525698E-4","0.002691446396330804","7.842373048081621E-4","0.0029688331372816176","0.0017429968308517942","1.072203043923528E-5","0.0014543679703609318","0.0011156170110091452","0.0027034401050164037","6.471136500490445E-4","1.1201793619648605E-5","5.53762070775527E-4","0.00155450219348078","7.77282043460439E-5","3.042281155068348E-5","0.0015493407247033277","0.0010528614357315745","1.850386300942455E-4","1.958853588113617E-6","5.523618435804782E-7","5.819263591041556E-6","4.2842829201933944E-4","4.555596607169728E-6","1.6106684799804266E-5"
"14","0.025815422291935564","0.04515397155011633","0.014944199910688658","0.2059288051354692","0.011132597723764764","0.0017819337304435631","0.06710583023571591","0.06801586643619652","0.06568731498429875","0.2391170907566195","0.002647903402563566","0.002524537937308522","0.04192894341405228","0.20161102776894196","0.002767047184028985","0.10271376595917718","6.623352163590782E-6","0.013786143714390428","0.011790159882412004","0.04313330992260156","0.01725009036673494","0.0013312563558942714","0.016238285287290113","0.0031321138861276094","0.07314540031711843","0.07202139198613973","0.0748468503863597","0.0029282991681900336","0.04548628443744377","0.0783438896448033","0.009869610959628293","0.007419381610722407","0.03252075732331675","0.06643502920975417","0.06426907448118645","0.0128018856161716","0.039078564105628176","0.10273853628128683","0.006445391934893396","0.1021017546160504","0.04141224019948926","0.01300857135606469","0.0030401318724613303","0.00954217880058225","0.005385483277540454","0.003809994537537942","0.014590888972400354","0.0024952100007009977","0.012347506120642386","0.006064131612118673","0.011627143699766043","0.009264303278533255","0.0028760502067802633","0.0030113166811053553","0.008091007035979876","0.002017407319638738","0.007071419225655676","7.235817435974081E-5","0.002739493206650631","2.7745605334591507E-4","0.005609301187393023","0.004524344043241767","0.004826764249432584","0.005643627322514721","0.002906489704026968","2.6482815500618865E-4","3.486773631856833E-4","0.0013228980193280627","0.006562093534718599","9.443687887955931E-4","0.002245556181132919","6.149643952127368E-4","0.0012643528561813932","0.0016894032223230145","0.0025895220535401566","0.0023173994970217375","0.0023146572949985073","4.098697528284114E-6","0.002480923377895012","0.0015448353841086167","0.002119917602883482","3.3953015381792427E-4","3.3889013177120045E-4","5.677207104416953E-4","0.0011268230356004153","2.589750550570573E-4","4.6604992099855484E-5","0.0014236913647294777","8.511348918653898E-4","0.0012053850916672031","1.4529551511787832E-4","1.1660436056478526E-4","1.1474114821375229E-5","3.126264738595862E-4","5.1412275504154445E-6","2.7118972146869714E-4"
"37","0.39067853912930983","0.42353617032482693","0.3216137919288692","0.2909112123524684","0.2690692030040875","0.007559124541017171","0.21982941924579216","0.19866738739296255","0.6856422305635016","0.31864899661912344","0.020396830920508632","0.020008308688992713","0.13210672292277126","0.26917290122067294","0.02044346572086331","0.10616091786219237","0.016057835771859076","0.040829099794857694","0.04743857004536981","0.10016769406418168","0.09641286697394655","0.016078886995906948","0.10393808154885867","0.027896494197924022","0.22586909148761813","0.7723759729823414","0.20467183388934573","0.013153310355592451","0.16023034474561554","0.10353144155258077","0.07047688683188026","0.05943521497418104","0.07171140044531586","0.1789740096921482","0.6573476034892609","0.06828425100036997","0.11723564026771324","0.0954243696762296","0.044363316179068614","0.09755132081673865","0.12004599354266642","0.27070169127591753","0.057257882170328525","0.05869873351109966","0.05623736812432242","0.03640767332277393","0.02853278599650495","0.04553934151011332","0.02436872318210084","0.02957354818450531","0.035990231935573325","0.018767322507636262","0.046952472333947476","0.01736357190139915","0.03200799894289532","0.019480573054449918","0.018334776352214713","0.025348160972177666","0.006532561164383981","8.629073135194454E-4","0.024601280111584908","0.025381347861076476","0.017044240877796484","0.009779075057983233","0.003037204905803772","0.015206096070781905","0.0044667517831811394","0.004540525844805936","0.010237582190516665","0.013401012037347983","0.011407567325033383","0.010505938239561086","0.008811211378500298","0.0076723896248341705","9.692460382128223E-4","0.008712944889231359","0.006393353160016066","0.001883549099985608","0.002243933820370865","0.00689324195507192","0.0032242045286006373","0.0030073779317055034","0.004821399553788295","0.0030949487121369685","0.005273161506917632","4.7230198933460025E-4","0.0021717864103043185","0.007982762006880804","0.0031972188518534137","0.0027831596519121613","0.0023900151169450106","0.0012706315370039714","0.0014073159789342521","6.763842082563408E-4","8.772287026179976E-4","4.561334184046649E-4"
"30","0.04094898375805707","0.013252689734164325","0.005579552169409156","0.00660171834523843","0.001825415371835638","0.0033638108790602756","0.010669551909859002","0.007318905688999987","0.008349515817149386","0.007210207942794488","0.001805190027196971","0.0018226152795366678","0.0029072773424235854","0.00605463107549227","0.014716086941610773","0.0046339503287631855","6.278452934204924E-4","0.007396189494109211","0.0016687233098094654","0.01961165224870001","0.010861206921626142","0.1615956365953937","0.030052437641905693","0.0018870436231819985","0.010897205394078926","0.004947202702645219","0.005631308434205942","0.005046010888881624","0.0047347392011859","0.011429870871607515","0.00986501212861598","0.008327170228741746","0.0075085559665282785","0.006784188992537679","0.007817761775760169","0.028867947981945315","0.004596231451740938","0.004577140266566876","0.011484248215429921","0.004202767413418509","0.0025830471961838233","0.020047165972823036","0.007753277324956132","0.018939564148206352","0.06380361330879443","0.017120304787751568","0.009132136985407678","0.019811693651855044","0.003400144447927752","0.0033043986597661905","0.0015571252258310046","0.006168379024340308","0.08840667066354634","0.0016463266361997516","0.008120673056888917","0.20136116187414307","0.0218249377742075","0.005646542465932575","0.014249433122946038","0.0033005470416397776","0.13729312164242982","0.17574683459706358","0.003115692014962481","0.03025994008553376","0.004784523685737962","0.0011588782491119875","0.029672595201609944","0.1602458087537967","0.007729210889059489","0.03298580156147014","0.019401017978472036","6.257478395301993E-4","0.08801995520500071","0.006804569830408065","0.0011051326317148777","0.0017424333056932498","0.012406103179409156","3.112683982045737E-4","9.64552055601335E-4","0.020652046236207942","0.0039147056599160976","0.004149923651074335","0.0016791477531367788","0.004135497631738948","0.00414915139810578","0.004069025773725832","4.1673279239035294E-4","0.015844778308973774","0.002939148634645865","0.0013405824707572388","2.3820100865983845E-4","5.490083343050018E-5","9.299936561542874E-4","2.5232371623627834E-4","2.2896315025528198E-4","5.44230525401877E-4"
"18","0.6145702652127577","0.4648570588458448","0.5214191939645473","0.23404839588809942","0.4283942668880008","0.0032521096967055535","0.269735234922656","0.09898919050662562","0.09928455254216238","0.2830127067621829","0.011730085729875451","0.013669693664208721","0.07490497101087935","0.22981553207207758","0.015345156226731558","0.0583443099418372","0.002786940066204415","0.04156214737792887","0.033450602892814485","0.13753603782965385","0.08000664421742841","0.010509795220563717","0.09327159670620869","0.019962608424206725","0.12769484579663637","0.1158594574648809","0.11198970323728756","0.019932963794101716","0.14817553220063398","0.1286223342004043","0.07026794800193549","0.04479523503600432","0.08395274808361335","0.09725959325706847","0.09784184462264381","0.09115829833656977","0.07793835956550162","0.06386465153701987","0.057835276148770716","0.058060259906032766","0.074304147970841","0.06980077247536791","0.040401480447253994","0.06978033008338874","0.12573630490128762","0.05079976024892033","0.04003264042094364","0.08582496206617836","0.03278479962289189","0.04178451868647882","0.0330616170705959","0.02317002673986302","0.18507303848320814","0.02001448814785794","0.038334974314471165","0.05728696317035288","0.0348908019123455","0.024202399357312727","0.015578474005317462","8.305999579292242E-4","0.07000762014007078","0.064242586243656","0.024165198386574757","0.012298314492122027","0.01999794028054262","0.02421575524474973","0.010790166908818271","0.01045528365524273","0.01655351096069464","0.06508466480072438","0.01401067310492104","0.016112241095764892","0.01281906381491089","0.010932697876136016","0.011378482943583446","0.007943757049570108","0.014466515401056741","0.0027584501374410897","0.013433575064504962","0.013177910228189904","0.004511692676474162","0.007745479615512437","0.005927913043021064","0.004470866716215304","0.011910740097779196","6.646475788631977E-4","0.0034539000349127435","0.028695864851622586","0.0021827732428230315","0.002066269513018121","0.002754605868130912","0.0016800931607489217","0.001631896129023365","8.341420265353361E-4","9.866434269594723E-4","6.44368637205172E-4"
"6","0.4551412027664647","0.41352624297795176","0.4257903752639755","0.20984279431153047","0.36532536407108623","0.0052072871516377715","0.21763873122136404","0.10752136771041697","0.12872683091438475","0.22922701753894206","0.3601409213477988","0.0058144965735326725","0.0790346253454053","0.20167373982096656","0.01982936789877208","0.06815057207439476","0.005894274422134126","0.033662596545573596","0.04846194271742776","0.11251818590089015","0.06406339784630508","0.017061844959904857","0.07505581425108977","0.025607064654863225","0.17492222055594758","0.12213764189796769","0.0971852071303158","0.02076898092167061","0.10729366157341355","0.11072960637290692","0.05361191546088285","0.0478188173294713","0.06339739496909097","0.10133560487398388","0.1224739975681756","0.0777126871933946","0.07380643864146416","0.06205925238752798","0.049296236817325645","0.0656782846519074","0.07549655679948587","0.07281010969356332","0.13707343629026206","0.05897736998422797","0.09638554735757551","0.08525033720530258","0.0350094481416079","0.07271206700313877","0.025769271872339156","0.08603913780466109","0.04506745590200888","0.01745006139281764","0.13968123095137822","0.02341500581404169","0.2320467475520065","0.050323664350959196","0.027847660094801593","0.02296774889126667","0.01699546476851966","8.127608922057931E-4","0.054079307950331446","0.05304045177412317","0.016910945257401194","0.010428916513857609","0.018635657348077247","0.02646174542470854","0.01261604980551406","0.014627065742413868","0.013756938747774321","0.04545393466344867","0.006505663269979466","0.01929181461747845","0.012219263495173128","0.010702828668448969","0.3466176972102324","0.006788519165690604","0.011494314673494849","0.002931852980429758","0.002140443945018174","0.01439288068489761","0.004259814975752746","0.007855462589890411","0.007180932196312467","0.006624959635022749","0.009919669242238905","0.00696953659021491","0.003635708214351995","0.021224493085268362","0.0053750321366266155","0.005525170343083714","0.002142521889138117","0.0024068918156443307","0.0015692466943993811","6.716555172928357E-4","0.0010692693134100343","0.0010005079895502181"
"16","0.03333473570509395","0.050706532560426947","0.031161095772739438","0.4182354264483225","0.02479082816413345","0.0052540929606453715","0.999","0.048062335392627345","0.2700471684647464","0.48030969887956304","0.00456334085029766","0.004411605907947397","0.043165202204771554","0.40620651339040464","0.011803942257857322","0.999","0.0038783547058094995","0.01733991136216433","0.011132167290919759","0.04627362576021121","0.0674185443273283","0.013077885859782404","0.07074089700654426","0.015102049180581585","0.07977081684879193","0.30140086210262246","0.04116548887480684","0.009910088269715862","0.06723331376301799","0.2125886737022734","0.058797847555614666","0.04713675879965912","0.05271772319678285","0.04388077507551303","0.2616536519297768","0.03992970830255216","0.029041760556156405","0.999","0.029666621177050826","0.999","0.0405525018314562","0.12437151142952031","0.04674273804075715","0.028633717566141876","0.020081133177126648","0.036151342442260606","0.013855721713388402","0.006817130581857162","0.0111368569139455","0.015499981433107293","0.008937814999532907","0.007436993455171392","0.01369908660233084","0.012659123883328653","0.03389567854459047","0.023084573067241643","0.021904437863147257","0.011248456430433325","0.00917334229044523","6.344007832841198E-4","0.025287137132798166","0.02720336296040373","0.0179541111594646","0.010953689066270094","0.00795552038148555","0.007060842735215536","0.007737050699305525","0.010895629391532748","0.021280205723153686","0.00727364530287101","0.018034184656831168","0.007383277178301959","0.008253771108264536","0.004223138457371925","0.0011182826045071862","0.0044096956279021755","0.0062013686176986965","0.001040888116225861","0.0011188191614338217","0.0028211716495283486","0.003297578723684557","0.0013896050220188567","0.00247227904524437","0.0023675185978191153","0.0022209360729799114","0.002306491689196262","0.0021376152573800763","0.0017593967251534795","0.005569604394961742","0.0015465068733349445","0.0011531101575847841","9.095346219757869E-4","6.750435461916449E-4","3.863614162332352E-4","3.8350534681820574E-4","9.200216893976899E-4"
"23","6.286088570723138E-4","3.610527408317206E-4","4.540011757396992E-4","0.0028916893829790263","2.6316362658305336E-4","1.3670438541672815E-4","0.0015737955450771262","1.5862570078436093E-4","8.204109590411538E-4","0.0033267826322274955","8.769270564812759E-5","5.39129522347043E-4","0.004631895864405502","0.002834886808881476","4.5756655098717874E-5","0.001482179803366156","3.9625338450895755E-5","6.692867398203851E-4","0.00487253331806639","4.3120047595876515E-4","8.834644063880794E-4","3.1815589705368836E-4","0.001332433946880759","0.004211282597529185","6.249400507539917E-4","8.685885425723826E-4","8.325515479770567E-5","9.984696631548343E-4","3.694734855484994E-4","0.0026026167343694935","0.0011169030101219131","0.003756657736683192","4.546005798659334E-4","1.6004131479600194E-4","8.012440757208047E-4","0.004303447564192582","0.004937082145575223","0.0014801655755438713","0.003983171562925523","0.0014737531175697124","0.004593898205618999","0.001138486221271846","0.0010725442589207173","8.785366991271086E-4","0.006491639472811574","0.0019632500210880893","1.860786627798509E-4","4.1810486771665047E-4","1.85784121652898E-5","2.3243328515042488E-4","0.004834491082661464","9.017107674662562E-5","0.0019233913389855918","0.004187516378723537","8.005000540172253E-4","0.003614705544186816","0.0031266872080607413","2.1593296161745087E-4","4.140106699565702E-5","0.003183499309435507","0.005237861640488041","0.004910249029653894","4.582681122890908E-4","5.670196438128119E-4","9.934292316669594E-4","0.0010267136645470982","0.0013238633962759714","3.265927084176591E-4","0.0013605347624818325","8.023821212180991E-4","0.003711806564404273","0.001150629555729446","0.0014756423747294513","2.247030118104352E-5","8.642456018964539E-5","4.4255758268472637E-4","0.0012427235548374104","4.068963943098274E-5","5.311507661340234E-4","6.373925698450949E-4","4.322469239987887E-5","4.8335820853721346E-4","2.2330944948446847E-5","9.155318834930938E-6","3.50821104445073E-5","6.2133954480950296E-6","6.085370672018581E-5","0.0011123738182209485","3.0903793323752124E-4","2.814681226628372E-5","2.891494337144839E-5","4.54994206746454E-5","2.363873099364984E-5","1.3721516790706242E-5","2.778057808395207E-5","4.486401373114078E-5"
"34","0.10525848937591338","0.09668951974886254","0.07483507881757007","0.12904691313187924","0.061099266911987096","0.01578452418789726","0.06884260205997446","0.10008324827475319","0.1066293212230482","0.13852319742106747","0.011375196397044384","0.010934365574191848","0.999","0.11832214002870975","0.03307825576397273","0.06783186400866548","0.009087195285707424","0.033573367425870915","0.999","0.08230083144630986","0.09620746515754755","0.04370953642828742","0.10000026660173894","0.999","0.10795703156612971","0.10853454010274437","0.10283720689752493","0.06949831279243687","0.07558002671543905","0.050878859737544455","0.1119010545665562","0.9597513765109034","0.06318835980440989","0.08998499095591707","0.09663884832426457","0.8897100802233704","0.999","0.06269994346035607","0.80524308282844","0.0633124308317944","0.999","0.041575632231032555","0.07561977897956322","0.03167219889377591","0.999","0.10308820058039382","0.02761278299691899","0.03435415590666244","0.01969850287958724","0.021582831898390345","0.999","0.015833939382565613","0.06501611025852609","0.999","0.014163402046619521","0.12455421634482289","0.10399717584095747","0.013524786234432064","0.025449645635698053","0.0016564469311051578","0.17488265178029636","0.16147496710909315","0.009984034860683298","0.021549841054105883","0.06395757990327232","0.016625813565151585","0.020030875701732204","0.037648871775790835","0.025591946965344226","0.02589603146949049","0.12397564231951166","0.01538546141552249","0.031120441430142864","0.008353953362034787","0.0014805553030059731","0.0035960158274943766","0.03965000811649775","0.0017328177662253477","0.0018491227740882236","0.02333496035775306","0.00518394025899439","0.01564487636816622","0.002574676545036741","0.0027131892425248977","0.004860631813681031","7.767287734646554E-4","0.001971651302111755","0.02774226693528027","0.0018089577912157406","0.0022406031350981977","0.0017970946570657605","0.001606128107012851","0.0012723226123693536","6.93219278934422E-4","8.187096601440346E-4","9.625361321365501E-4"
"4","0.2770236790151988","0.17883667780803433","0.26084899961215047","0.09120915384821436","0.21163930872704967","0.002839042347048465","0.17358165127336794","0.004479879761203505","0.007486104945624888","0.113849332984993","0.0067109288773302325","0.002976698024848566","0.007989195113998166","0.08960099927865518","0.006731926667562943","0.01300300000958338","0.0024646839245141767","0.025496157469242643","0.009652942789031359","0.07874267389278193","0.7853965967727222","0.006085467947237094","0.6705748499432969","0.007033563318381911","0.021998068553667007","0.010831844131828229","0.010659426273337694","0.03537115735830237","0.0617937497956942","0.13449394878214743","0.58043403286974","0.6226762280075032","0.10149145610995598","0.004489358502212056","0.007564975044008681","0.4092055597185024","0.012499477708297865","0.01664736348275883","0.30050008055408756","0.012907332136667376","0.007942392063089922","0.06659667465108653","0.4699310195495594","0.058026847624016","0.07453211202806939","0.2968362253634663","0.024055603118021435","0.04937134207605404","0.018177807381267015","0.031012264847172278","0.009561925482055556","0.0130082279075902","0.12528593898323026","0.007049527096664562","0.013680707242887693","0.03577362878281941","0.018193458150930156","0.014825099016700632","0.007009034705356987","0.007669869988314351","0.03661128251634937","0.03668643803381583","0.015166222631164624","0.010976100094329769","0.03531767572490609","0.016447700423228715","0.014039832295842016","0.006148252058862695","0.017432998603816603","0.04660347397807107","0.012561649768557413","0.011097711503761567","0.015912913752941838","0.01049896601950787","0.006596893103915621","0.005648647257200057","0.013846447238135924","0.0025181274599316477","0.003081703738783609","0.018258156864755223","0.0033655775090850985","0.011363178597798456","0.003610878691451882","0.0037931727388009076","0.001723089479142561","0.004603924918764368","0.003768745728713428","0.03697810781204789","0.013210755813677167","6.804545604012745E-4","0.002048049293423799","0.0016050740987837825","0.0016008132762184526","4.302816367829385E-4","0.0010693639326821275","3.8051627523852085E-4"
"7","0.030304751915121577","0.018890694618745683","0.0028436464827234346","0.0079377365317155","0.0029713628755773974","0.002719055400307269","0.02766461372778529","0.006847037916559555","0.009252710001793759","0.003916227634600897","0.007963047078585367","0.004773004478614741","0.041122154845031324","0.007645507743363532","0.052459868981120865","0.004582998492320108","7.743472293791491E-4","0.004434230298030822","0.04300684116979893","0.018520174384700095","0.03775669414528858","0.014690240981082278","0.040818510006495286","0.03463886168038704","0.007545530186801382","0.004989630422292331","0.002250733261810922","0.557307045026905","0.019988915146473874","0.034373833921890785","0.3767196394560854","0.047281887192979995","0.012538469909228403","0.0065792466087378","0.008938557876568443","0.061024235619809616","0.04124850095146988","0.0028244431591872713","0.3729049420994148","0.004490223189040937","0.04070056705307389","0.034489352511168594","0.047614909009803565","0.03301542481792097","0.04334354586390169","0.4399969602052198","0.004047914947824223","0.003209141255554671","3.1697358028499146E-4","0.0025009715068983777","0.042518520469244515","0.0055604428763635074","0.016345359894863035","0.034424321150587356","0.0021827455967416286","0.05434514955985903","0.05826506361540625","0.0030069362955846084","0.051740693449999764","0.44023221722275396","0.028021963167107148","0.026591402611759338","0.003442811522642196","0.009527581288457928","0.5532731536017604","0.021817703392090056","0.02159280414246461","0.014588900314896519","0.016323422630219755","0.0027084672249468827","0.004696917653920453","0.03098760489495253","0.00802743410301573","0.0021431481986783326","0.007808829822540344","2.565923530185686E-4","0.0019055762363559504","7.829520090605152E-4","0.004677317601425155","0.007527782193837313","0.0033956610815671705","0.0012358036502524668","1.8391250279202118E-4","6.691900091268863E-4","0.002405830949641095","2.631267247470073E-4","0.0019963815490389443","0.001692071312724303","0.03604618254965589","0.0015565782109519246","0.001606893614243869","9.242880772292988E-4","6.148292927415932E-4","5.236731552508103E-4","8.06492461991725E-4","9.67103449147134E-4"
"33","0.2592817096346167","0.18885666717571156","0.23666953776746089","0.16780245770334049","0.1956132840322484","0.20221184322627805","0.13123500709622798","0.11868638489299053","0.1172933038397284","0.0876582599509575","0.13497586253446867","0.12225325484330749","0.09500008917450634","0.058808800076174034","0.10285809114198986","0.07171044520817076","0.0990920706085499","0.10263012820913565","0.09100587102818766","0.0912281542737423","0.04973642905996415","0.10156293158117947","0.060535161773871894","0.08903241264470456","0.04608394978689193","0.02866812773334462","0.025141311856005464","0.07590462246625776","0.03972075476048558","0.05001008663041452","0.02937909520110133","0.030037815867806825","0.057521305848041875","0.01231528525517153","0.014014984183205865","0.05193778593117401","0.03348018904134844","0.02639405832103228","0.03707726305487114","0.018339853939271154","0.02229463838981469","0.031056347590918253","0.025459424736466077","0.028895169662880263","0.06962211821126346","0.03424782524153447","0.03360056296035177","0.029039190904802177","0.02353380231964208","0.026606639413635644","0.01692226757855966","0.016534206464977448","0.018296410098414168","0.019617278174759136","0.05741021019129629","0.07300448300563372","0.0565224626928462","0.012700141893210169","0.008852536680770115","0.011214721949360731","0.09705436742970582","0.09394787490178848","0.009189893636090261","0.015844123011448726","0.007250953691697025","0.015103520251504077","0.015038106447381353","0.025249202994507062","0.01779126901056649","0.007965242372859024","0.07526520377970398","0.013412103935895849","0.010516107495651676","0.008839458890727236","0.0044549267057238055","0.0038303066660441932","0.022697239162001292","0.00386335366297549","0.0033546665656265682","0.008089147430089056","0.003364547588900733","0.008888640764421505","0.003012432254303659","0.002506893795752656","0.0021950532234159786","5.983820520483881E-4","0.0016878896026460617","0.00858399900291072","0.0020071842257376868","7.384125326042154E-4","9.227795183476536E-4","0.0010334770264333773","0.0010565302089220018","6.529758162267792E-4","4.907459267613321E-4","2.4576288461476616E-4"
